airport_id,origin_codes,station_ids,unique_station_count,usable_assigned_days,minimum_month_usable_days,assignment_gap_days,assignment_ambiguous_days,weather_missing_days,weather_suspect_days,weather_erroneous_days,weather_ambiguous_days,weather_unparsed_days,usable_m01,usable_m02,usable_m03,usable_m04,usable_m05,usable_m06,usable_m07,usable_m08,usable_m09,usable_m10,usable_m11,usable_m12,stage_a_qualified
10135,ABE,USW00014737,1,365,28,0,0,0,0,0,0,0,31,28,31,30,31,30,31,31,30,31,30,31,True
10136,ABI,USW00013962,1,365,28,0,0,0,0,0,0,0,31,28,31,30,31,30,31,31,30,31,30,31,True
10140,ABQ,USW00023050,1,365,28,0,0,0,0,0,0,0,31,28,31,30,31,30,31,31,30,31,30,31,True
10141,ABR,USW00014929,1,365,28,0,0,0,0,0,0,0,31,28,31,30,31,30,31,31,30,31,30,31,True
10146,ABY,USW00013869,1,363,28,0,0,1,0,1,0,0,30,28,31,30,31,30,31,30,30,31,30,31,True
10157,ACV,USW00024283,1,365,28,0,0,0,0,0,0,0,31,28,31,30,31,30,31,31,30,31,30,31,True
10170,ADQ,USW00025501,1,365,28,0,0,0,0,0,0,0,31,28,31,30,31,30,31,31,30,31,30,31,True
10208,AGS,USW00003820,1,342,16,0,0,23,0,0,0,0,31,28,31,30,31,30,27,16,30,31,30,27,False
10245,AKN,USW00025503,1,364,28,0,0,1,0,0,0,0,31,28,30,30,31,30,31,31,30,31,30,31,True
10257,ALB,USW00014735,1,365,28,0,0,0,0,0,0,0,31,28,31,30,31,30,31,31,30,31,30,31,True
10268,ALO,USW00094910,1,365,28,0,0,0,0,0,0,0,31,28,31,30,31,30,31,31,30,31,30,31,True
10275,ALW,USW00024160,1,365,28,0,0,0,0,0,0,0,31,28,31,30,31,30,31,31,30,31,30,31,True
10279,AMA,USC00410213,1,365,28,0,0,0,0,0,0,0,31,28,31,30,31,30,31,31,30,31,30,31,True
10299,ANC,USW00026451,1,365,28,0,0,0,0,0,0,0,31,28,31,30,31,30,31,31,30,31,30,31,True
10333,APN,USW00094849,1,360,27,0,0,5,0,0,0,0,31,28,29,27,31,30,31,31,30,31,30,31,True
10361,ART,USW00094790,1,365,28,0,0,0,0,0,0,0,31,28,31,30,31,30,31,31,30,31,30,31,True
10372,ASE,USW00093073,1,364,28,0,0,1,0,0,0,0,31,28,31,30,31,29,31,31,30,31,30,31,True
10397,ATL,USW00013874,1,365,28,0,0,0,0,0,0,0,31,28,31,30,31,30,31,31,30,31,30,31,True
10408,ATW,USW00004825,1,29,0,0,0,335,0,1,0,0,0,0,2,4,0,0,1,2,8,6,4,2,False
10423,AUS,USW00013904,1,365,28,0,0,0,0,0,0,0,31,28,31,30,31,30,31,31,30,31,30,31,True
10431,AVL,USW00003812,1,365,28,0,0,0,0,0,0,0,31,28,31,30,31,30,31,31,30,31,30,31,True
10434,AVP,USW00014777,1,365,28,0,0,0,0,0,0,0,31,28,31,30,31,30,31,31,30,31,30,31,True
10469,AZO,USW00094815,1,364,28,0,0,1,0,0,0,0,31,28,30,30,31,30,31,31,30,31,30,31,True
10529,BDL,USW00014740,1,365,28,0,0,0,0,0,0,0,31,28,31,30,31,30,31,31,30,31,30,31,True
10558,BFF,USW00024028,1,365,28,0,0,0,0,0,0,0,31,28,31,30,31,30,31,31,30,31,30,31,True
10561,BFL,USW00023155,1,365,28,0,0,0,0,0,0,0,31,28,31,30,31,30,31,31,30,31,30,31,True
10577,BGM,USW00004725,1,365,28,0,0,0,0,0,0,0,31,28,31,30,31,30,31,31,30,31,30,31,True
10599,BHM,USW00013876,1,365,28,0,0,0,0,0,0,0,31,28,31,30,31,30,31,31,30,31,30,31,True
10620,BIL,USW00024033,1,365,28,0,0,0,0,0,0,0,31,28,31,30,31,30,31,31,30,31,30,31,True
10666,BLI,USW00024217,1,364,28,0,0,1,0,0,0,0,31,28,31,30,31,30,31,31,30,31,29,31,True
10685,BMI,USW00054831,1,342,24,0,0,23,0,0,0,0,24,27,30,30,30,30,30,28,29,29,29,26,True
10693,BNA,USW00013897,1,365,28,0,0,0,0,0,0,0,31,28,31,30,31,30,31,31,30,31,30,31,True
10713,BOI,USW00024131,1,365,28,0,0,0,0,0,0,0,31,28,31,30,31,30,31,31,30,31,30,31,True
10721,BOS,USW00014739,1,365,28,0,0,0,0,0,0,0,31,28,31,30,31,30,31,31,30,31,30,31,True
10728,BPT,USW00012917,1,362,27,0,0,3,0,0,0,0,31,27,31,30,31,30,31,31,29,31,29,31,True
10739,BRD,USW00094938,1,303,0,0,0,62,0,0,0,0,31,27,31,30,31,30,31,31,30,31,0,0,False
10779,BTM,USW00024135,1,365,28,0,0,0,0,0,0,0,31,28,31,30,31,30,31,31,30,31,30,31,True
10781,BTR,USW00013970,1,364,28,0,0,1,0,0,0,0,31,28,31,30,31,30,31,30,30,31,30,31,True
10785,BTV,USW00014742,1,365,28,0,0,0,0,0,0,0,31,28,31,30,31,30,31,31,30,31,30,31,True
10792,BUF,USW00014733,1,365,28,0,0,0,0,0,0,0,31,28,31,30,31,30,31,31,30,31,30,31,True
10800,BUR,USW00023152,1,365,28,0,0,0,0,0,0,0,31,28,31,30,31,30,31,31,30,31,30,31,True
10821,BWI,USW00093721,1,365,28,0,0,0,0,0,0,0,31,28,31,30,31,30,31,31,30,31,30,31,True
10849,BZN,USW00024132,1,361,27,0,0,2,0,2,0,0,29,27,31,30,31,30,31,31,29,31,30,31,True
10868,CAE,USW00013883,1,365,28,0,0,0,0,0,0,0,31,28,31,30,31,30,31,31,30,31,30,31,True
10874,CAK,USW00014895,1,365,28,0,0,0,0,0,0,0,31,28,31,30,31,30,31,31,30,31,30,31,True
10918,CDC,USW00093129,1,364,28,0,0,1,0,0,0,0,31,28,31,30,31,30,31,30,30,31,30,31,True
10980,CHA,USW00013882,1,365,28,0,0,0,0,0,0,0,31,28,31,30,31,30,31,31,30,31,30,31,True
10990,CHO,USW00093736,1,364,28,0,0,1,0,0,0,0,31,28,31,30,31,30,31,30,30,31,30,31,True
11003,CID,USW00014990,1,355,20,0,0,10,0,0,0,0,31,28,31,30,31,30,31,31,20,31,30,31,True
11027,CKB,USW00003802,1,365,28,0,0,0,0,0,0,0,31,28,31,30,31,30,31,31,30,31,30,31,True
11042,CLE,USW00014820,1,365,28,0,0,0,0,0,0,0,31,28,31,30,31,30,31,31,30,31,30,31,True
11049,CLL,USW00003904,1,365,28,0,0,0,0,0,0,0,31,28,31,30,31,30,31,31,30,31,30,31,True
11057,CLT,USW00013881,1,365,28,0,0,0,0,0,0,0,31,28,31,30,31,30,31,31,30,31,30,31,True
11066,CMH,USW00014821,1,365,28,0,0,0,0,0,0,0,31,28,31,30,31,30,31,31,30,31,30,31,True
11067,CMI,USW00094870,1,353,25,0,0,12,0,0,0,0,31,25,31,30,31,30,31,31,30,28,28,27,True
11109,COS,USW00093037,1,365,28,0,0,0,0,0,0,0,31,28,31,30,31,30,31,31,30,31,30,31,True
11111,COU,USW00003945,1,365,28,0,0,0,0,0,0,0,31,28,31,30,31,30,31,31,30,31,30,31,True
11122,CPR,USW00024089,1,364,27,0,0,1,0,0,0,0,31,27,31,30,31,30,31,31,30,31,30,31,True
11140,CRP,USW00012924,1,365,28,0,0,0,0,0,0,0,31,28,31,30,31,30,31,31,30,31,30,31,True
11146,CRW,USW00013866,1,365,28,0,0,0,0,0,0,0,31,28,31,30,31,30,31,31,30,31,30,31,True
11193,CVG,USW00093814,1,365,28,0,0,0,0,0,0,0,31,28,31,30,31,30,31,31,30,31,30,31,True
11233,CYS,USW00024018,1,365,28,0,0,0,0,0,0,0,31,28,31,30,31,30,31,31,30,31,30,31,True
11259,DAL,USW00013960,1,364,28,0,0,1,0,0,0,0,31,28,31,30,31,30,31,31,29,31,30,31,True
11267,DAY,USW00093815,1,365,28,0,0,0,0,0,0,0,31,28,31,30,31,30,31,31,30,31,30,31,True
11283,DDC,USW00013985,1,365,28,0,0,0,0,0,0,0,31,28,31,30,31,30,31,31,30,31,30,31,True
11288,DEC,USW00003887,1,358,26,0,0,7,0,0,0,0,31,26,31,30,31,30,31,31,30,31,29,27,True
11292,DEN,USW00003017,1,365,28,0,0,0,0,0,0,0,31,28,31,30,31,30,31,31,30,31,30,31,True
11298,DFW,USW00003927,1,363,28,0,0,2,0,0,0,0,31,28,31,30,31,30,30,31,29,31,30,31,True
11308,DHN,USW00013839,1,364,28,0,0,1,0,0,0,0,31,28,31,30,31,30,31,30,30,31,30,31,True
11315,DIK,USW00024012,1,340,21,0,0,25,0,0,0,0,31,22,30,26,31,30,31,31,30,31,26,21,True
11337,DLH,USW00014913,1,365,28,0,0,0,0,0,0,0,31,28,31,30,31,30,31,31,30,31,30,31,True
11413,DRO,USW00093005,1,365,28,0,0,0,0,0,0,0,31,28,31,30,31,30,31,31,30,31,30,31,True
11423,DSM,USW00014933,1,365,28,0,0,0,0,0,0,0,31,28,31,30,31,30,31,31,30,31,30,31,True
11433,DTW,USW00094847,1,365,28,0,0,0,0,0,0,0,31,28,31,30,31,30,31,31,30,31,30,31,True
11468,EAR,USW00014905,1,348,19,0,0,17,0,0,0,0,31,19,28,30,31,30,31,31,30,31,29,27,False
11470,EAT,USW00094239,1,365,28,0,0,0,0,0,0,0,31,28,31,30,31,30,31,31,30,31,30,31,True
11471,EAU,USW00014991,1,365,28,0,0,0,0,0,0,0,31,28,31,30,31,30,31,31,30,31,30,31,True
11481,ECP,USW00073805,1,356,23,0,0,9,0,0,0,0,31,28,31,30,31,30,31,23,30,30,30,31,True
11525,EKO,USW00024121,1,365,28,0,0,0,0,0,0,0,31,28,31,30,31,30,31,31,30,31,30,31,True
11540,ELP,USW00023044,1,365,28,0,0,0,0,0,0,0,31,28,31,30,31,30,31,31,30,31,30,31,True
11577,ERI,USW00014860,1,365,28,0,0,0,0,0,0,0,31,28,31,30,31,30,31,31,30,31,30,31,True
11603,EUG,USW00024221,1,365,28,0,0,0,0,0,0,0,31,28,31,30,31,30,31,31,30,31,30,31,True
11612,EVV,USW00093817,1,365,28,0,0,0,0,0,0,0,31,28,31,30,31,30,31,31,30,31,30,31,True
11617,EWN,USW00093719,1,362,27,0,0,3,0,0,0,0,31,27,31,30,31,30,31,29,30,31,30,31,True
11618,EWR,USW00014734,1,365,28,0,0,0,0,0,0,0,31,28,31,30,31,30,31,31,30,31,30,31,True
11624,EYW,USW00012836,1,365,28,0,0,0,0,0,0,0,31,28,31,30,31,30,31,31,30,31,30,31,True
11637,FAR,USW00014914,1,365,28,0,0,0,0,0,0,0,31,28,31,30,31,30,31,31,30,31,30,31,True
11638,FAT,USW00093193,1,365,28,0,0,0,0,0,0,0,31,28,31,30,31,30,31,31,30,31,30,31,True
11641,FAY,USW00093740,1,365,28,0,0,0,0,0,0,0,31,28,31,30,31,30,31,31,30,31,30,31,True
11695,FLG,USW00003103,1,364,28,0,0,1,0,0,0,0,31,28,31,30,31,30,31,31,29,31,30,31,True
11697,FLL,USW00012849,1,364,28,0,0,1,0,0,0,0,31,28,31,30,31,30,31,31,29,31,30,31,True
11699,FLO,USW00013744,1,365,28,0,0,0,0,0,0,0,31,28,31,30,31,30,31,31,30,31,30,31,True
11721,FNT,USW00014826,1,365,28,0,0,0,0,0,0,0,31,28,31,30,31,30,31,31,30,31,30,31,True
11775,FSD,USC00397666,1,365,28,0,0,0,0,0,0,0,31,28,31,30,31,30,31,31,30,31,30,31,True
11778,FSM,USW00013964,1,365,28,0,0,0,0,0,0,0,31,28,31,30,31,30,31,31,30,31,30,31,True
11823,FWA,USW00014827,1,365,28,0,0,0,0,0,0,0,31,28,31,30,31,30,31,31,30,31,30,31,True
11867,GCK,USW00023064,1,365,28,0,0,0,0,0,0,0,31,28,31,30,31,30,31,31,30,31,30,31,True
11884,GEG,USW00024157,1,365,28,0,0,0,0,0,0,0,31,28,31,30,31,30,31,31,30,31,30,31,True
11905,GGG,USW00003901,1,365,28,0,0,0,0,0,0,0,31,28,31,30,31,30,31,31,30,31,30,31,True
11921,GJT,USW00023066,1,365,28,0,0,0,0,0,0,0,31,28,31,30,31,30,31,31,30,31,30,31,True
11953,GNV,USW00012816,1,365,28,0,0,0,0,0,0,0,31,28,31,30,31,30,31,31,30,31,30,31,True
11973,GPT,USW00093874,1,361,28,0,0,4,0,0,0,0,31,28,29,30,31,30,31,30,29,31,30,31,True
11977,GRB,USW00014898,1,365,28,0,0,0,0,0,0,0,31,28,31,30,31,30,31,31,30,31,30,31,True
11980,GRI,USW00014935,1,365,28,0,0,0,0,0,0,0,31,28,31,30,31,30,31,31,30,31,30,31,True
11982,GRK,USW00003902,1,363,28,0,0,2,0,0,0,0,31,28,31,30,31,30,29,31,30,31,30,31,True
11986,GRR,USW00094860,1,365,28,0,0,0,0,0,0,0,31,28,31,30,31,30,31,31,30,31,30,31,True
11995,GSO,USW00013723,1,365,28,0,0,0,0,0,0,0,31,28,31,30,31,30,31,31,30,31,30,31,True
11996,GSP,USW00003870,1,365,28,0,0,0,0,0,0,0,31,28,31,30,31,30,31,31,30,31,30,31,True
12003,GTF,USW00024143,1,365,28,0,0,0,0,0,0,0,31,28,31,30,31,30,31,31,30,31,30,31,True
12007,GTR,USW00053893,1,362,28,0,0,3,0,0,0,0,31,28,30,30,31,29,31,31,30,31,29,31,True
12119,HGR,USW00093706,1,362,28,0,0,3,0,0,0,0,31,28,31,30,30,30,31,31,30,29,30,31,True
12129,HIB,USW00094931,1,303,0,0,0,62,0,0,0,0,31,28,30,30,31,30,31,31,30,31,0,0,False
12156,HLN,USW00024144,1,365,28,0,0,0,0,0,0,0,31,28,31,30,31,30,31,31,30,31,30,31,True
12191,HOU,USW00012918,1,365,28,0,0,0,0,0,0,0,31,28,31,30,31,30,31,31,30,31,30,31,True
12206,HRL,USW00012904,1,363,28,0,0,1,0,1,0,0,31,28,30,30,30,30,31,31,30,31,30,31,True
12217,HSV,USW00003856,1,365,28,0,0,0,0,0,0,0,31,28,31,30,31,30,31,31,30,31,30,31,True
12223,HTS,USW00003860,1,365,28,0,0,0,0,0,0,0,31,28,31,30,31,30,31,31,30,31,30,31,True
12264,IAD,USW00093738,1,365,28,0,0,0,0,0,0,0,31,28,31,30,31,30,31,31,30,31,30,31,True
12266,IAH,USW00012960,1,365,28,0,0,0,0,0,0,0,31,28,31,30,31,30,31,31,30,31,30,31,True
12278,ICT,USW00003928,1,365,28,0,0,0,0,0,0,0,31,28,31,30,31,30,31,31,30,31,30,31,True
12280,IDA,USW00024145,1,365,28,0,0,0,0,0,0,0,31,28,31,30,31,30,31,31,30,31,30,31,True
12323,ILM,USW00013748,1,365,28,0,0,0,0,0,0,0,31,28,31,30,31,30,31,31,30,31,30,31,True
12335,IMT,USW00094893,1,346,22,0,0,19,0,0,0,0,31,28,31,29,31,30,31,31,29,27,26,22,True
12339,IND,USW00093819,1,365,28,0,0,0,0,0,0,0,31,28,31,30,31,30,31,31,30,31,30,31,True
12343,INL,USW00014918,1,362,28,0,0,3,0,0,0,0,31,28,30,29,30,30,31,31,30,31,30,31,True
12391,ISP,USW00004781,1,365,28,0,0,0,0,0,0,0,31,28,31,30,31,30,31,31,30,31,30,31,True
12441,JAC,USW00024166,1,356,25,0,0,9,0,0,0,0,31,26,31,30,31,30,31,31,30,25,29,31,True
12448,JAN,USW00003940,1,365,28,0,0,0,0,0,0,0,31,28,31,30,31,30,31,31,30,31,30,31,True
12451,JAX,USW00013889,1,365,28,0,0,0,0,0,0,0,31,28,31,30,31,30,31,31,30,31,30,31,True
12478,JFK,USW00094789,1,365,28,0,0,0,0,0,0,0,31,28,31,30,31,30,31,31,30,31,30,31,True
12511,JLN,USW00013987,1,364,28,0,0,1,0,0,0,0,31,28,31,30,31,30,30,31,30,31,30,31,True
12559,JST,USW00004726,1,365,28,0,0,0,0,0,0,0,31,28,31,30,31,30,31,31,30,31,30,31,True
12758,KOA,USW00021510,1,365,28,0,0,0,0,0,0,0,31,28,31,30,31,30,31,31,30,31,30,31,True
12884,LAN,USW00014836,1,361,28,0,0,4,0,0,0,0,31,28,31,28,31,30,31,31,30,31,29,30,True
12888,LAR,USW00024022,1,365,28,0,0,0,0,0,0,0,31,28,31,30,31,30,31,31,30,31,30,31,True
12889,LAS,USW00023169,1,365,28,0,0,0,0,0,0,0,31,28,31,30,31,30,31,31,30,31,30,31,True
12891,LAW,USW00003950,1,362,27,0,0,1,0,2,0,0,29,27,31,30,31,30,31,31,30,31,30,31,True
12892,LAX,USW00023174,1,365,28,0,0,0,0,0,0,0,31,28,31,30,31,30,31,31,30,31,30,31,True
12896,LBB,USW00023042,1,365,28,0,0,0,0,0,0,0,31,28,31,30,31,30,31,31,30,31,30,31,True
12899,LBF,USW00024023,1,365,28,0,0,0,0,0,0,0,31,28,31,30,31,30,31,31,30,31,30,31,True
12902,LBL,USW00023020,1,173,0,0,0,192,0,0,0,0,31,28,29,30,15,19,7,0,0,14,0,0,False
12945,LEX,USW00093820,1,365,28,0,0,0,0,0,0,0,31,28,31,30,31,30,31,31,30,31,30,31,True
12951,LFT,USW00013976,1,364,28,0,0,1,0,0,0,0,31,28,31,30,31,30,31,31,29,31,30,31,True
12953,LGA,USW00014732,1,365,28,0,0,0,0,0,0,0,31,28,31,30,31,30,31,31,30,31,30,31,True
12954,LGB,USW00023129,1,365,28,0,0,0,0,0,0,0,31,28,31,30,31,30,31,31,30,31,30,31,True
12992,LIT,USW00013963,1,365,28,0,0,0,0,0,0,0,31,28,31,30,31,30,31,31,30,31,30,31,True
13029,LNK,USW00014939,1,365,28,0,0,0,0,0,0,0,31,28,31,30,31,30,31,31,30,31,30,31,True
13076,LSE,USW00014920,1,365,28,0,0,0,0,0,0,0,31,28,31,30,31,30,31,31,30,31,30,31,True
13127,LWS,USW00024149,1,365,28,0,0,0,0,0,0,0,31,28,31,30,31,30,31,31,30,31,30,31,True
13139,LYH,USW00013733,1,365,28,0,0,0,0,0,0,0,31,28,31,30,31,30,31,31,30,31,30,31,True
13158,MAF,USC00415893,1,365,28,0,0,0,0,0,0,0,31,28,31,30,31,30,31,31,30,31,30,31,True
13184,MBS,USW00014845,1,365,28,0,0,0,0,0,0,0,31,28,31,30,31,30,31,31,30,31,30,31,True
13198,MCI,USW00003947,1,365,28,0,0,0,0,0,0,0,31,28,31,30,31,30,31,31,30,31,30,31,True
13204,MCO,USW00012815,1,365,28,0,0,0,0,0,0,0,31,28,31,30,31,30,31,31,30,31,30,31,True
13211,MCW,USW00014940,1,365,28,0,0,0,0,0,0,0,31,28,31,30,31,30,31,31,30,31,30,31,True
13230,MDT,USW00014711,1,365,28,0,0,0,0,0,0,0,31,28,31,30,31,30,31,31,30,31,30,31,True
13232,MDW,USW00014819,1,365,28,0,0,0,0,0,0,0,31,28,31,30,31,30,31,31,30,31,30,31,True
13241,MEI,USW00013865,1,358,24,0,0,7,0,0,0,0,31,28,31,24,30,30,31,31,30,31,30,31,True
13244,MEM,USW00013893,1,365,28,0,0,0,0,0,0,0,31,28,31,30,31,30,31,31,30,31,30,31,True
13256,MFE,USW00012959,1,363,28,0,0,2,0,0,0,0,31,28,31,29,31,30,31,31,30,31,30,30,True
13264,MFR,USW00024225,1,364,28,0,0,1,0,0,0,0,31,28,31,30,31,30,31,30,30,31,30,31,True
13277,MGM,USW00013895,1,364,28,0,0,1,0,0,0,0,31,28,31,30,31,30,30,31,30,31,30,31,True
13282,MGW,USW00013736,1,365,28,0,0,0,0,0,0,0,31,28,31,30,31,30,31,31,30,31,30,31,True
13290,MHK,USW00003936,1,362,27,0,0,3,0,0,0,0,31,27,31,28,31,30,31,31,30,31,30,31,True
13296,MHT,USW00014710,1,365,28,0,0,0,0,0,0,0,31,28,31,30,31,30,31,31,30,31,30,31,True
13303,MIA,USW00012839,1,365,28,0,0,0,0,0,0,0,31,28,31,30,31,30,31,31,30,31,30,31,True
13342,MKE,USW00014839,1,365,28,0,0,0,0,0,0,0,31,28,31,30,31,30,31,31,30,31,30,31,True
13360,MLB,USW00012838,1,365,28,0,0,0,0,0,0,0,31,28,31,30,31,30,31,31,30,31,30,31,True
13367,MLI,USW00014923,1,365,28,0,0,0,0,0,0,0,31,28,31,30,31,30,31,31,30,31,30,31,True
13377,MLU,USW00013942,1,365,28,0,0,0,0,0,0,0,31,28,31,30,31,30,31,31,30,31,30,31,True
13422,MOB,USW00013894,1,365,28,0,0,0,0,0,0,0,31,28,31,30,31,30,31,31,30,31,30,31,True
13433,MOT,USW00024013,1,340,24,0,0,25,0,0,0,0,31,24,24,26,31,30,31,31,30,31,26,25,True
13476,MRY,USW00023259,1,365,28,0,0,0,0,0,0,0,31,28,31,30,31,30,31,31,30,31,30,31,True
13485,MSN,USW00014837,1,365,28,0,0,0,0,0,0,0,31,28,31,30,31,30,31,31,30,31,30,31,True
13486,MSO,USW00024153,1,365,28,0,0,0,0,0,0,0,31,28,31,30,31,30,31,31,30,31,30,31,True
13495,MSY,USW00012916,1,359,25,0,0,6,0,0,0,0,31,25,30,30,31,30,31,30,30,30,30,31,True
13502,MTJ,USW00093013,1,365,28,0,0,0,0,0,0,0,31,28,31,30,31,30,31,31,30,31,30,31,True
13577,MYR,USW00013717,1,270,0,0,0,95,0,0,0,0,0,0,1,30,27,30,30,30,30,31,30,31,False
13796,OAK,USW00023230,1,365,28,0,0,0,0,0,0,0,31,28,31,30,31,30,31,31,30,31,30,31,True
13851,OKC,USW00013967,1,365,28,0,0,0,0,0,0,0,31,28,31,30,31,30,31,31,30,31,30,31,True
13871,OMA,USW00014942,1,365,28,0,0,0,0,0,0,0,31,28,31,30,31,30,31,31,30,31,30,31,True
13891,ONT,USW00003102,1,365,28,0,0,0,0,0,0,0,31,28,31,30,31,30,31,31,30,31,30,31,True
13931,ORF,USW00013737,1,365,28,0,0,0,0,0,0,0,31,28,31,30,31,30,31,31,30,31,30,31,True
13933,ORH,USW00094746,1,365,28,0,0,0,0,0,0,0,31,28,31,30,31,30,31,31,30,31,30,31,True
13964,OTH,USW00024284,1,355,24,0,0,10,0,0,0,0,31,28,24,30,31,29,31,30,30,31,29,31,True
14027,PBI,USW00012844,1,365,28,0,0,0,0,0,0,0,31,28,31,30,31,30,31,31,30,31,30,31,True
14057,PDX,USW00024229,1,365,28,0,0,0,0,0,0,0,31,28,31,30,31,30,31,31,30,31,30,31,True
14082,PGD,USW00012812,1,365,28,0,0,0,0,0,0,0,31,28,31,30,31,30,31,31,30,31,30,31,True
14098,PHF,USW00093741,1,365,28,0,0,0,0,0,0,0,31,28,31,30,31,30,31,31,30,31,30,31,True
14100,PHL,USW00013739,1,365,28,0,0,0,0,0,0,0,31,28,31,30,31,30,31,31,30,31,30,31,True
14107,PHX,USW00023183,1,365,28,0,0,0,0,0,0,0,31,28,31,30,31,30,31,31,30,31,30,31,True
14108,PIA,USW00014842,1,365,28,0,0,0,0,0,0,0,31,28,31,30,31,30,31,31,30,31,30,31,True
14112,PIE,USW00012873,1,365,28,0,0,0,0,0,0,0,31,28,31,30,31,30,31,31,30,31,30,31,True
14122,PIT,USW00094823,1,365,28,0,0,0,0,0,0,0,31,28,31,30,31,30,31,31,30,31,30,31,True
14193,PNS,USW00013899,1,365,28,0,0,0,0,0,0,0,31,28,31,30,31,30,31,31,30,31,30,31,True
14231,PQI,USW00014604,1,332,1,0,0,33,0,0,0,0,31,28,1,30,31,30,29,31,30,31,30,30,False
14237,PRC,USW00023184,1,365,28,0,0,0,0,0,0,0,31,28,31,30,31,30,31,31,30,31,30,31,True
14252,PSC,USW00024163,1,365,28,0,0,0,0,0,0,0,31,28,31,30,31,30,31,31,30,31,30,31,True
14256,PSG,USW00025329,1,363,28,0,0,2,0,0,0,0,31,28,31,30,31,30,31,31,28,31,30,31,True
14262,PSP,USW00093138,1,365,28,0,0,0,0,0,0,0,31,28,31,30,31,30,31,31,30,31,30,31,True
14303,PUW,USW00094129,1,365,28,0,0,0,0,0,0,0,31,28,31,30,31,30,31,31,30,31,30,31,True
14307,PVD,USW00014765,1,365,28,0,0,0,0,0,0,0,31,28,31,30,31,30,31,31,30,31,30,31,True
14321,PWM,USW00014764,1,365,28,0,0,0,0,0,0,0,31,28,31,30,31,30,31,31,30,31,30,31,True
14457,RAP,USW00024090,1,364,28,0,0,0,0,1,0,0,30,28,31,30,31,30,31,31,30,31,30,31,True
14487,RDD,USW00024257,1,365,28,0,0,0,0,0,0,0,31,28,31,30,31,30,31,31,30,31,30,31,True
14489,RDM,USW00024230,1,365,28,0,0,0,0,0,0,0,31,28,31,30,31,30,31,31,30,31,30,31,True
14492,RDU,USW00013722,1,365,28,0,0,0,0,0,0,0,31,28,31,30,31,30,31,31,30,31,30,31,True
14512,RFD,USW00094822,1,365,28,0,0,0,0,0,0,0,31,28,31,30,31,30,31,31,30,31,30,31,True
14520,RHI,USW00004803,1,364,28,0,0,1,0,0,0,0,31,28,31,29,31,30,31,31,30,31,30,31,True
14524,RIC,USW00013740,1,365,28,0,0,0,0,0,0,0,31,28,31,30,31,30,31,31,30,31,30,31,True
14534,RIW,USW00024061,1,365,28,0,0,0,0,0,0,0,31,28,31,30,31,30,31,31,30,31,30,31,True
14543,RKS,USC00487846,1,365,28,0,0,0,0,0,0,0,31,28,31,30,31,30,31,31,30,31,30,31,True
14570,RNO,USW00023185,1,365,28,0,0,0,0,0,0,0,31,28,31,30,31,30,31,31,30,31,30,31,True
14574,ROA,USW00013741,1,365,28,0,0,0,0,0,0,0,31,28,31,30,31,30,31,31,30,31,30,31,True
14576,ROC,USW00014768,1,365,28,0,0,0,0,0,0,0,31,28,31,30,31,30,31,31,30,31,30,31,True
14633,RST,USW00014925,1,365,28,0,0,0,0,0,0,0,31,28,31,30,31,30,31,31,30,31,30,31,True
14635,RSW,USW00012894,1,365,28,0,0,0,0,0,0,0,31,28,31,30,31,30,31,31,30,31,30,31,True
14674,SAF,USW00023049,1,362,28,0,0,3,0,0,0,0,31,28,31,30,31,30,31,31,30,31,30,28,True
14679,SAN,USW00023188,1,365,28,0,0,0,0,0,0,0,31,28,31,30,31,30,31,31,30,31,30,31,True
14683,SAT,USW00012921,1,365,28,0,0,0,0,0,0,0,31,28,31,30,31,30,31,31,30,31,30,31,True
14685,SAV,USW00003822,1,365,28,0,0,0,0,0,0,0,31,28,31,30,31,30,31,31,30,31,30,31,True
14696,SBN,USW00014848,1,365,28,0,0,0,0,0,0,0,31,28,31,30,31,30,31,31,30,31,30,31,True
14698,SBP,USW00093206,1,365,28,0,0,0,0,0,0,0,31,28,31,30,31,30,31,31,30,31,30,31,True
14704,SBY,USW00093720,1,365,28,0,0,0,0,0,0,0,31,28,31,30,31,30,31,31,30,31,30,31,True
14716,SCK,USW00023237,1,365,28,0,0,0,0,0,0,0,31,28,31,30,31,30,31,31,30,31,30,31,True
14730,SDF,USW00093821,1,365,28,0,0,0,0,0,0,0,31,28,31,30,31,30,31,31,30,31,30,31,True
14747,SEA,USW00024233,1,364,28,0,0,1,0,0,0,0,31,28,31,30,31,30,31,31,30,31,30,30,True
14761,SFB,USW00012854,1,365,28,0,0,0,0,0,0,0,31,28,31,30,31,30,31,31,30,31,30,31,True
14771,SFO,USW00023234,1,365,28,0,0,0,0,0,0,0,31,28,31,30,31,30,31,31,30,31,30,31,True
14783,SGF,USW00013995,1,364,28,0,0,1,0,0,0,0,31,28,31,30,31,30,31,31,30,30,30,31,True
14812,SHR,USW00024029,1,365,28,0,0,0,0,0,0,0,31,28,31,30,31,30,31,31,30,31,30,31,True
14814,SHV,USW00013957,1,365,28,0,0,0,0,0,0,0,31,28,31,30,31,30,31,31,30,31,30,31,True
14831,SJC,USW00023293,1,365,28,0,0,0,0,0,0,0,31,28,31,30,31,30,31,31,30,31,30,31,True
14842,SJT,USC00417944,1,365,28,0,0,0,0,0,0,0,31,28,31,30,31,30,31,31,30,31,30,31,True
14869,SLC,USW00024127,1,363,28,0,0,2,0,0,0,0,30,28,31,30,31,30,31,30,30,31,30,31,True
14893,SMF,USW00093225,1,365,28,0,0,0,0,0,0,0,31,28,31,30,31,30,31,31,30,31,30,31,True
14905,SMX,USW00023273,1,365,28,0,0,0,0,0,0,0,31,28,31,30,31,30,31,31,30,31,30,31,True
14908,SNA,USW00093184,1,365,28,0,0,0,0,0,0,0,31,28,31,30,31,30,31,31,30,31,30,31,True
14952,SPI,USW00093822,1,363,28,0,0,0,0,2,0,0,29,28,31,30,31,30,31,31,30,31,30,31,True
14960,SPS,USW00013966,1,365,28,0,0,0,0,0,0,0,31,28,31,30,31,30,31,31,30,31,30,31,True
14986,SRQ,USW00012871,1,365,28,0,0,0,0,0,0,0,31,28,31,30,31,30,31,31,30,31,30,31,True
15016,STL,USW00013994,1,365,28,0,0,0,0,0,0,0,31,28,31,30,31,30,31,31,30,31,30,31,True
15023,STS,USW00023213,1,363,26,0,0,2,0,0,0,0,31,26,31,30,31,30,31,31,30,31,30,31,True
15048,SUX,USW00014943,1,365,28,0,0,0,0,0,0,0,31,28,31,30,31,30,31,31,30,31,30,31,True
15074,SWO,USW00003965,1,357,26,0,0,8,0,0,0,0,31,28,31,29,31,30,29,31,30,26,30,31,True
15096,SYR,USW00014771,1,365,28,0,0,0,0,0,0,0,31,28,31,30,31,30,31,31,30,31,30,31,True
15249,TLH,USW00093805,1,364,28,0,0,1,0,0,0,0,31,28,31,30,31,30,31,30,30,31,30,31,True
15295,TOL,USW00094830,1,365,28,0,0,0,0,0,0,0,31,28,31,30,31,30,31,31,30,31,30,31,True
15304,TPA,USW00012842,1,365,28,0,0,0,0,0,0,0,31,28,31,30,31,30,31,31,30,31,30,31,True
15323,TRI,USW00013877,1,365,28,0,0,0,0,0,0,0,31,28,31,30,31,30,31,31,30,31,30,31,True
15356,TTN,USW00014792,1,365,28,0,0,0,0,0,0,0,31,28,31,30,31,30,31,31,30,31,30,31,True
15370,TUL,USW00013968,1,365,28,0,0,0,0,0,0,0,31,28,31,30,31,30,31,31,30,31,30,31,True
15376,TUS,USW00023160,1,365,28,0,0,0,0,0,0,0,31,28,31,30,31,30,31,31,30,31,30,31,True
15380,TVC,USW00014850,1,364,28,0,0,1,0,0,0,0,31,28,31,29,31,30,31,31,30,31,30,31,True
15389,TWF,USW00094178,1,365,28,0,0,0,0,0,0,0,31,28,31,30,31,30,31,31,30,31,30,31,True
15401,TXK,USW00013977,1,365,28,0,0,0,0,0,0,0,31,28,31,30,31,30,31,31,30,31,30,31,True
15411,TYR,USW00013972,1,365,28,0,0,0,0,0,0,0,31,28,31,30,31,30,31,31,30,31,30,31,True
15412,TYS,USW00013891,1,365,28,0,0,0,0,0,0,0,31,28,31,30,31,30,31,31,30,31,30,31,True
15569,VCT,USW00012912,1,365,28,0,0,0,0,0,0,0,31,28,31,30,31,30,31,31,30,31,30,31,True
15607,VLD,USW00093845,1,364,28,0,0,1,0,0,0,0,31,28,31,30,31,30,31,30,30,31,30,31,True
15919,XNA,USW00053922,1,361,27,0,0,4,0,0,0,0,31,28,31,30,31,30,31,27,30,31,30,31,True
16101,YKM,USW00024243,1,364,28,0,0,1,0,0,0,0,31,28,31,30,30,30,31,31,30,31,30,31,True
16218,YUM,USW00003145,1,365,28,0,0,0,0,0,0,0,31,28,31,30,31,30,31,31,30,31,30,31,True
