station_id,url,http,final_url,bytes,sha256,f01_sha256,same_as_f01_snapshot,daily_precipitation_column,usable_days,numeric_days,trace_days,missing_days,suspect_days,erroneous_days,ambiguous_days,unparsed_days,error
USC00397666,https://www.ncei.noaa.gov/oa/local-climatological-data/v2/access/2025/LCD_USC00397666_2025.csv,200,https://www.ncei.noaa.gov/oa/local-climatological-data/v2/access/2025/LCD_USC00397666_2025.csv,3760650,cea28a8b4f08d95473bbe1c283def973818cc03e1d5704fc26160977982a14f1,cea28a8b4f08d95473bbe1c283def973818cc03e1d5704fc26160977982a14f1,True,True,365,285,80,0,0,0,0,0,
USC00410213,https://www.ncei.noaa.gov/oa/local-climatological-data/v2/access/2025/LCD_USC00410213_2025.csv,200,https://www.ncei.noaa.gov/oa/local-climatological-data/v2/access/2025/LCD_USC00410213_2025.csv,3709719,51b83a16f6c9a9facbdf70a299e5f4df078b851d25cedb1e5fd4b159d5d752b3,51b83a16f6c9a9facbdf70a299e5f4df078b851d25cedb1e5fd4b159d5d752b3,True,True,365,340,25,0,0,0,0,0,
USC00415893,https://www.ncei.noaa.gov/oa/local-climatological-data/v2/access/2025/LCD_USC00415893_2025.csv,200,https://www.ncei.noaa.gov/oa/local-climatological-data/v2/access/2025/LCD_USC00415893_2025.csv,3758889,8fff7cd7bb27611297c89e16372fa72aad8ad9c9aab9ff949ab301c7cb22df46,8fff7cd7bb27611297c89e16372fa72aad8ad9c9aab9ff949ab301c7cb22df46,True,True,365,346,19,0,0,0,0,0,
USC00417944,https://www.ncei.noaa.gov/oa/local-climatological-data/v2/access/2025/LCD_USC00417944_2025.csv,200,https://www.ncei.noaa.gov/oa/local-climatological-data/v2/access/2025/LCD_USC00417944_2025.csv,3760852,9537d43516eb4c0c1bc7fbeeca2da87a600b3ad44d7649103be38fcc00c245e5,9537d43516eb4c0c1bc7fbeeca2da87a600b3ad44d7649103be38fcc00c245e5,True,True,365,353,12,0,0,0,0,0,
USC00487846,https://www.ncei.noaa.gov/oa/local-climatological-data/v2/access/2025/LCD_USC00487846_2025.csv,200,https://www.ncei.noaa.gov/oa/local-climatological-data/v2/access/2025/LCD_USC00487846_2025.csv,3740226,5fa839ddc76a1e856cde2e3b72bdeffe5670dc462a89fb02ae0e4f7c9aa6bcbe,5fa839ddc76a1e856cde2e3b72bdeffe5670dc462a89fb02ae0e4f7c9aa6bcbe,True,True,365,365,0,0,0,0,0,0,
USW00003017,https://www.ncei.noaa.gov/oa/local-climatological-data/v2/access/2025/LCD_USW00003017_2025.csv,200,https://www.ncei.noaa.gov/oa/local-climatological-data/v2/access/2025/LCD_USW00003017_2025.csv,9646818,4a11cd2a79e0385e4e2d1ad750785d526f424bdb330b933212c464d735a32685,4a11cd2a79e0385e4e2d1ad750785d526f424bdb330b933212c464d735a32685,True,True,365,318,47,0,0,0,0,0,
USW00003102,https://www.ncei.noaa.gov/oa/local-climatological-data/v2/access/2025/LCD_USW00003102_2025.csv,200,https://www.ncei.noaa.gov/oa/local-climatological-data/v2/access/2025/LCD_USW00003102_2025.csv,6431942,9b73d70cce37a95a81b99ca9032a1e59d7cdbce96598bc42002f7a58b5606dd5,9b73d70cce37a95a81b99ca9032a1e59d7cdbce96598bc42002f7a58b5606dd5,True,True,365,347,18,0,0,0,0,0,
USW00003103,https://www.ncei.noaa.gov/oa/local-climatological-data/v2/access/2025/LCD_USW00003103_2025.csv,200,https://www.ncei.noaa.gov/oa/local-climatological-data/v2/access/2025/LCD_USW00003103_2025.csv,9350052,b99e4ef051890cada22e7d6b05545427346ec2ee8525bd5e912f2b518b8abee7,b99e4ef051890cada22e7d6b05545427346ec2ee8525bd5e912f2b518b8abee7,True,True,364,348,16,1,0,0,0,0,
USW00003145,https://www.ncei.noaa.gov/oa/local-climatological-data/v2/access/2025/LCD_USW00003145_2025.csv,200,https://www.ncei.noaa.gov/oa/local-climatological-data/v2/access/2025/LCD_USW00003145_2025.csv,5279250,eee564e27daea74c464683004f0181d2c7da6818691eaeb54d7754d1fd59cca4,eee564e27daea74c464683004f0181d2c7da6818691eaeb54d7754d1fd59cca4,True,True,365,362,3,0,0,0,0,0,
USW00003802,https://www.ncei.noaa.gov/oa/local-climatological-data/v2/access/2025/LCD_USW00003802_2025.csv,200,https://www.ncei.noaa.gov/oa/local-climatological-data/v2/access/2025/LCD_USW00003802_2025.csv,8939904,d17c4acbec11c8dbe4e76abe9f00b0173ba2ed54ae414c0a154aa777d268bbd0,d17c4acbec11c8dbe4e76abe9f00b0173ba2ed54ae414c0a154aa777d268bbd0,True,True,365,306,59,0,0,0,0,0,
USW00003812,https://www.ncei.noaa.gov/oa/local-climatological-data/v2/access/2025/LCD_USW00003812_2025.csv,200,https://www.ncei.noaa.gov/oa/local-climatological-data/v2/access/2025/LCD_USW00003812_2025.csv,9978163,a3a8587107c96a119f50801fe1bcab58dac6f1d3aa3cf78df037149fe4b41790,a3a8587107c96a119f50801fe1bcab58dac6f1d3aa3cf78df037149fe4b41790,True,True,365,304,61,0,0,0,0,0,
USW00003820,https://www.ncei.noaa.gov/oa/local-climatological-data/v2/access/2025/LCD_USW00003820_2025.csv,200,https://www.ncei.noaa.gov/oa/local-climatological-data/v2/access/2025/LCD_USW00003820_2025.csv,9672014,892fbc74cd3dfb6c4b7bd090ee20549e40e442a03a90272ec0926a26551e5d2d,892fbc74cd3dfb6c4b7bd090ee20549e40e442a03a90272ec0926a26551e5d2d,True,True,342,315,27,23,0,0,0,0,
USW00003822,https://www.ncei.noaa.gov/oa/local-climatological-data/v2/access/2025/LCD_USW00003822_2025.csv,200,https://www.ncei.noaa.gov/oa/local-climatological-data/v2/access/2025/LCD_USW00003822_2025.csv,9304441,1577714e16188a3f85d76ab29283f60ee5c6b536b68df91216a7169286fcb6d5,1577714e16188a3f85d76ab29283f60ee5c6b536b68df91216a7169286fcb6d5,True,True,365,329,36,0,0,0,0,0,
USW00003856,https://www.ncei.noaa.gov/oa/local-climatological-data/v2/access/2025/LCD_USW00003856_2025.csv,200,https://www.ncei.noaa.gov/oa/local-climatological-data/v2/access/2025/LCD_USW00003856_2025.csv,9979908,425337e8815226007ea8969019d55dffc95449395f647553d52a2113441c76ec,425337e8815226007ea8969019d55dffc95449395f647553d52a2113441c76ec,True,True,365,319,46,0,0,0,0,0,
USW00003860,https://www.ncei.noaa.gov/oa/local-climatological-data/v2/access/2025/LCD_USW00003860_2025.csv,200,https://www.ncei.noaa.gov/oa/local-climatological-data/v2/access/2025/LCD_USW00003860_2025.csv,9734824,619149379e734a143f65b9b29250838736a9b0eee906410a2e37e72eeba40117,619149379e734a143f65b9b29250838736a9b0eee906410a2e37e72eeba40117,True,True,365,321,44,0,0,0,0,0,
USW00003870,https://www.ncei.noaa.gov/oa/local-climatological-data/v2/access/2025/LCD_USW00003870_2025.csv,200,https://www.ncei.noaa.gov/oa/local-climatological-data/v2/access/2025/LCD_USW00003870_2025.csv,9495447,35e7f9aa3ecae66bdfddd0e68d9f770b259f41745399cb5da2037e5596e3b353,35e7f9aa3ecae66bdfddd0e68d9f770b259f41745399cb5da2037e5596e3b353,True,True,365,335,30,0,0,0,0,0,
USW00003887,https://www.ncei.noaa.gov/oa/local-climatological-data/v2/access/2025/LCD_USW00003887_2025.csv,200,https://www.ncei.noaa.gov/oa/local-climatological-data/v2/access/2025/LCD_USW00003887_2025.csv,6933430,2809e8fbd620e5eb9d430e17c7f0bc6428f692f176b80aeae74565df5eb4ce79,2809e8fbd620e5eb9d430e17c7f0bc6428f692f176b80aeae74565df5eb4ce79,True,True,358,303,55,7,0,0,0,0,
USW00003901,https://www.ncei.noaa.gov/oa/local-climatological-data/v2/access/2025/LCD_USW00003901_2025.csv,200,https://www.ncei.noaa.gov/oa/local-climatological-data/v2/access/2025/LCD_USW00003901_2025.csv,7153257,97a736b908cd7fa6e190739d88a08d5b9c59aca76eedf14f7b1034244885bc4a,97a736b908cd7fa6e190739d88a08d5b9c59aca76eedf14f7b1034244885bc4a,True,True,365,342,23,0,0,0,0,0,
USW00003902,https://www.ncei.noaa.gov/oa/local-climatological-data/v2/access/2025/LCD_USW00003902_2025.csv,200,https://www.ncei.noaa.gov/oa/local-climatological-data/v2/access/2025/LCD_USW00003902_2025.csv,8757177,df9df32389431fc50dc590f277db5371502ce5911ad2b2fa9ac90f13130b1e3e,df9df32389431fc50dc590f277db5371502ce5911ad2b2fa9ac90f13130b1e3e,True,True,363,340,23,2,0,0,0,0,
USW00003904,https://www.ncei.noaa.gov/oa/local-climatological-data/v2/access/2025/LCD_USW00003904_2025.csv,200,https://www.ncei.noaa.gov/oa/local-climatological-data/v2/access/2025/LCD_USW00003904_2025.csv,7462534,ddf78183e99a7daa0f2dfe5b7e6c620ff5cf1fed9e48516c880992a021b55305,ddf78183e99a7daa0f2dfe5b7e6c620ff5cf1fed9e48516c880992a021b55305,True,True,365,325,40,0,0,0,0,0,
USW00003927,https://www.ncei.noaa.gov/oa/local-climatological-data/v2/access/2025/LCD_USW00003927_2025.csv,200,https://www.ncei.noaa.gov/oa/local-climatological-data/v2/access/2025/LCD_USW00003927_2025.csv,8205449,7cefad8a242449b26e321afedbccd0ad3cb3cf2bbc82fc228a745bacd566c973,7cefad8a242449b26e321afedbccd0ad3cb3cf2bbc82fc228a745bacd566c973,True,True,363,332,31,2,0,0,0,0,
USW00003928,https://www.ncei.noaa.gov/oa/local-climatological-data/v2/access/2025/LCD_USW00003928_2025.csv,200,https://www.ncei.noaa.gov/oa/local-climatological-data/v2/access/2025/LCD_USW00003928_2025.csv,9841469,b5360a883fd657d973dfae03f301f5d471afdc3923eb2a791337000ab114366c,b5360a883fd657d973dfae03f301f5d471afdc3923eb2a791337000ab114366c,True,True,365,329,36,0,0,0,0,0,
USW00003936,https://www.ncei.noaa.gov/oa/local-climatological-data/v2/access/2025/LCD_USW00003936_2025.csv,200,https://www.ncei.noaa.gov/oa/local-climatological-data/v2/access/2025/LCD_USW00003936_2025.csv,6730433,76721887e2157225a44ad3506a063cb463f2914d67bd15b026b2473ec790b84a,76721887e2157225a44ad3506a063cb463f2914d67bd15b026b2473ec790b84a,True,True,362,334,28,3,0,0,0,0,
USW00003940,https://www.ncei.noaa.gov/oa/local-climatological-data/v2/access/2025/LCD_USW00003940_2025.csv,200,https://www.ncei.noaa.gov/oa/local-climatological-data/v2/access/2025/LCD_USW00003940_2025.csv,8910874,a2948cbcada0fc4c324af045f5da0ce6de78372b395318e6b92fbff1246cdb21,a2948cbcada0fc4c324af045f5da0ce6de78372b395318e6b92fbff1246cdb21,True,True,365,331,34,0,0,0,0,0,
USW00003945,https://www.ncei.noaa.gov/oa/local-climatological-data/v2/access/2025/LCD_USW00003945_2025.csv,200,https://www.ncei.noaa.gov/oa/local-climatological-data/v2/access/2025/LCD_USW00003945_2025.csv,9337957,07c683291560f8be9045c8e14795f312c3e86999bbe43e69b01d38ec56382250,07c683291560f8be9045c8e14795f312c3e86999bbe43e69b01d38ec56382250,True,True,365,337,28,0,0,0,0,0,
USW00003947,https://www.ncei.noaa.gov/oa/local-climatological-data/v2/access/2025/LCD_USW00003947_2025.csv,200,https://www.ncei.noaa.gov/oa/local-climatological-data/v2/access/2025/LCD_USW00003947_2025.csv,9927302,bfbd59863b69352c12b795130dcb54a9d42fa2e873e17440fff89f1e3210bacc,bfbd59863b69352c12b795130dcb54a9d42fa2e873e17440fff89f1e3210bacc,True,True,365,316,49,0,0,0,0,0,
USW00003950,https://www.ncei.noaa.gov/oa/local-climatological-data/v2/access/2025/LCD_USW00003950_2025.csv,200,https://www.ncei.noaa.gov/oa/local-climatological-data/v2/access/2025/LCD_USW00003950_2025.csv,6852150,e92b92988753994a632712922f47fe020aeb21bf4b40db46e852bdf34c06940d,e92b92988753994a632712922f47fe020aeb21bf4b40db46e852bdf34c06940d,True,True,362,349,13,1,0,2,0,0,
USW00003965,https://www.ncei.noaa.gov/oa/local-climatological-data/v2/access/2025/LCD_USW00003965_2025.csv,200,https://www.ncei.noaa.gov/oa/local-climatological-data/v2/access/2025/LCD_USW00003965_2025.csv,6966787,916da7bb3b0775e6948acc7208803bb6e1a68dfca6755e313736896335bfa7bf,916da7bb3b0775e6948acc7208803bb6e1a68dfca6755e313736896335bfa7bf,True,True,357,307,50,8,0,0,0,0,
USW00004725,https://www.ncei.noaa.gov/oa/local-climatological-data/v2/access/2025/LCD_USW00004725_2025.csv,200,https://www.ncei.noaa.gov/oa/local-climatological-data/v2/access/2025/LCD_USW00004725_2025.csv,11725447,f750023856512279da72a4f14b4371d2d469300f869354426d352903a13e60eb,f750023856512279da72a4f14b4371d2d469300f869354426d352903a13e60eb,True,True,365,313,52,0,0,0,0,0,
USW00004726,https://www.ncei.noaa.gov/oa/local-climatological-data/v2/access/2025/LCD_USW00004726_2025.csv,200,https://www.ncei.noaa.gov/oa/local-climatological-data/v2/access/2025/LCD_USW00004726_2025.csv,9483319,d00ae77f497a073306d2e3d398d79e10f1cbc56d1b1539547ce426d0006b4fc8,d00ae77f497a073306d2e3d398d79e10f1cbc56d1b1539547ce426d0006b4fc8,True,True,365,307,58,0,0,0,0,0,
USW00004781,https://www.ncei.noaa.gov/oa/local-climatological-data/v2/access/2025/LCD_USW00004781_2025.csv,200,https://www.ncei.noaa.gov/oa/local-climatological-data/v2/access/2025/LCD_USW00004781_2025.csv,6691478,784c27432d88ea9cace361cdfb7602fe1064a8ec02f844c4ec3edb2ad6ddeaed,784c27432d88ea9cace361cdfb7602fe1064a8ec02f844c4ec3edb2ad6ddeaed,True,True,365,313,52,0,0,0,0,0,
USW00004803,https://www.ncei.noaa.gov/oa/local-climatological-data/v2/access/2025/LCD_USW00004803_2025.csv,200,https://www.ncei.noaa.gov/oa/local-climatological-data/v2/access/2025/LCD_USW00004803_2025.csv,8133184,ed920fb5e877628847eaa0adf04c127f54c5a6c823feb5089d7fe20ab80f8765,ed920fb5e877628847eaa0adf04c127f54c5a6c823feb5089d7fe20ab80f8765,True,True,364,298,66,1,0,0,0,0,
USW00004825,https://www.ncei.noaa.gov/oa/local-climatological-data/v2/access/2025/LCD_USW00004825_2025.csv,200,https://www.ncei.noaa.gov/oa/local-climatological-data/v2/access/2025/LCD_USW00004825_2025.csv,8574189,2c6de788dbabdadae81dc2e6589efdb1401a6451ae67d1ab54a0df0742372996,2c6de788dbabdadae81dc2e6589efdb1401a6451ae67d1ab54a0df0742372996,True,True,29,29,0,335,0,1,0,0,
USW00012812,https://www.ncei.noaa.gov/oa/local-climatological-data/v2/access/2025/LCD_USW00012812_2025.csv,200,https://www.ncei.noaa.gov/oa/local-climatological-data/v2/access/2025/LCD_USW00012812_2025.csv,7342370,e1e1aaeaba47a3c66cae4c3f8bfd42d885ae8bf68c95b4a23b5fa7cf93de6d06,e1e1aaeaba47a3c66cae4c3f8bfd42d885ae8bf68c95b4a23b5fa7cf93de6d06,True,True,365,347,18,0,0,0,0,0,
USW00012815,https://www.ncei.noaa.gov/oa/local-climatological-data/v2/access/2025/LCD_USW00012815_2025.csv,200,https://www.ncei.noaa.gov/oa/local-climatological-data/v2/access/2025/LCD_USW00012815_2025.csv,9280752,438ce4c6f991873af268524b0e4b7f8185abac6d3a3378748a59e4f25699022a,438ce4c6f991873af268524b0e4b7f8185abac6d3a3378748a59e4f25699022a,True,True,365,315,50,0,0,0,0,0,
USW00012816,https://www.ncei.noaa.gov/oa/local-climatological-data/v2/access/2025/LCD_USW00012816_2025.csv,200,https://www.ncei.noaa.gov/oa/local-climatological-data/v2/access/2025/LCD_USW00012816_2025.csv,7995849,ac68ad9fc9e1f52f0d078555a9d98183641f679e2a661d808cf766ea362652d7,ac68ad9fc9e1f52f0d078555a9d98183641f679e2a661d808cf766ea362652d7,True,True,365,348,17,0,0,0,0,0,
USW00012836,https://www.ncei.noaa.gov/oa/local-climatological-data/v2/access/2025/LCD_USW00012836_2025.csv,200,https://www.ncei.noaa.gov/oa/local-climatological-data/v2/access/2025/LCD_USW00012836_2025.csv,9449888,19cdcff998a1e11eaba441a0e212fc44f4b7cad8e507080a1c7cbf87340214c9,19cdcff998a1e11eaba441a0e212fc44f4b7cad8e507080a1c7cbf87340214c9,True,True,365,329,36,0,0,0,0,0,
USW00012838,https://www.ncei.noaa.gov/oa/local-climatological-data/v2/access/2025/LCD_USW00012838_2025.csv,200,https://www.ncei.noaa.gov/oa/local-climatological-data/v2/access/2025/LCD_USW00012838_2025.csv,7219676,847c622298889eaec1102566a7995c0d25befa570d36416adaa7ae60a45392a9,847c622298889eaec1102566a7995c0d25befa570d36416adaa7ae60a45392a9,True,True,365,332,33,0,0,0,0,0,
USW00012839,https://www.ncei.noaa.gov/oa/local-climatological-data/v2/access/2025/LCD_USW00012839_2025.csv,200,https://www.ncei.noaa.gov/oa/local-climatological-data/v2/access/2025/LCD_USW00012839_2025.csv,8342395,5d54480bf180e33ddd7a7e5c2ba9eded990d42df9c1ecdd5c78f52d1d616798b,5d54480bf180e33ddd7a7e5c2ba9eded990d42df9c1ecdd5c78f52d1d616798b,True,True,365,331,34,0,0,0,0,0,
USW00012842,https://www.ncei.noaa.gov/oa/local-climatological-data/v2/access/2025/LCD_USW00012842_2025.csv,200,https://www.ncei.noaa.gov/oa/local-climatological-data/v2/access/2025/LCD_USW00012842_2025.csv,9205373,996fab879dc76e162b04d9a4ae533125528a2b13873c3e6e9a5750f08976317d,996fab879dc76e162b04d9a4ae533125528a2b13873c3e6e9a5750f08976317d,True,True,365,332,33,0,0,0,0,0,
USW00012844,https://www.ncei.noaa.gov/oa/local-climatological-data/v2/access/2025/LCD_USW00012844_2025.csv,200,https://www.ncei.noaa.gov/oa/local-climatological-data/v2/access/2025/LCD_USW00012844_2025.csv,8399947,4f589f1ba58e3098999a5063e9d485a3079f24974106407453820a0787df0d35,4f589f1ba58e3098999a5063e9d485a3079f24974106407453820a0787df0d35,True,True,365,305,60,0,0,0,0,0,
USW00012849,https://www.ncei.noaa.gov/oa/local-climatological-data/v2/access/2025/LCD_USW00012849_2025.csv,200,https://www.ncei.noaa.gov/oa/local-climatological-data/v2/access/2025/LCD_USW00012849_2025.csv,6678897,b364c2f123f8f6df40de22e0f4fb06e41df937373914e8de6af39b8860fd6cd6,b364c2f123f8f6df40de22e0f4fb06e41df937373914e8de6af39b8860fd6cd6,True,True,364,314,50,1,0,0,0,0,
USW00012854,https://www.ncei.noaa.gov/oa/local-climatological-data/v2/access/2025/LCD_USW00012854_2025.csv,200,https://www.ncei.noaa.gov/oa/local-climatological-data/v2/access/2025/LCD_USW00012854_2025.csv,6888581,f8d6c689eeda969f70c8f67367ae8457e6aa9b15f1f8be55c60f52f258234746,f8d6c689eeda969f70c8f67367ae8457e6aa9b15f1f8be55c60f52f258234746,True,True,365,352,13,0,0,0,0,0,
USW00012871,https://www.ncei.noaa.gov/oa/local-climatological-data/v2/access/2025/LCD_USW00012871_2025.csv,200,https://www.ncei.noaa.gov/oa/local-climatological-data/v2/access/2025/LCD_USW00012871_2025.csv,6931745,adff0734756017d17a2865f5e37184ce5ed660d74c8e7aff97da9154dfe6c549,adff0734756017d17a2865f5e37184ce5ed660d74c8e7aff97da9154dfe6c549,True,True,365,332,33,0,0,0,0,0,
USW00012873,https://www.ncei.noaa.gov/oa/local-climatological-data/v2/access/2025/LCD_USW00012873_2025.csv,200,https://www.ncei.noaa.gov/oa/local-climatological-data/v2/access/2025/LCD_USW00012873_2025.csv,7074350,8d39a1d219ded2b53f74aa82f5af2b3cddd9ff45f2cbda32e70c0c88a8253cce,8d39a1d219ded2b53f74aa82f5af2b3cddd9ff45f2cbda32e70c0c88a8253cce,True,True,365,343,22,0,0,0,0,0,
USW00012894,https://www.ncei.noaa.gov/oa/local-climatological-data/v2/access/2025/LCD_USW00012894_2025.csv,200,https://www.ncei.noaa.gov/oa/local-climatological-data/v2/access/2025/LCD_USW00012894_2025.csv,7107589,09447c68f8590136aa27dd0f9762563d8a423ea1fd8be719618e7d042b37fa3a,09447c68f8590136aa27dd0f9762563d8a423ea1fd8be719618e7d042b37fa3a,True,True,365,349,16,0,0,0,0,0,
USW00012904,https://www.ncei.noaa.gov/oa/local-climatological-data/v2/access/2025/LCD_USW00012904_2025.csv,200,https://www.ncei.noaa.gov/oa/local-climatological-data/v2/access/2025/LCD_USW00012904_2025.csv,8085374,d124ba5bdfc7d39f7bcc2258accc3a70a853518ce5aec077b46506f68277864f,d124ba5bdfc7d39f7bcc2258accc3a70a853518ce5aec077b46506f68277864f,True,True,363,321,42,1,0,1,0,0,
USW00012912,https://www.ncei.noaa.gov/oa/local-climatological-data/v2/access/2025/LCD_USW00012912_2025.csv,200,https://www.ncei.noaa.gov/oa/local-climatological-data/v2/access/2025/LCD_USW00012912_2025.csv,11250965,fac20b2a0acd2be649607b3e3f69829aab17ba95198e86dc259e120ceb060405,fac20b2a0acd2be649607b3e3f69829aab17ba95198e86dc259e120ceb060405,True,True,365,338,27,0,0,0,0,0,
USW00012916,https://www.ncei.noaa.gov/oa/local-climatological-data/v2/access/2025/LCD_USW00012916_2025.csv,200,https://www.ncei.noaa.gov/oa/local-climatological-data/v2/access/2025/LCD_USW00012916_2025.csv,9635451,ded05f8184a319cbac9738d8b86cb4aa567cd318e7678d1e2e3832d2b1c93138,ded05f8184a319cbac9738d8b86cb4aa567cd318e7678d1e2e3832d2b1c93138,True,True,359,316,43,6,0,0,0,0,
USW00012917,https://www.ncei.noaa.gov/oa/local-climatological-data/v2/access/2025/LCD_USW00012917_2025.csv,200,https://www.ncei.noaa.gov/oa/local-climatological-data/v2/access/2025/LCD_USW00012917_2025.csv,9876809,ec198516c54d16f68f2f56ca1383ae462e1b4ddc84fbbfeefcc2b65a406af1ea,ec198516c54d16f68f2f56ca1383ae462e1b4ddc84fbbfeefcc2b65a406af1ea,True,True,362,316,46,3,0,0,0,0,
USW00012918,https://www.ncei.noaa.gov/oa/local-climatological-data/v2/access/2025/LCD_USW00012918_2025.csv,200,https://www.ncei.noaa.gov/oa/local-climatological-data/v2/access/2025/LCD_USW00012918_2025.csv,6950915,5e9645b0befde863e847fb0e810a246a8d8a8081e433972cf1bb466ccc5d1fb2,5e9645b0befde863e847fb0e810a246a8d8a8081e433972cf1bb466ccc5d1fb2,True,True,365,320,45,0,0,0,0,0,
USW00012921,https://www.ncei.noaa.gov/oa/local-climatological-data/v2/access/2025/LCD_USW00012921_2025.csv,200,https://www.ncei.noaa.gov/oa/local-climatological-data/v2/access/2025/LCD_USW00012921_2025.csv,8588700,98892a1c85337ed7c50b0cdf81642ba6fa78ea1fc8e12407b1c1866bcba33a7d,98892a1c85337ed7c50b0cdf81642ba6fa78ea1fc8e12407b1c1866bcba33a7d,True,True,365,316,49,0,0,0,0,0,
USW00012924,https://www.ncei.noaa.gov/oa/local-climatological-data/v2/access/2025/LCD_USW00012924_2025.csv,200,https://www.ncei.noaa.gov/oa/local-climatological-data/v2/access/2025/LCD_USW00012924_2025.csv,10076631,9f1edaefadee40d883c8f3c7f05041fa3a73be4ee6b64ff7f57b85a085fbbdd2,9f1edaefadee40d883c8f3c7f05041fa3a73be4ee6b64ff7f57b85a085fbbdd2,True,True,365,315,50,0,0,0,0,0,
USW00012959,https://www.ncei.noaa.gov/oa/local-climatological-data/v2/access/2025/LCD_USW00012959_2025.csv,200,https://www.ncei.noaa.gov/oa/local-climatological-data/v2/access/2025/LCD_USW00012959_2025.csv,7748896,6f6b1edcef3ac7fb772cccb4860169a511727d1986ccad388c24b72b7fbd88a6,6f6b1edcef3ac7fb772cccb4860169a511727d1986ccad388c24b72b7fbd88a6,True,True,363,348,15,2,0,0,0,0,
USW00012960,https://www.ncei.noaa.gov/oa/local-climatological-data/v2/access/2025/LCD_USW00012960_2025.csv,200,https://www.ncei.noaa.gov/oa/local-climatological-data/v2/access/2025/LCD_USW00012960_2025.csv,8250605,54968ba27671c52a8651994a4e4a08300e285dac9127f27c427fee8c75fe0479,54968ba27671c52a8651994a4e4a08300e285dac9127f27c427fee8c75fe0479,True,True,365,322,43,0,0,0,0,0,
USW00013717,https://www.ncei.noaa.gov/oa/local-climatological-data/v2/access/2025/LCD_USW00013717_2025.csv,200,https://www.ncei.noaa.gov/oa/local-climatological-data/v2/access/2025/LCD_USW00013717_2025.csv,6623332,57ecd1e530d33e91106c58a817f84ccd90cd9facbc5833fb8f5519964e48a916,57ecd1e530d33e91106c58a817f84ccd90cd9facbc5833fb8f5519964e48a916,True,True,270,247,23,95,0,0,0,0,
USW00013722,https://www.ncei.noaa.gov/oa/local-climatological-data/v2/access/2025/LCD_USW00013722_2025.csv,200,https://www.ncei.noaa.gov/oa/local-climatological-data/v2/access/2025/LCD_USW00013722_2025.csv,8232483,dd77b6f1effa496649a14e1cffac4db09b0b8f5b15370c5096d46cb15c6b566f,dd77b6f1effa496649a14e1cffac4db09b0b8f5b15370c5096d46cb15c6b566f,True,True,365,324,41,0,0,0,0,0,
USW00013723,https://www.ncei.noaa.gov/oa/local-climatological-data/v2/access/2025/LCD_USW00013723_2025.csv,200,https://www.ncei.noaa.gov/oa/local-climatological-data/v2/access/2025/LCD_USW00013723_2025.csv,9239973,2d46c656fbf0c041a3177e3c46b3dd9a2748ab948278b19d88a018435f165eda,2d46c656fbf0c041a3177e3c46b3dd9a2748ab948278b19d88a018435f165eda,True,True,365,317,48,0,0,0,0,0,
USW00013733,https://www.ncei.noaa.gov/oa/local-climatological-data/v2/access/2025/LCD_USW00013733_2025.csv,200,https://www.ncei.noaa.gov/oa/local-climatological-data/v2/access/2025/LCD_USW00013733_2025.csv,9435219,73c41d3790355c35fe65a8442660b9e76db72672f4c1e7efa89ff84fd9d2d8ba,73c41d3790355c35fe65a8442660b9e76db72672f4c1e7efa89ff84fd9d2d8ba,True,True,365,317,48,0,0,0,0,0,
USW00013736,https://www.ncei.noaa.gov/oa/local-climatological-data/v2/access/2025/LCD_USW00013736_2025.csv,200,https://www.ncei.noaa.gov/oa/local-climatological-data/v2/access/2025/LCD_USW00013736_2025.csv,7825773,27a3898a45f756ce93bff00ed0821e0ec2a0bab57e5612ebcad2a716c6e75325,27a3898a45f756ce93bff00ed0821e0ec2a0bab57e5612ebcad2a716c6e75325,True,True,365,330,35,0,0,0,0,0,
USW00013737,https://www.ncei.noaa.gov/oa/local-climatological-data/v2/access/2025/LCD_USW00013737_2025.csv,200,https://www.ncei.noaa.gov/oa/local-climatological-data/v2/access/2025/LCD_USW00013737_2025.csv,10026221,66323fbd2361fa08a8e48f67f6fbdc84931fdebe1057e4131983cbd3bf7d7354,66323fbd2361fa08a8e48f67f6fbdc84931fdebe1057e4131983cbd3bf7d7354,True,True,365,322,43,0,0,0,0,0,
USW00013739,https://www.ncei.noaa.gov/oa/local-climatological-data/v2/access/2025/LCD_USW00013739_2025.csv,200,https://www.ncei.noaa.gov/oa/local-climatological-data/v2/access/2025/LCD_USW00013739_2025.csv,10109882,4c136a10757a34e62a8c877de39d620295669aa454e56414ade610f318458a1a,4c136a10757a34e62a8c877de39d620295669aa454e56414ade610f318458a1a,True,True,365,323,42,0,0,0,0,0,
USW00013740,https://www.ncei.noaa.gov/oa/local-climatological-data/v2/access/2025/LCD_USW00013740_2025.csv,200,https://www.ncei.noaa.gov/oa/local-climatological-data/v2/access/2025/LCD_USW00013740_2025.csv,9485913,fff551adf181ab03bb81bc3eea54b12d99f83c3f342c969769328f5f85b6d18c,fff551adf181ab03bb81bc3eea54b12d99f83c3f342c969769328f5f85b6d18c,True,True,365,331,34,0,0,0,0,0,
USW00013741,https://www.ncei.noaa.gov/oa/local-climatological-data/v2/access/2025/LCD_USW00013741_2025.csv,200,https://www.ncei.noaa.gov/oa/local-climatological-data/v2/access/2025/LCD_USW00013741_2025.csv,9125092,baf90d65ca9f0c133cd61494146e526bc6e63a95ba561279eb9af9d9f9ccb4a1,baf90d65ca9f0c133cd61494146e526bc6e63a95ba561279eb9af9d9f9ccb4a1,True,True,365,310,55,0,0,0,0,0,
USW00013744,https://www.ncei.noaa.gov/oa/local-climatological-data/v2/access/2025/LCD_USW00013744_2025.csv,200,https://www.ncei.noaa.gov/oa/local-climatological-data/v2/access/2025/LCD_USW00013744_2025.csv,7239238,1366e01c6c351937c30ccff8a7721fd2d3b39a758e76fa04487e0b7673f766dd,1366e01c6c351937c30ccff8a7721fd2d3b39a758e76fa04487e0b7673f766dd,True,True,365,331,34,0,0,0,0,0,
USW00013748,https://www.ncei.noaa.gov/oa/local-climatological-data/v2/access/2025/LCD_USW00013748_2025.csv,200,https://www.ncei.noaa.gov/oa/local-climatological-data/v2/access/2025/LCD_USW00013748_2025.csv,9537073,af76eb6ba1d4cd0918547b7264e33c86a8bbddff0e8bb6ddd9220ddec24a80e4,af76eb6ba1d4cd0918547b7264e33c86a8bbddff0e8bb6ddd9220ddec24a80e4,True,True,365,339,26,0,0,0,0,0,
USW00013839,https://www.ncei.noaa.gov/oa/local-climatological-data/v2/access/2025/LCD_USW00013839_2025.csv,200,https://www.ncei.noaa.gov/oa/local-climatological-data/v2/access/2025/LCD_USW00013839_2025.csv,7422431,fa636f4370691a2e45580d7652850dd8abd71615a25bded6443f0e92883c4288,fa636f4370691a2e45580d7652850dd8abd71615a25bded6443f0e92883c4288,True,True,364,346,18,1,0,0,0,0,
USW00013865,https://www.ncei.noaa.gov/oa/local-climatological-data/v2/access/2025/LCD_USW00013865_2025.csv,200,https://www.ncei.noaa.gov/oa/local-climatological-data/v2/access/2025/LCD_USW00013865_2025.csv,9293557,090f7b9026db975d3d742e9276a3c2a5ab933584cda3b9e3e426ac59bc8e63ca,090f7b9026db975d3d742e9276a3c2a5ab933584cda3b9e3e426ac59bc8e63ca,True,True,358,332,26,7,0,0,0,0,
USW00013866,https://www.ncei.noaa.gov/oa/local-climatological-data/v2/access/2025/LCD_USW00013866_2025.csv,200,https://www.ncei.noaa.gov/oa/local-climatological-data/v2/access/2025/LCD_USW00013866_2025.csv,8401990,6b6d4224a645af53fc8693ebc46ad8874619879b6872aae848674f114b7c137a,6b6d4224a645af53fc8693ebc46ad8874619879b6872aae848674f114b7c137a,True,True,365,320,45,0,0,0,0,0,
USW00013869,https://www.ncei.noaa.gov/oa/local-climatological-data/v2/access/2025/LCD_USW00013869_2025.csv,200,https://www.ncei.noaa.gov/oa/local-climatological-data/v2/access/2025/LCD_USW00013869_2025.csv,7400372,f1bffe0a377438d462d5a05f57583d9aed748ef3d3bb5a612b9acc9db80edc81,f1bffe0a377438d462d5a05f57583d9aed748ef3d3bb5a612b9acc9db80edc81,True,True,363,332,31,1,0,1,0,0,
USW00013874,https://www.ncei.noaa.gov/oa/local-climatological-data/v2/access/2025/LCD_USW00013874_2025.csv,200,https://www.ncei.noaa.gov/oa/local-climatological-data/v2/access/2025/LCD_USW00013874_2025.csv,8823529,15440946ec50d6090cf0188cae7e5b48815917965553e1404514f5b0499fd011,15440946ec50d6090cf0188cae7e5b48815917965553e1404514f5b0499fd011,True,True,365,326,39,0,0,0,0,0,
USW00013876,https://www.ncei.noaa.gov/oa/local-climatological-data/v2/access/2025/LCD_USW00013876_2025.csv,200,https://www.ncei.noaa.gov/oa/local-climatological-data/v2/access/2025/LCD_USW00013876_2025.csv,7052795,457252b0e9233ec597ac9eeac99a34ecd8b684e5b414348b940fcceffa7b9166,457252b0e9233ec597ac9eeac99a34ecd8b684e5b414348b940fcceffa7b9166,True,True,365,332,33,0,0,0,0,0,
USW00013877,https://www.ncei.noaa.gov/oa/local-climatological-data/v2/access/2025/LCD_USW00013877_2025.csv,200,https://www.ncei.noaa.gov/oa/local-climatological-data/v2/access/2025/LCD_USW00013877_2025.csv,7767653,c373f225528cbb2a1e32fde71d252c629c9295ea6015dfc3048ee270557a5209,c373f225528cbb2a1e32fde71d252c629c9295ea6015dfc3048ee270557a5209,True,True,365,330,35,0,0,0,0,0,
USW00013881,https://www.ncei.noaa.gov/oa/local-climatological-data/v2/access/2025/LCD_USW00013881_2025.csv,200,https://www.ncei.noaa.gov/oa/local-climatological-data/v2/access/2025/LCD_USW00013881_2025.csv,9309696,0fdd26cb6fd33e4a4eb1fcd64c6f1e1e42a587a2693eac880e1191ddf6204711,0fdd26cb6fd33e4a4eb1fcd64c6f1e1e42a587a2693eac880e1191ddf6204711,True,True,365,328,37,0,0,0,0,0,
USW00013882,https://www.ncei.noaa.gov/oa/local-climatological-data/v2/access/2025/LCD_USW00013882_2025.csv,200,https://www.ncei.noaa.gov/oa/local-climatological-data/v2/access/2025/LCD_USW00013882_2025.csv,10067592,9b27575de3b414627e31c67c29c8da833cc0cf87adb03bff68197bfc937dc8e5,9b27575de3b414627e31c67c29c8da833cc0cf87adb03bff68197bfc937dc8e5,True,True,365,322,43,0,0,0,0,0,
USW00013883,https://www.ncei.noaa.gov/oa/local-climatological-data/v2/access/2025/LCD_USW00013883_2025.csv,200,https://www.ncei.noaa.gov/oa/local-climatological-data/v2/access/2025/LCD_USW00013883_2025.csv,9187388,32c459dffdc885c6a87de1f6ff70d16d75ed37d0e91d364cb7513b58903f1b5d,32c459dffdc885c6a87de1f6ff70d16d75ed37d0e91d364cb7513b58903f1b5d,True,True,365,329,36,0,0,0,0,0,
USW00013889,https://www.ncei.noaa.gov/oa/local-climatological-data/v2/access/2025/LCD_USW00013889_2025.csv,200,https://www.ncei.noaa.gov/oa/local-climatological-data/v2/access/2025/LCD_USW00013889_2025.csv,9349601,5e6e526919d55073a12055b0a7d1baa4979bb4cd0ea52f23e834226f61c2344c,5e6e526919d55073a12055b0a7d1baa4979bb4cd0ea52f23e834226f61c2344c,True,True,365,337,28,0,0,0,0,0,
USW00013891,https://www.ncei.noaa.gov/oa/local-climatological-data/v2/access/2025/LCD_USW00013891_2025.csv,200,https://www.ncei.noaa.gov/oa/local-climatological-data/v2/access/2025/LCD_USW00013891_2025.csv,10270783,71b9d02b8d0c70774647dd986b86f061b41e3b542b4ae8eeaf876ef1e5d78983,71b9d02b8d0c70774647dd986b86f061b41e3b542b4ae8eeaf876ef1e5d78983,True,True,365,323,42,0,0,0,0,0,
USW00013893,https://www.ncei.noaa.gov/oa/local-climatological-data/v2/access/2025/LCD_USW00013893_2025.csv,200,https://www.ncei.noaa.gov/oa/local-climatological-data/v2/access/2025/LCD_USW00013893_2025.csv,9656494,aba03446af83746163133a8b42ad9492f388a794f8a764d31f0a25ecfb1fc864,aba03446af83746163133a8b42ad9492f388a794f8a764d31f0a25ecfb1fc864,True,True,365,323,42,0,0,0,0,0,
USW00013894,https://www.ncei.noaa.gov/oa/local-climatological-data/v2/access/2025/LCD_USW00013894_2025.csv,200,https://www.ncei.noaa.gov/oa/local-climatological-data/v2/access/2025/LCD_USW00013894_2025.csv,10200488,6845b09ca78c6c0500a91ebe5305084e5e90e66e362099bc69aeafae492b0121,6845b09ca78c6c0500a91ebe5305084e5e90e66e362099bc69aeafae492b0121,True,True,365,344,21,0,0,0,0,0,
USW00013895,https://www.ncei.noaa.gov/oa/local-climatological-data/v2/access/2025/LCD_USW00013895_2025.csv,200,https://www.ncei.noaa.gov/oa/local-climatological-data/v2/access/2025/LCD_USW00013895_2025.csv,10052608,d6fc272b9ecb0f51f3dd527d0935f27fbf597dbc844ab3e3efd9f954139ee5bc,d6fc272b9ecb0f51f3dd527d0935f27fbf597dbc844ab3e3efd9f954139ee5bc,True,True,364,331,33,1,0,0,0,0,
USW00013897,https://www.ncei.noaa.gov/oa/local-climatological-data/v2/access/2025/LCD_USW00013897_2025.csv,200,https://www.ncei.noaa.gov/oa/local-climatological-data/v2/access/2025/LCD_USW00013897_2025.csv,9860757,08a64e228a6cb089d288906cb01b6639ae0670c3d7b1da583956941937769de0,08a64e228a6cb089d288906cb01b6639ae0670c3d7b1da583956941937769de0,True,True,365,335,30,0,0,0,0,0,
USW00013899,https://www.ncei.noaa.gov/oa/local-climatological-data/v2/access/2025/LCD_USW00013899_2025.csv,200,https://www.ncei.noaa.gov/oa/local-climatological-data/v2/access/2025/LCD_USW00013899_2025.csv,7587331,74841c2c77267e3cfd67d53c77cc937c326f9990f051de24521549556fa25b0b,74841c2c77267e3cfd67d53c77cc937c326f9990f051de24521549556fa25b0b,True,True,365,332,33,0,0,0,0,0,
USW00013904,https://www.ncei.noaa.gov/oa/local-climatological-data/v2/access/2025/LCD_USW00013904_2025.csv,200,https://www.ncei.noaa.gov/oa/local-climatological-data/v2/access/2025/LCD_USW00013904_2025.csv,6977854,968e9b8e84f34e20cccd02389ce94579fb8f8483701c5774131d764a399a7436,968e9b8e84f34e20cccd02389ce94579fb8f8483701c5774131d764a399a7436,True,True,365,306,59,0,0,0,0,0,
USW00013942,https://www.ncei.noaa.gov/oa/local-climatological-data/v2/access/2025/LCD_USW00013942_2025.csv,200,https://www.ncei.noaa.gov/oa/local-climatological-data/v2/access/2025/LCD_USW00013942_2025.csv,7174426,54b1cce4fc2c60c768fb082587116b3fa29d8ce24c2d8deb29d38c824c18d54f,54b1cce4fc2c60c768fb082587116b3fa29d8ce24c2d8deb29d38c824c18d54f,True,True,365,323,42,0,0,0,0,0,
USW00013957,https://www.ncei.noaa.gov/oa/local-climatological-data/v2/access/2025/LCD_USW00013957_2025.csv,200,https://www.ncei.noaa.gov/oa/local-climatological-data/v2/access/2025/LCD_USW00013957_2025.csv,9799496,cc6fbf932916118723d7bc5359cfd81e8f285a62def9f38f092b662121ffc9a5,cc6fbf932916118723d7bc5359cfd81e8f285a62def9f38f092b662121ffc9a5,True,True,365,321,44,0,0,0,0,0,
USW00013960,https://www.ncei.noaa.gov/oa/local-climatological-data/v2/access/2025/LCD_USW00013960_2025.csv,200,https://www.ncei.noaa.gov/oa/local-climatological-data/v2/access/2025/LCD_USW00013960_2025.csv,6649750,70e25f933d8000a9e59e441c4238465fb0b27addb99b28b9503f6ac66665714d,70e25f933d8000a9e59e441c4238465fb0b27addb99b28b9503f6ac66665714d,True,True,364,330,34,1,0,0,0,0,
USW00013962,https://www.ncei.noaa.gov/oa/local-climatological-data/v2/access/2025/LCD_USW00013962_2025.csv,200,https://www.ncei.noaa.gov/oa/local-climatological-data/v2/access/2025/LCD_USW00013962_2025.csv,9195959,4820d650c46794b85297530232a99a9015e7356657d550931b86a6d9af1e89df,4820d650c46794b85297530232a99a9015e7356657d550931b86a6d9af1e89df,True,True,365,347,18,0,0,0,0,0,
USW00013963,https://www.ncei.noaa.gov/oa/local-climatological-data/v2/access/2025/LCD_USW00013963_2025.csv,200,https://www.ncei.noaa.gov/oa/local-climatological-data/v2/access/2025/LCD_USW00013963_2025.csv,7377812,f413e0da49e15586d5a4e06510e4cb3c6b92228ca6d063b322dc73eb9a30ef21,f413e0da49e15586d5a4e06510e4cb3c6b92228ca6d063b322dc73eb9a30ef21,True,True,365,340,25,0,0,0,0,0,
USW00013964,https://www.ncei.noaa.gov/oa/local-climatological-data/v2/access/2025/LCD_USW00013964_2025.csv,200,https://www.ncei.noaa.gov/oa/local-climatological-data/v2/access/2025/LCD_USW00013964_2025.csv,9771310,657c12ae5ace42a5b1bbcdd59351c800232256ebc3473941ab2f516e9430a7b6,657c12ae5ace42a5b1bbcdd59351c800232256ebc3473941ab2f516e9430a7b6,True,True,365,338,27,0,0,0,0,0,
USW00013966,https://www.ncei.noaa.gov/oa/local-climatological-data/v2/access/2025/LCD_USW00013966_2025.csv,200,https://www.ncei.noaa.gov/oa/local-climatological-data/v2/access/2025/LCD_USW00013966_2025.csv,8404998,f7ba0e9e7182b078770331999750d980e7977a36d9350d4837404aad0150521c,f7ba0e9e7182b078770331999750d980e7977a36d9350d4837404aad0150521c,True,True,365,340,25,0,0,0,0,0,
USW00013967,https://www.ncei.noaa.gov/oa/local-climatological-data/v2/access/2025/LCD_USW00013967_2025.csv,200,https://www.ncei.noaa.gov/oa/local-climatological-data/v2/access/2025/LCD_USW00013967_2025.csv,8680389,5c06b8ffadfad520bc993ad168b07f29aa784f36ba73cad65ab1a4f1744ae95a,5c06b8ffadfad520bc993ad168b07f29aa784f36ba73cad65ab1a4f1744ae95a,True,True,365,324,41,0,0,0,0,0,
USW00013968,https://www.ncei.noaa.gov/oa/local-climatological-data/v2/access/2025/LCD_USW00013968_2025.csv,200,https://www.ncei.noaa.gov/oa/local-climatological-data/v2/access/2025/LCD_USW00013968_2025.csv,9298866,c1c3b5900b058f093c58d291389d06197c362a11cfcad42c585cc62c32c6b6a5,c1c3b5900b058f093c58d291389d06197c362a11cfcad42c585cc62c32c6b6a5,True,True,365,330,35,0,0,0,0,0,
USW00013970,https://www.ncei.noaa.gov/oa/local-climatological-data/v2/access/2025/LCD_USW00013970_2025.csv,200,https://www.ncei.noaa.gov/oa/local-climatological-data/v2/access/2025/LCD_USW00013970_2025.csv,7997089,fbdf2aa66dd253fa98767b84a19d14449fce3d1bd44c5a2773c36c7043a8f6ca,fbdf2aa66dd253fa98767b84a19d14449fce3d1bd44c5a2773c36c7043a8f6ca,True,True,364,306,58,1,0,0,0,0,
USW00013972,https://www.ncei.noaa.gov/oa/local-climatological-data/v2/access/2025/LCD_USW00013972_2025.csv,200,https://www.ncei.noaa.gov/oa/local-climatological-data/v2/access/2025/LCD_USW00013972_2025.csv,6906534,a8ab5b86fa83c376f47db8fc0ee89cd6c3bd7d7300cb96987693a7de2bc27c34,a8ab5b86fa83c376f47db8fc0ee89cd6c3bd7d7300cb96987693a7de2bc27c34,True,True,365,330,35,0,0,0,0,0,
USW00013976,https://www.ncei.noaa.gov/oa/local-climatological-data/v2/access/2025/LCD_USW00013976_2025.csv,200,https://www.ncei.noaa.gov/oa/local-climatological-data/v2/access/2025/LCD_USW00013976_2025.csv,7816559,7c3a50b5136e5926f3e9611defff1c984d696514554ac94ba6793fe51bd8ef5d,7c3a50b5136e5926f3e9611defff1c984d696514554ac94ba6793fe51bd8ef5d,True,True,364,343,21,1,0,0,0,0,
USW00013977,https://www.ncei.noaa.gov/oa/local-climatological-data/v2/access/2025/LCD_USW00013977_2025.csv,200,https://www.ncei.noaa.gov/oa/local-climatological-data/v2/access/2025/LCD_USW00013977_2025.csv,7208158,1a1b1afef1b73e6d796c7e84227d66abfcb866f372fa366d1419e3a7ce9261aa,1a1b1afef1b73e6d796c7e84227d66abfcb866f372fa366d1419e3a7ce9261aa,True,True,365,328,37,0,0,0,0,0,
USW00013985,https://www.ncei.noaa.gov/oa/local-climatological-data/v2/access/2025/LCD_USW00013985_2025.csv,200,https://www.ncei.noaa.gov/oa/local-climatological-data/v2/access/2025/LCD_USW00013985_2025.csv,9662705,13e990a99e106e9e504afcf86bcc327c7e39e9d5d3052aa91bbc2663f1793445,13e990a99e106e9e504afcf86bcc327c7e39e9d5d3052aa91bbc2663f1793445,True,True,365,318,47,0,0,0,0,0,
USW00013987,https://www.ncei.noaa.gov/oa/local-climatological-data/v2/access/2025/LCD_USW00013987_2025.csv,200,https://www.ncei.noaa.gov/oa/local-climatological-data/v2/access/2025/LCD_USW00013987_2025.csv,6850090,3f14a0620986160cc9772b08f197edbaa7df6ee66b67fed72149f8b3a3d3d870,3f14a0620986160cc9772b08f197edbaa7df6ee66b67fed72149f8b3a3d3d870,True,True,364,317,47,1,0,0,0,0,
USW00013994,https://www.ncei.noaa.gov/oa/local-climatological-data/v2/access/2025/LCD_USW00013994_2025.csv,200,https://www.ncei.noaa.gov/oa/local-climatological-data/v2/access/2025/LCD_USW00013994_2025.csv,10566526,b39d017441166bc1d941eff304055a66327d35d0998be4193d06639c79af1373,b39d017441166bc1d941eff304055a66327d35d0998be4193d06639c79af1373,True,True,365,304,61,0,0,0,0,0,
USW00013995,https://www.ncei.noaa.gov/oa/local-climatological-data/v2/access/2025/LCD_USW00013995_2025.csv,200,https://www.ncei.noaa.gov/oa/local-climatological-data/v2/access/2025/LCD_USW00013995_2025.csv,10293064,9a8bbd784b0b601faa3b8c0cab7e0bba87f8ffd7afc016ac27bf6d517e0c2f48,9a8bbd784b0b601faa3b8c0cab7e0bba87f8ffd7afc016ac27bf6d517e0c2f48,True,True,364,318,46,1,0,0,0,0,
USW00014604,https://www.ncei.noaa.gov/oa/local-climatological-data/v2/access/2025/LCD_USW00014604_2025.csv,200,https://www.ncei.noaa.gov/oa/local-climatological-data/v2/access/2025/LCD_USW00014604_2025.csv,7882225,f7a1f0db7c64f14971bc32bf962c0ddac386a90109f72d5b849b548aaf40a2d5,f7a1f0db7c64f14971bc32bf962c0ddac386a90109f72d5b849b548aaf40a2d5,True,True,332,278,54,33,0,0,0,0,
USW00014710,https://www.ncei.noaa.gov/oa/local-climatological-data/v2/access/2025/LCD_USW00014710_2025.csv,200,https://www.ncei.noaa.gov/oa/local-climatological-data/v2/access/2025/LCD_USW00014710_2025.csv,6601119,0b17bb0c5b9030f2fab41452e762cccb384ff8bc10dcc0397b962132e380dc27,0b17bb0c5b9030f2fab41452e762cccb384ff8bc10dcc0397b962132e380dc27,True,True,365,316,49,0,0,0,0,0,
USW00014711,https://www.ncei.noaa.gov/oa/local-climatological-data/v2/access/2025/LCD_USW00014711_2025.csv,200,https://www.ncei.noaa.gov/oa/local-climatological-data/v2/access/2025/LCD_USW00014711_2025.csv,7529801,9b3fc86a6c90bd0f2860210ca4513af6b8d437f1813f9e784ec6de6ac1c8398b,9b3fc86a6c90bd0f2860210ca4513af6b8d437f1813f9e784ec6de6ac1c8398b,True,True,365,312,53,0,0,0,0,0,
USW00014732,https://www.ncei.noaa.gov/oa/local-climatological-data/v2/access/2025/LCD_USW00014732_2025.csv,200,https://www.ncei.noaa.gov/oa/local-climatological-data/v2/access/2025/LCD_USW00014732_2025.csv,9054975,cfce47461806982b78bbbb1a78c08bbccbabdaf07240cfa092ee4460cbc0e1fb,cfce47461806982b78bbbb1a78c08bbccbabdaf07240cfa092ee4460cbc0e1fb,True,True,365,316,49,0,0,0,0,0,
USW00014733,https://www.ncei.noaa.gov/oa/local-climatological-data/v2/access/2025/LCD_USW00014733_2025.csv,200,https://www.ncei.noaa.gov/oa/local-climatological-data/v2/access/2025/LCD_USW00014733_2025.csv,10415365,fbc56816567ddebf5780086fe167afe2f10c01a51e24843a6c6af0a5a4b5618c,fbc56816567ddebf5780086fe167afe2f10c01a51e24843a6c6af0a5a4b5618c,True,True,365,287,78,0,0,0,0,0,
USW00014734,https://www.ncei.noaa.gov/oa/local-climatological-data/v2/access/2025/LCD_USW00014734_2025.csv,200,https://www.ncei.noaa.gov/oa/local-climatological-data/v2/access/2025/LCD_USW00014734_2025.csv,9166381,5d561870c0f19ca386418d16b53f1a8731e2df0746dfe8e4a8c406e03ea8020e,5d561870c0f19ca386418d16b53f1a8731e2df0746dfe8e4a8c406e03ea8020e,True,True,365,314,51,0,0,0,0,0,
USW00014735,https://www.ncei.noaa.gov/oa/local-climatological-data/v2/access/2025/LCD_USW00014735_2025.csv,200,https://www.ncei.noaa.gov/oa/local-climatological-data/v2/access/2025/LCD_USW00014735_2025.csv,9791789,d06505b13065593f16daa7d64bca2dec3286137a7351ae4d57e72ff0e276f727,d06505b13065593f16daa7d64bca2dec3286137a7351ae4d57e72ff0e276f727,True,True,365,294,71,0,0,0,0,0,
USW00014737,https://www.ncei.noaa.gov/oa/local-climatological-data/v2/access/2025/LCD_USW00014737_2025.csv,200,https://www.ncei.noaa.gov/oa/local-climatological-data/v2/access/2025/LCD_USW00014737_2025.csv,10294071,38b17449f688b08cb6d67c4f9b88efca1f5264b31ebdb7611bc1be3f359dc99d,38b17449f688b08cb6d67c4f9b88efca1f5264b31ebdb7611bc1be3f359dc99d,True,True,365,324,41,0,0,0,0,0,
USW00014739,https://www.ncei.noaa.gov/oa/local-climatological-data/v2/access/2025/LCD_USW00014739_2025.csv,200,https://www.ncei.noaa.gov/oa/local-climatological-data/v2/access/2025/LCD_USW00014739_2025.csv,9599896,23f16bf3a07334ef38c41bca8d495459cb87fc94af3d517910d76bfe96ef15d0,23f16bf3a07334ef38c41bca8d495459cb87fc94af3d517910d76bfe96ef15d0,True,True,365,315,50,0,0,0,0,0,
USW00014740,https://www.ncei.noaa.gov/oa/local-climatological-data/v2/access/2025/LCD_USW00014740_2025.csv,200,https://www.ncei.noaa.gov/oa/local-climatological-data/v2/access/2025/LCD_USW00014740_2025.csv,9558185,a8f9cf0eaefef3ed60fadf4cd7ab873131dea34147322593df08ba3e937ab0af,a8f9cf0eaefef3ed60fadf4cd7ab873131dea34147322593df08ba3e937ab0af,True,True,365,330,35,0,0,0,0,0,
USW00014742,https://www.ncei.noaa.gov/oa/local-climatological-data/v2/access/2025/LCD_USW00014742_2025.csv,200,https://www.ncei.noaa.gov/oa/local-climatological-data/v2/access/2025/LCD_USW00014742_2025.csv,10105398,6b51e58a56635dc2fc7dca20e3b462d4eaf9a758ac2eb45be7b9fa1214df91d4,6b51e58a56635dc2fc7dca20e3b462d4eaf9a758ac2eb45be7b9fa1214df91d4,True,True,365,307,58,0,0,0,0,0,
USW00014764,https://www.ncei.noaa.gov/oa/local-climatological-data/v2/access/2025/LCD_USW00014764_2025.csv,200,https://www.ncei.noaa.gov/oa/local-climatological-data/v2/access/2025/LCD_USW00014764_2025.csv,9061846,81e38f6367cfcc0c6d465ed34573b21e6b2f66485a8de1f112f00dbe1c687b25,81e38f6367cfcc0c6d465ed34573b21e6b2f66485a8de1f112f00dbe1c687b25,True,True,365,327,38,0,0,0,0,0,
USW00014765,https://www.ncei.noaa.gov/oa/local-climatological-data/v2/access/2025/LCD_USW00014765_2025.csv,200,https://www.ncei.noaa.gov/oa/local-climatological-data/v2/access/2025/LCD_USW00014765_2025.csv,9353852,579800a09225f8c32623a8920e158c71acdffec1e3d042e3fc38dc9685341d3c,579800a09225f8c32623a8920e158c71acdffec1e3d042e3fc38dc9685341d3c,True,True,365,326,39,0,0,0,0,0,
USW00014768,https://www.ncei.noaa.gov/oa/local-climatological-data/v2/access/2025/LCD_USW00014768_2025.csv,200,https://www.ncei.noaa.gov/oa/local-climatological-data/v2/access/2025/LCD_USW00014768_2025.csv,10084803,11c9fa9603e1f9f315cf68e0bee9a3f1b0ac5b4effad2dfe2babd118ecf0d1fd,11c9fa9603e1f9f315cf68e0bee9a3f1b0ac5b4effad2dfe2babd118ecf0d1fd,True,True,365,294,71,0,0,0,0,0,
USW00014771,https://www.ncei.noaa.gov/oa/local-climatological-data/v2/access/2025/LCD_USW00014771_2025.csv,200,https://www.ncei.noaa.gov/oa/local-climatological-data/v2/access/2025/LCD_USW00014771_2025.csv,10625727,7198adba2143a764bddf81a39e3dbdcb35aee440f3bd803a8e7151ae1fd651e4,7198adba2143a764bddf81a39e3dbdcb35aee440f3bd803a8e7151ae1fd651e4,True,True,365,311,54,0,0,0,0,0,
USW00014777,https://www.ncei.noaa.gov/oa/local-climatological-data/v2/access/2025/LCD_USW00014777_2025.csv,200,https://www.ncei.noaa.gov/oa/local-climatological-data/v2/access/2025/LCD_USW00014777_2025.csv,10248936,e76c2f5cdedf5ebc4e4d9327201e71680dea03eaee6b893bb840a3a8169761c1,e76c2f5cdedf5ebc4e4d9327201e71680dea03eaee6b893bb840a3a8169761c1,True,True,365,297,68,0,0,0,0,0,
USW00014792,https://www.ncei.noaa.gov/oa/local-climatological-data/v2/access/2025/LCD_USW00014792_2025.csv,200,https://www.ncei.noaa.gov/oa/local-climatological-data/v2/access/2025/LCD_USW00014792_2025.csv,7669434,314465ac159402cb5087adf77d6fc4f4fa5d530f9efcfdd87cc8b59bac20f31b,314465ac159402cb5087adf77d6fc4f4fa5d530f9efcfdd87cc8b59bac20f31b,True,True,365,333,32,0,0,0,0,0,
USW00014819,https://www.ncei.noaa.gov/oa/local-climatological-data/v2/access/2025/LCD_USW00014819_2025.csv,200,https://www.ncei.noaa.gov/oa/local-climatological-data/v2/access/2025/LCD_USW00014819_2025.csv,7594885,4d8e20bd4a1ea550f33b1a85ba56aa55116cb11008162789d227a62cedee4f06,4d8e20bd4a1ea550f33b1a85ba56aa55116cb11008162789d227a62cedee4f06,True,True,365,288,77,0,0,0,0,0,
USW00014820,https://www.ncei.noaa.gov/oa/local-climatological-data/v2/access/2025/LCD_USW00014820_2025.csv,200,https://www.ncei.noaa.gov/oa/local-climatological-data/v2/access/2025/LCD_USW00014820_2025.csv,9763244,0820ceeca5071ceb48ff4d5a1376734ec09903b9fda44533bd21cd2565d9d4ac,0820ceeca5071ceb48ff4d5a1376734ec09903b9fda44533bd21cd2565d9d4ac,True,True,365,318,47,0,0,0,0,0,
USW00014821,https://www.ncei.noaa.gov/oa/local-climatological-data/v2/access/2025/LCD_USW00014821_2025.csv,200,https://www.ncei.noaa.gov/oa/local-climatological-data/v2/access/2025/LCD_USW00014821_2025.csv,9617687,54782671f9a7e993351941d1db5fbd6ffbaf317167ececd0b905f8bf15413f7f,54782671f9a7e993351941d1db5fbd6ffbaf317167ececd0b905f8bf15413f7f,True,True,365,313,52,0,0,0,0,0,
USW00014826,https://www.ncei.noaa.gov/oa/local-climatological-data/v2/access/2025/LCD_USW00014826_2025.csv,200,https://www.ncei.noaa.gov/oa/local-climatological-data/v2/access/2025/LCD_USW00014826_2025.csv,10480657,4e929a3f4a55646d34f4734a6b82aacb58f58b4aef03ae03bf4bce098ca8cd1e,4e929a3f4a55646d34f4734a6b82aacb58f58b4aef03ae03bf4bce098ca8cd1e,True,True,365,292,73,0,0,0,0,0,
USW00014827,https://www.ncei.noaa.gov/oa/local-climatological-data/v2/access/2025/LCD_USW00014827_2025.csv,200,https://www.ncei.noaa.gov/oa/local-climatological-data/v2/access/2025/LCD_USW00014827_2025.csv,8903874,f305c7ae4e13524f73d4a96e87d58bab4e741cb71a4b73d3b877a63271c6ccc0,f305c7ae4e13524f73d4a96e87d58bab4e741cb71a4b73d3b877a63271c6ccc0,True,True,365,305,60,0,0,0,0,0,
USW00014836,https://www.ncei.noaa.gov/oa/local-climatological-data/v2/access/2025/LCD_USW00014836_2025.csv,200,https://www.ncei.noaa.gov/oa/local-climatological-data/v2/access/2025/LCD_USW00014836_2025.csv,10173399,47c4576963bdcdb07f0291a23332d72534684a6688487ed722ed1fad10478e0a,47c4576963bdcdb07f0291a23332d72534684a6688487ed722ed1fad10478e0a,True,True,361,308,53,4,0,0,0,0,
USW00014837,https://www.ncei.noaa.gov/oa/local-climatological-data/v2/access/2025/LCD_USW00014837_2025.csv,200,https://www.ncei.noaa.gov/oa/local-climatological-data/v2/access/2025/LCD_USW00014837_2025.csv,10106526,e9ee82ab887f9c6601fa99457914d59bb4c57280a8c341c0199cbad7ff126e5d,e9ee82ab887f9c6601fa99457914d59bb4c57280a8c341c0199cbad7ff126e5d,True,True,365,286,79,0,0,0,0,0,
USW00014839,https://www.ncei.noaa.gov/oa/local-climatological-data/v2/access/2025/LCD_USW00014839_2025.csv,200,https://www.ncei.noaa.gov/oa/local-climatological-data/v2/access/2025/LCD_USW00014839_2025.csv,9765980,724eb424a1268c37bbab104195b74d59726b647b170e57d5d7d844b505b0c755,724eb424a1268c37bbab104195b74d59726b647b170e57d5d7d844b505b0c755,True,True,365,319,46,0,0,0,0,0,
USW00014842,https://www.ncei.noaa.gov/oa/local-climatological-data/v2/access/2025/LCD_USW00014842_2025.csv,200,https://www.ncei.noaa.gov/oa/local-climatological-data/v2/access/2025/LCD_USW00014842_2025.csv,9072734,9e3fee2afed7cd77652e9c25e5582ec3822101ad0414d672c6a3b1cd26c58b26,9e3fee2afed7cd77652e9c25e5582ec3822101ad0414d672c6a3b1cd26c58b26,True,True,365,314,51,0,0,0,0,0,
USW00014845,https://www.ncei.noaa.gov/oa/local-climatological-data/v2/access/2025/LCD_USW00014845_2025.csv,200,https://www.ncei.noaa.gov/oa/local-climatological-data/v2/access/2025/LCD_USW00014845_2025.csv,7651886,06a9e10b2f0a59be38128e19425d93823bfab96ded530cfff8e32d78f7ca884b,06a9e10b2f0a59be38128e19425d93823bfab96ded530cfff8e32d78f7ca884b,True,True,365,298,67,0,0,0,0,0,
USW00014848,https://www.ncei.noaa.gov/oa/local-climatological-data/v2/access/2025/LCD_USW00014848_2025.csv,200,https://www.ncei.noaa.gov/oa/local-climatological-data/v2/access/2025/LCD_USW00014848_2025.csv,10533974,51ef5c215f9e3ea8a7f734af54ee5c668c592d0bb944104d4558b420180c8e8e,51ef5c215f9e3ea8a7f734af54ee5c668c592d0bb944104d4558b420180c8e8e,True,True,365,318,47,0,0,0,0,0,
USW00014850,https://www.ncei.noaa.gov/oa/local-climatological-data/v2/access/2025/LCD_USW00014850_2025.csv,200,https://www.ncei.noaa.gov/oa/local-climatological-data/v2/access/2025/LCD_USW00014850_2025.csv,7777073,fef1bd94c6e402915405c003ddb6f274bab53ee889c62df595e74c2836246f6d,fef1bd94c6e402915405c003ddb6f274bab53ee889c62df595e74c2836246f6d,True,True,364,276,88,1,0,0,0,0,
USW00014860,https://www.ncei.noaa.gov/oa/local-climatological-data/v2/access/2025/LCD_USW00014860_2025.csv,200,https://www.ncei.noaa.gov/oa/local-climatological-data/v2/access/2025/LCD_USW00014860_2025.csv,10971244,4893ee95a156c8c71f8a982946160d7de7dd53bd69392577061a532c535113ce,4893ee95a156c8c71f8a982946160d7de7dd53bd69392577061a532c535113ce,True,True,365,321,44,0,0,0,0,0,
USW00014895,https://www.ncei.noaa.gov/oa/local-climatological-data/v2/access/2025/LCD_USW00014895_2025.csv,200,https://www.ncei.noaa.gov/oa/local-climatological-data/v2/access/2025/LCD_USW00014895_2025.csv,9476767,4b8946f906fb7518a74889c0e54b3c48051daa5d50a9ec758b61f5680f31fbc6,4b8946f906fb7518a74889c0e54b3c48051daa5d50a9ec758b61f5680f31fbc6,True,True,365,303,62,0,0,0,0,0,
USW00014898,https://www.ncei.noaa.gov/oa/local-climatological-data/v2/access/2025/LCD_USW00014898_2025.csv,200,https://www.ncei.noaa.gov/oa/local-climatological-data/v2/access/2025/LCD_USW00014898_2025.csv,10332886,bbe23d97865e674a42c57b1d94612819b1f0d9ba40d87044931e33038cc2b5d3,bbe23d97865e674a42c57b1d94612819b1f0d9ba40d87044931e33038cc2b5d3,True,True,365,318,47,0,0,0,0,0,
USW00014905,https://www.ncei.noaa.gov/oa/local-climatological-data/v2/access/2025/LCD_USW00014905_2025.csv,200,https://www.ncei.noaa.gov/oa/local-climatological-data/v2/access/2025/LCD_USW00014905_2025.csv,6601599,0488d763356e93a7e34f646ddec933726e07b49f7872925e30728ec829fa470e,0488d763356e93a7e34f646ddec933726e07b49f7872925e30728ec829fa470e,True,True,348,296,52,17,0,0,0,0,
USW00014913,https://www.ncei.noaa.gov/oa/local-climatological-data/v2/access/2025/LCD_USW00014913_2025.csv,200,https://www.ncei.noaa.gov/oa/local-climatological-data/v2/access/2025/LCD_USW00014913_2025.csv,10999362,4e083c4795ab697afab12fd5cd590d092ffa7d84578fd7a710b363a00e340d53,4e083c4795ab697afab12fd5cd590d092ffa7d84578fd7a710b363a00e340d53,True,True,365,282,83,0,0,0,0,0,
USW00014914,https://www.ncei.noaa.gov/oa/local-climatological-data/v2/access/2025/LCD_USW00014914_2025.csv,200,https://www.ncei.noaa.gov/oa/local-climatological-data/v2/access/2025/LCD_USW00014914_2025.csv,8985889,6251743e42749cd1e0c6f4c9751deccebe58c6bff45e718fa69f7ce5284e44f2,6251743e42749cd1e0c6f4c9751deccebe58c6bff45e718fa69f7ce5284e44f2,True,True,365,304,61,0,0,0,0,0,
USW00014918,https://www.ncei.noaa.gov/oa/local-climatological-data/v2/access/2025/LCD_USW00014918_2025.csv,200,https://www.ncei.noaa.gov/oa/local-climatological-data/v2/access/2025/LCD_USW00014918_2025.csv,11384448,d2dc9a6ac1d59b877ba674cd1d281e72d83005db9b01eca81af95efe1838e7b7,d2dc9a6ac1d59b877ba674cd1d281e72d83005db9b01eca81af95efe1838e7b7,True,True,362,289,73,3,0,0,0,0,
USW00014920,https://www.ncei.noaa.gov/oa/local-climatological-data/v2/access/2025/LCD_USW00014920_2025.csv,200,https://www.ncei.noaa.gov/oa/local-climatological-data/v2/access/2025/LCD_USW00014920_2025.csv,7680160,d92d2933e59f5b97292cf7f420389fb9fb0c1b3e1361652e082ae237a6fdddcb,d92d2933e59f5b97292cf7f420389fb9fb0c1b3e1361652e082ae237a6fdddcb,True,True,365,301,64,0,0,0,0,0,
USW00014923,https://www.ncei.noaa.gov/oa/local-climatological-data/v2/access/2025/LCD_USW00014923_2025.csv,200,https://www.ncei.noaa.gov/oa/local-climatological-data/v2/access/2025/LCD_USW00014923_2025.csv,9931093,e274c414e13eca22d4b95fe68391c37338433e01ba22ed940ff680dbf353a040,e274c414e13eca22d4b95fe68391c37338433e01ba22ed940ff680dbf353a040,True,True,365,327,38,0,0,0,0,0,
USW00014925,https://www.ncei.noaa.gov/oa/local-climatological-data/v2/access/2025/LCD_USW00014925_2025.csv,200,https://www.ncei.noaa.gov/oa/local-climatological-data/v2/access/2025/LCD_USW00014925_2025.csv,10673029,925a3c6ce8bd49962c0f92b02295b83532cffa229c8e652bcbb30537f694c4b2,925a3c6ce8bd49962c0f92b02295b83532cffa229c8e652bcbb30537f694c4b2,True,True,365,311,54,0,0,0,0,0,
USW00014929,https://www.ncei.noaa.gov/oa/local-climatological-data/v2/access/2025/LCD_USW00014929_2025.csv,200,https://www.ncei.noaa.gov/oa/local-climatological-data/v2/access/2025/LCD_USW00014929_2025.csv,9650979,30fca1f74eb23da16cee3e4c89296adca61ad698103be484c7ab4147d6bbdfa0,30fca1f74eb23da16cee3e4c89296adca61ad698103be484c7ab4147d6bbdfa0,True,True,365,305,60,0,0,0,0,0,
USW00014933,https://www.ncei.noaa.gov/oa/local-climatological-data/v2/access/2025/LCD_USW00014933_2025.csv,200,https://www.ncei.noaa.gov/oa/local-climatological-data/v2/access/2025/LCD_USW00014933_2025.csv,9593578,aa89479460520fe0d02aae419972540219102c9a190688494948085634d49dda,aa89479460520fe0d02aae419972540219102c9a190688494948085634d49dda,True,True,365,305,60,0,0,0,0,0,
USW00014935,https://www.ncei.noaa.gov/oa/local-climatological-data/v2/access/2025/LCD_USW00014935_2025.csv,200,https://www.ncei.noaa.gov/oa/local-climatological-data/v2/access/2025/LCD_USW00014935_2025.csv,8694234,c1f9f78caa5d4e1bc9207fc541192b591012fc2e2304b1c9e8a3da51163af794,c1f9f78caa5d4e1bc9207fc541192b591012fc2e2304b1c9e8a3da51163af794,True,True,365,334,31,0,0,0,0,0,
USW00014939,https://www.ncei.noaa.gov/oa/local-climatological-data/v2/access/2025/LCD_USW00014939_2025.csv,200,https://www.ncei.noaa.gov/oa/local-climatological-data/v2/access/2025/LCD_USW00014939_2025.csv,8400285,897ed9b8552427bdaa3ff71c862c8c367992c68e9cf728b8879d56cf9231d95d,897ed9b8552427bdaa3ff71c862c8c367992c68e9cf728b8879d56cf9231d95d,True,True,365,319,46,0,0,0,0,0,
USW00014940,https://www.ncei.noaa.gov/oa/local-climatological-data/v2/access/2025/LCD_USW00014940_2025.csv,200,https://www.ncei.noaa.gov/oa/local-climatological-data/v2/access/2025/LCD_USW00014940_2025.csv,7363029,3693827e0f031302d9af6758ea0a54e12d1876a625df7ba009e5261ffed69c11,3693827e0f031302d9af6758ea0a54e12d1876a625df7ba009e5261ffed69c11,True,True,365,311,54,0,0,0,0,0,
USW00014942,https://www.ncei.noaa.gov/oa/local-climatological-data/v2/access/2025/LCD_USW00014942_2025.csv,200,https://www.ncei.noaa.gov/oa/local-climatological-data/v2/access/2025/LCD_USW00014942_2025.csv,9595301,b95759a54e0e64919d437af23409282db706e29c866e42f0fdfd533f1adbef65,b95759a54e0e64919d437af23409282db706e29c866e42f0fdfd533f1adbef65,True,True,365,303,62,0,0,0,0,0,
USW00014943,https://www.ncei.noaa.gov/oa/local-climatological-data/v2/access/2025/LCD_USW00014943_2025.csv,200,https://www.ncei.noaa.gov/oa/local-climatological-data/v2/access/2025/LCD_USW00014943_2025.csv,9954692,a79f2cce03b821a8fc9673cbae137bf3c3668d025b5c2d68dc3dd80a3d212235,a79f2cce03b821a8fc9673cbae137bf3c3668d025b5c2d68dc3dd80a3d212235,True,True,365,316,49,0,0,0,0,0,
USW00014990,https://www.ncei.noaa.gov/oa/local-climatological-data/v2/access/2025/LCD_USW00014990_2025.csv,200,https://www.ncei.noaa.gov/oa/local-climatological-data/v2/access/2025/LCD_USW00014990_2025.csv,7926456,90e03493e9893bcfc18830f107ac107cfd3cd1cee0c0c1ef0be5a9634f3d4059,90e03493e9893bcfc18830f107ac107cfd3cd1cee0c0c1ef0be5a9634f3d4059,True,True,355,310,45,10,0,0,0,0,
USW00014991,https://www.ncei.noaa.gov/oa/local-climatological-data/v2/access/2025/LCD_USW00014991_2025.csv,200,https://www.ncei.noaa.gov/oa/local-climatological-data/v2/access/2025/LCD_USW00014991_2025.csv,7479000,ab7fb46d58ca235fce24bff699031776ea7f09ee6f8488340fe6de677f820bda,ab7fb46d58ca235fce24bff699031776ea7f09ee6f8488340fe6de677f820bda,True,True,365,317,48,0,0,0,0,0,
USW00021510,https://www.ncei.noaa.gov/oa/local-climatological-data/v2/access/2025/LCD_USW00021510_2025.csv,200,https://www.ncei.noaa.gov/oa/local-climatological-data/v2/access/2025/LCD_USW00021510_2025.csv,6479312,d274910bca4972ea54a9e24482988d85fe7472e5d90eb30c426167a20a5ad9e5,d274910bca4972ea54a9e24482988d85fe7472e5d90eb30c426167a20a5ad9e5,True,True,365,288,77,0,0,0,0,0,
USW00023020,https://www.ncei.noaa.gov/oa/local-climatological-data/v2/access/2025/LCD_USW00023020_2025.csv,200,https://www.ncei.noaa.gov/oa/local-climatological-data/v2/access/2025/LCD_USW00023020_2025.csv,6497245,6912f5ff5d8a8759e9e5e908019e44e4665ed6431bd637ac1f745a7b8762f8ed,6912f5ff5d8a8759e9e5e908019e44e4665ed6431bd637ac1f745a7b8762f8ed,True,True,173,132,41,192,0,0,0,0,
USW00023042,https://www.ncei.noaa.gov/oa/local-climatological-data/v2/access/2025/LCD_USW00023042_2025.csv,200,https://www.ncei.noaa.gov/oa/local-climatological-data/v2/access/2025/LCD_USW00023042_2025.csv,8231723,e343801a4c5eb06a3cc4eeea435fb6f16650a3ff6f4612b1774c2d65df4d58a4,e343801a4c5eb06a3cc4eeea435fb6f16650a3ff6f4612b1774c2d65df4d58a4,True,True,365,323,42,0,0,0,0,0,
USW00023044,https://www.ncei.noaa.gov/oa/local-climatological-data/v2/access/2025/LCD_USW00023044_2025.csv,200,https://www.ncei.noaa.gov/oa/local-climatological-data/v2/access/2025/LCD_USW00023044_2025.csv,8531085,03dd98251019e258eeca0dbc23521144289a4f38e80f2beb31b9d01dbe1c8aff,03dd98251019e258eeca0dbc23521144289a4f38e80f2beb31b9d01dbe1c8aff,True,True,365,330,35,0,0,0,0,0,
USW00023049,https://www.ncei.noaa.gov/oa/local-climatological-data/v2/access/2025/LCD_USW00023049_2025.csv,200,https://www.ncei.noaa.gov/oa/local-climatological-data/v2/access/2025/LCD_USW00023049_2025.csv,6325140,778de6c8ade22c9dfb7632400cf164e52664e76a7925fae27a9aea8204264233,778de6c8ade22c9dfb7632400cf164e52664e76a7925fae27a9aea8204264233,True,True,362,325,37,3,0,0,0,0,
USW00023050,https://www.ncei.noaa.gov/oa/local-climatological-data/v2/access/2025/LCD_USW00023050_2025.csv,200,https://www.ncei.noaa.gov/oa/local-climatological-data/v2/access/2025/LCD_USW00023050_2025.csv,9192398,3b2fc594071ae58e02dd60eb130ba55279aa92be0305ebef96aeb36ff70b68df,3b2fc594071ae58e02dd60eb130ba55279aa92be0305ebef96aeb36ff70b68df,True,True,365,317,48,0,0,0,0,0,
USW00023064,https://www.ncei.noaa.gov/oa/local-climatological-data/v2/access/2025/LCD_USW00023064_2025.csv,200,https://www.ncei.noaa.gov/oa/local-climatological-data/v2/access/2025/LCD_USW00023064_2025.csv,6890527,1dea6c5dc0ec66a571c59187e34185a2f9792bb3519bc5ffeeed32c587ccee7f,1dea6c5dc0ec66a571c59187e34185a2f9792bb3519bc5ffeeed32c587ccee7f,True,True,365,318,47,0,0,0,0,0,
USW00023066,https://www.ncei.noaa.gov/oa/local-climatological-data/v2/access/2025/LCD_USW00023066_2025.csv,200,https://www.ncei.noaa.gov/oa/local-climatological-data/v2/access/2025/LCD_USW00023066_2025.csv,8995470,28e537a2b20c990fc42d50e68e4e020c450326916b213b3779b4a06987588b54,28e537a2b20c990fc42d50e68e4e020c450326916b213b3779b4a06987588b54,True,True,365,318,47,0,0,0,0,0,
USW00023129,https://www.ncei.noaa.gov/oa/local-climatological-data/v2/access/2025/LCD_USW00023129_2025.csv,200,https://www.ncei.noaa.gov/oa/local-climatological-data/v2/access/2025/LCD_USW00023129_2025.csv,8610328,16aaf9796f189ac6584d6ea6a423b2d62db0c49a84ff31fb811a3fa5e99b78b5,16aaf9796f189ac6584d6ea6a423b2d62db0c49a84ff31fb811a3fa5e99b78b5,True,True,365,351,14,0,0,0,0,0,
USW00023152,https://www.ncei.noaa.gov/oa/local-climatological-data/v2/access/2025/LCD_USW00023152_2025.csv,200,https://www.ncei.noaa.gov/oa/local-climatological-data/v2/access/2025/LCD_USW00023152_2025.csv,6629102,1e51aa97a761f46107d9fbf2e944777eec7ff6708f6ca5290f91da7398529cae,1e51aa97a761f46107d9fbf2e944777eec7ff6708f6ca5290f91da7398529cae,True,True,365,350,15,0,0,0,0,0,
USW00023155,https://www.ncei.noaa.gov/oa/local-climatological-data/v2/access/2025/LCD_USW00023155_2025.csv,200,https://www.ncei.noaa.gov/oa/local-climatological-data/v2/access/2025/LCD_USW00023155_2025.csv,8685377,040b8fbf72c1369984d5a1a0c3c2c2fa8dbb313577ca53c79aecea6783de5d81,040b8fbf72c1369984d5a1a0c3c2c2fa8dbb313577ca53c79aecea6783de5d81,True,True,365,345,20,0,0,0,0,0,
USW00023160,https://www.ncei.noaa.gov/oa/local-climatological-data/v2/access/2025/LCD_USW00023160_2025.csv,200,https://www.ncei.noaa.gov/oa/local-climatological-data/v2/access/2025/LCD_USW00023160_2025.csv,7607606,a8fb29ecfa4926a7055fed414f66038e4a3fe9675d58bd050e291d897f7e3c97,a8fb29ecfa4926a7055fed414f66038e4a3fe9675d58bd050e291d897f7e3c97,True,True,365,347,18,0,0,0,0,0,
USW00023169,https://www.ncei.noaa.gov/oa/local-climatological-data/v2/access/2025/LCD_USW00023169_2025.csv,200,https://www.ncei.noaa.gov/oa/local-climatological-data/v2/access/2025/LCD_USW00023169_2025.csv,9003715,80fddecc887c122c27e10105c97e15542c799a9a779b15d603e3189aaf5f2a2d,80fddecc887c122c27e10105c97e15542c799a9a779b15d603e3189aaf5f2a2d,True,True,365,343,22,0,0,0,0,0,
USW00023174,https://www.ncei.noaa.gov/oa/local-climatological-data/v2/access/2025/LCD_USW00023174_2025.csv,200,https://www.ncei.noaa.gov/oa/local-climatological-data/v2/access/2025/LCD_USW00023174_2025.csv,8948046,840686b1a9cf6a8d0534aaf750a41579135086e176f6632bb38cfdbbe8eebbe3,840686b1a9cf6a8d0534aaf750a41579135086e176f6632bb38cfdbbe8eebbe3,True,True,365,345,20,0,0,0,0,0,
USW00023183,https://www.ncei.noaa.gov/oa/local-climatological-data/v2/access/2025/LCD_USW00023183_2025.csv,200,https://www.ncei.noaa.gov/oa/local-climatological-data/v2/access/2025/LCD_USW00023183_2025.csv,8271863,37d24bb18c1d3056b7d1c87d31f73f38ddc2e72be2adeb1febdf001b8e520486,37d24bb18c1d3056b7d1c87d31f73f38ddc2e72be2adeb1febdf001b8e520486,True,True,365,341,24,0,0,0,0,0,
USW00023184,https://www.ncei.noaa.gov/oa/local-climatological-data/v2/access/2025/LCD_USW00023184_2025.csv,200,https://www.ncei.noaa.gov/oa/local-climatological-data/v2/access/2025/LCD_USW00023184_2025.csv,6264079,a5ff51fcc0643dda2484db0c957d76431fe1a48c1515f7c0ba2f93f6f2dce429,a5ff51fcc0643dda2484db0c957d76431fe1a48c1515f7c0ba2f93f6f2dce429,True,True,365,343,22,0,0,0,0,0,
USW00023185,https://www.ncei.noaa.gov/oa/local-climatological-data/v2/access/2025/LCD_USW00023185_2025.csv,200,https://www.ncei.noaa.gov/oa/local-climatological-data/v2/access/2025/LCD_USW00023185_2025.csv,8268860,0fc95d730e3e265ca0e1da41817762a055ec360049ed0cc93c50f701be871a2f,0fc95d730e3e265ca0e1da41817762a055ec360049ed0cc93c50f701be871a2f,True,True,365,325,40,0,0,0,0,0,
USW00023188,https://www.ncei.noaa.gov/oa/local-climatological-data/v2/access/2025/LCD_USW00023188_2025.csv,200,https://www.ncei.noaa.gov/oa/local-climatological-data/v2/access/2025/LCD_USW00023188_2025.csv,9865677,f16e37a80f9f7fc9f00444892e53e762933fdc2b636f5a87b7971ed0ea5541a6,f16e37a80f9f7fc9f00444892e53e762933fdc2b636f5a87b7971ed0ea5541a6,True,True,365,346,19,0,0,0,0,0,
USW00023213,https://www.ncei.noaa.gov/oa/local-climatological-data/v2/access/2025/LCD_USW00023213_2025.csv,200,https://www.ncei.noaa.gov/oa/local-climatological-data/v2/access/2025/LCD_USW00023213_2025.csv,7976932,2999fdea97cdcfaada5f82d92695b6993a3f026e064c4a5a284c9c407c2f4395,2999fdea97cdcfaada5f82d92695b6993a3f026e064c4a5a284c9c407c2f4395,True,True,363,337,26,2,0,0,0,0,
USW00023230,https://www.ncei.noaa.gov/oa/local-climatological-data/v2/access/2025/LCD_USW00023230_2025.csv,200,https://www.ncei.noaa.gov/oa/local-climatological-data/v2/access/2025/LCD_USW00023230_2025.csv,6015855,66671c27787b058d5a168cd7e6c5c9c396d4a26ff7d87b0774beb3d3a3d47d27,66671c27787b058d5a168cd7e6c5c9c396d4a26ff7d87b0774beb3d3a3d47d27,True,True,365,328,37,0,0,0,0,0,
USW00023234,https://www.ncei.noaa.gov/oa/local-climatological-data/v2/access/2025/LCD_USW00023234_2025.csv,200,https://www.ncei.noaa.gov/oa/local-climatological-data/v2/access/2025/LCD_USW00023234_2025.csv,9356789,4778c079fe13939c13533cf9eed1a0cb94a62d5788abecead50ad6a10103dc7e,4778c079fe13939c13533cf9eed1a0cb94a62d5788abecead50ad6a10103dc7e,True,True,365,341,24,0,0,0,0,0,
USW00023237,https://www.ncei.noaa.gov/oa/local-climatological-data/v2/access/2025/LCD_USW00023237_2025.csv,200,https://www.ncei.noaa.gov/oa/local-climatological-data/v2/access/2025/LCD_USW00023237_2025.csv,8065238,7324e26e5c269570f66b58bae0a34a7942afe24214bd678a1ff0fbdaff427f46,7324e26e5c269570f66b58bae0a34a7942afe24214bd678a1ff0fbdaff427f46,True,True,365,343,22,0,0,0,0,0,
USW00023259,https://www.ncei.noaa.gov/oa/local-climatological-data/v2/access/2025/LCD_USW00023259_2025.csv,200,https://www.ncei.noaa.gov/oa/local-climatological-data/v2/access/2025/LCD_USW00023259_2025.csv,7572868,8be2163f3066ba2a2473ffc81ffb84b5348ac8b62ccdf85a86b9ee5c25415eb0,8be2163f3066ba2a2473ffc81ffb84b5348ac8b62ccdf85a86b9ee5c25415eb0,True,True,365,351,14,0,0,0,0,0,
USW00023273,https://www.ncei.noaa.gov/oa/local-climatological-data/v2/access/2025/LCD_USW00023273_2025.csv,200,https://www.ncei.noaa.gov/oa/local-climatological-data/v2/access/2025/LCD_USW00023273_2025.csv,9776319,23151457a4dfbc7f3bf38259cb576991e5fc79a77581b25588975ec38230e519,23151457a4dfbc7f3bf38259cb576991e5fc79a77581b25588975ec38230e519,True,True,365,359,6,0,0,0,0,0,
USW00023293,https://www.ncei.noaa.gov/oa/local-climatological-data/v2/access/2025/LCD_USW00023293_2025.csv,200,https://www.ncei.noaa.gov/oa/local-climatological-data/v2/access/2025/LCD_USW00023293_2025.csv,6197097,8c6e217c042f9f1f01e8a3b3a1cc5859e3f7c42ece4406562b754bd211f0bcc3,8c6e217c042f9f1f01e8a3b3a1cc5859e3f7c42ece4406562b754bd211f0bcc3,True,True,365,339,26,0,0,0,0,0,
USW00024012,https://www.ncei.noaa.gov/oa/local-climatological-data/v2/access/2025/LCD_USW00024012_2025.csv,200,https://www.ncei.noaa.gov/oa/local-climatological-data/v2/access/2025/LCD_USW00024012_2025.csv,7816493,828098b886a91cc18d21917260aa7336e8fee4bfb8710c1bd3ab8729d6fbc940,828098b886a91cc18d21917260aa7336e8fee4bfb8710c1bd3ab8729d6fbc940,True,True,340,279,61,25,0,0,0,0,
USW00024013,https://www.ncei.noaa.gov/oa/local-climatological-data/v2/access/2025/LCD_USW00024013_2025.csv,200,https://www.ncei.noaa.gov/oa/local-climatological-data/v2/access/2025/LCD_USW00024013_2025.csv,7322452,8f7a541e0fb6bfaf38a1955458745c6ce7a62c425e56f3a467706391912b8bce,8f7a541e0fb6bfaf38a1955458745c6ce7a62c425e56f3a467706391912b8bce,True,True,340,293,47,25,0,0,0,0,
USW00024018,https://www.ncei.noaa.gov/oa/local-climatological-data/v2/access/2025/LCD_USW00024018_2025.csv,200,https://www.ncei.noaa.gov/oa/local-climatological-data/v2/access/2025/LCD_USW00024018_2025.csv,18805587,5e6cea243531f580ff72a700ff0e116c2692caecd8d03c430b5aa14dad90efa4,5e6cea243531f580ff72a700ff0e116c2692caecd8d03c430b5aa14dad90efa4,True,True,365,302,63,0,0,0,0,0,
USW00024022,https://www.ncei.noaa.gov/oa/local-climatological-data/v2/access/2025/LCD_USW00024022_2025.csv,200,https://www.ncei.noaa.gov/oa/local-climatological-data/v2/access/2025/LCD_USW00024022_2025.csv,6794556,c6df19cbd66728b02aa940dd147c2850a7d1c97fd61aaf9d9ceb099cf012138b,c6df19cbd66728b02aa940dd147c2850a7d1c97fd61aaf9d9ceb099cf012138b,True,True,365,288,77,0,0,0,0,0,
USW00024023,https://www.ncei.noaa.gov/oa/local-climatological-data/v2/access/2025/LCD_USW00024023_2025.csv,200,https://www.ncei.noaa.gov/oa/local-climatological-data/v2/access/2025/LCD_USW00024023_2025.csv,9858344,f6b0f3a2d665f1c5574f57e23609fe7ae0a17cb76e8f5972edba573124bb6171,f6b0f3a2d665f1c5574f57e23609fe7ae0a17cb76e8f5972edba573124bb6171,True,True,365,307,58,0,0,0,0,0,
USW00024028,https://www.ncei.noaa.gov/oa/local-climatological-data/v2/access/2025/LCD_USW00024028_2025.csv,200,https://www.ncei.noaa.gov/oa/local-climatological-data/v2/access/2025/LCD_USW00024028_2025.csv,9838975,ce1bbf0f1d9df504c5ed247e427de0dbac601b6970e54b80c130b96d8656449c,ce1bbf0f1d9df504c5ed247e427de0dbac601b6970e54b80c130b96d8656449c,True,True,365,297,68,0,0,0,0,0,
USW00024029,https://www.ncei.noaa.gov/oa/local-climatological-data/v2/access/2025/LCD_USW00024029_2025.csv,200,https://www.ncei.noaa.gov/oa/local-climatological-data/v2/access/2025/LCD_USW00024029_2025.csv,8754724,1957e81fc09a4e37ba0304fe85e94e07fd0b3e21c7829533168115f38c09d017,1957e81fc09a4e37ba0304fe85e94e07fd0b3e21c7829533168115f38c09d017,True,True,365,307,58,0,0,0,0,0,
USW00024033,https://www.ncei.noaa.gov/oa/local-climatological-data/v2/access/2025/LCD_USW00024033_2025.csv,200,https://www.ncei.noaa.gov/oa/local-climatological-data/v2/access/2025/LCD_USW00024033_2025.csv,9662953,bc2399c991cd0c5c060879b5266ab80d8fb5165f9cd5a79f1c3ca77061e83b9b,bc2399c991cd0c5c060879b5266ab80d8fb5165f9cd5a79f1c3ca77061e83b9b,True,True,365,294,71,0,0,0,0,0,
USW00024061,https://www.ncei.noaa.gov/oa/local-climatological-data/v2/access/2025/LCD_USW00024061_2025.csv,200,https://www.ncei.noaa.gov/oa/local-climatological-data/v2/access/2025/LCD_USW00024061_2025.csv,4496477,2cdf03ab1c46e24d3f66e564b6784554ea56e312a5abd9e97e5f4c3b70e15ddf,2cdf03ab1c46e24d3f66e564b6784554ea56e312a5abd9e97e5f4c3b70e15ddf,True,True,365,327,38,0,0,0,0,0,
USW00024089,https://www.ncei.noaa.gov/oa/local-climatological-data/v2/access/2025/LCD_USW00024089_2025.csv,200,https://www.ncei.noaa.gov/oa/local-climatological-data/v2/access/2025/LCD_USW00024089_2025.csv,10021270,4c0fd6762e5327956983b21fe65abc2d3987829f2c847babb8d55415fdb67ca0,4c0fd6762e5327956983b21fe65abc2d3987829f2c847babb8d55415fdb67ca0,True,True,364,301,63,1,0,0,0,0,
USW00024090,https://www.ncei.noaa.gov/oa/local-climatological-data/v2/access/2025/LCD_USW00024090_2025.csv,200,https://www.ncei.noaa.gov/oa/local-climatological-data/v2/access/2025/LCD_USW00024090_2025.csv,10398232,ce611740917262684b5f93ef06aeaa3511856979b3319eae6d5b2807bdb56f9e,ce611740917262684b5f93ef06aeaa3511856979b3319eae6d5b2807bdb56f9e,True,True,364,296,68,0,0,1,0,0,
USW00024121,https://www.ncei.noaa.gov/oa/local-climatological-data/v2/access/2025/LCD_USW00024121_2025.csv,200,https://www.ncei.noaa.gov/oa/local-climatological-data/v2/access/2025/LCD_USW00024121_2025.csv,7266499,8b1e854bdcc3c9858dbfc1ad62ee869b6d2e3b02b2122072ede1a2a6f876d947,8b1e854bdcc3c9858dbfc1ad62ee869b6d2e3b02b2122072ede1a2a6f876d947,True,True,365,337,28,0,0,0,0,0,
USW00024127,https://www.ncei.noaa.gov/oa/local-climatological-data/v2/access/2025/LCD_USW00024127_2025.csv,200,https://www.ncei.noaa.gov/oa/local-climatological-data/v2/access/2025/LCD_USW00024127_2025.csv,8978248,705eaaaa4af38c5c1c96bea68f3c965b3bd78ffceb385caa1a095f062a5c78cf,705eaaaa4af38c5c1c96bea68f3c965b3bd78ffceb385caa1a095f062a5c78cf,True,True,363,319,44,2,0,0,0,0,
USW00024131,https://www.ncei.noaa.gov/oa/local-climatological-data/v2/access/2025/LCD_USW00024131_2025.csv,200,https://www.ncei.noaa.gov/oa/local-climatological-data/v2/access/2025/LCD_USW00024131_2025.csv,8466045,a96d0eaf5e659722ba5de0f4b537be1dd2d2920cbe833c590389635880d861c0,a96d0eaf5e659722ba5de0f4b537be1dd2d2920cbe833c590389635880d861c0,True,True,365,323,42,0,0,0,0,0,
USW00024132,https://www.ncei.noaa.gov/oa/local-climatological-data/v2/access/2025/LCD_USW00024132_2025.csv,200,https://www.ncei.noaa.gov/oa/local-climatological-data/v2/access/2025/LCD_USW00024132_2025.csv,7147468,8cfb50599c18b20e2b2526d0217bce07976adf05c2193981486b0796bc94ffbf,8cfb50599c18b20e2b2526d0217bce07976adf05c2193981486b0796bc94ffbf,True,True,361,315,46,2,0,2,0,0,
USW00024135,https://www.ncei.noaa.gov/oa/local-climatological-data/v2/access/2025/LCD_USW00024135_2025.csv,200,https://www.ncei.noaa.gov/oa/local-climatological-data/v2/access/2025/LCD_USW00024135_2025.csv,6968170,50ab595e94e65f09e2b23733348d7a3fc831ddfc5e50cf44230a656ca621ce20,50ab595e94e65f09e2b23733348d7a3fc831ddfc5e50cf44230a656ca621ce20,True,True,365,289,76,0,0,0,0,0,
USW00024143,https://www.ncei.noaa.gov/oa/local-climatological-data/v2/access/2025/LCD_USW00024143_2025.csv,200,https://www.ncei.noaa.gov/oa/local-climatological-data/v2/access/2025/LCD_USW00024143_2025.csv,7706041,d8d5b87bf94e16a6d924c42c19e79ae154781179cb3d5e1d9033fe2edb17a3e5,d8d5b87bf94e16a6d924c42c19e79ae154781179cb3d5e1d9033fe2edb17a3e5,True,True,365,301,64,0,0,0,0,0,
USW00024144,https://www.ncei.noaa.gov/oa/local-climatological-data/v2/access/2025/LCD_USW00024144_2025.csv,200,https://www.ncei.noaa.gov/oa/local-climatological-data/v2/access/2025/LCD_USW00024144_2025.csv,9015574,ca01691936ef674d05eea4719d2bb1d8cc6c178b85f8f69dd9104fe6914bc74f,ca01691936ef674d05eea4719d2bb1d8cc6c178b85f8f69dd9104fe6914bc74f,True,True,365,320,45,0,0,0,0,0,
USW00024145,https://www.ncei.noaa.gov/oa/local-climatological-data/v2/access/2025/LCD_USW00024145_2025.csv,200,https://www.ncei.noaa.gov/oa/local-climatological-data/v2/access/2025/LCD_USW00024145_2025.csv,8028314,350b3b3fc1bbc8ed104bfeeb5bdda5621872f2a050002944adf7194c6535948e,350b3b3fc1bbc8ed104bfeeb5bdda5621872f2a050002944adf7194c6535948e,True,True,365,311,54,0,0,0,0,0,
USW00024149,https://www.ncei.noaa.gov/oa/local-climatological-data/v2/access/2025/LCD_USW00024149_2025.csv,200,https://www.ncei.noaa.gov/oa/local-climatological-data/v2/access/2025/LCD_USW00024149_2025.csv,9234851,e8524c039d424849650173e25ebbc94a1a16fad779a885fed4121177e176160e,e8524c039d424849650173e25ebbc94a1a16fad779a885fed4121177e176160e,True,True,365,326,39,0,0,0,0,0,
USW00024153,https://www.ncei.noaa.gov/oa/local-climatological-data/v2/access/2025/LCD_USW00024153_2025.csv,200,https://www.ncei.noaa.gov/oa/local-climatological-data/v2/access/2025/LCD_USW00024153_2025.csv,10366070,8925d00b7480cb01c9e386800795b999d95531bc846406222ed421fc5d3eecca,8925d00b7480cb01c9e386800795b999d95531bc846406222ed421fc5d3eecca,True,True,365,306,59,0,0,0,0,0,
USW00024157,https://www.ncei.noaa.gov/oa/local-climatological-data/v2/access/2025/LCD_USW00024157_2025.csv,200,https://www.ncei.noaa.gov/oa/local-climatological-data/v2/access/2025/LCD_USW00024157_2025.csv,9647752,57616f434ee30f962ad79b8782054a0c0db5308e695aba55636b7104765208b3,57616f434ee30f962ad79b8782054a0c0db5308e695aba55636b7104765208b3,True,True,365,309,56,0,0,0,0,0,
USW00024160,https://www.ncei.noaa.gov/oa/local-climatological-data/v2/access/2025/LCD_USW00024160_2025.csv,200,https://www.ncei.noaa.gov/oa/local-climatological-data/v2/access/2025/LCD_USW00024160_2025.csv,7477971,5ec7773fb96322dbd18e4947debc1f78cb00add3171050f5f75ebc09798a4ab5,5ec7773fb96322dbd18e4947debc1f78cb00add3171050f5f75ebc09798a4ab5,True,True,365,322,43,0,0,0,0,0,
USW00024163,https://www.ncei.noaa.gov/oa/local-climatological-data/v2/access/2025/LCD_USW00024163_2025.csv,200,https://www.ncei.noaa.gov/oa/local-climatological-data/v2/access/2025/LCD_USW00024163_2025.csv,6122604,3503a092fda8b550b73b9b9a81972dd8daa67062c82ce56d1d6ba48741701bce,3503a092fda8b550b73b9b9a81972dd8daa67062c82ce56d1d6ba48741701bce,True,True,365,312,53,0,0,0,0,0,
USW00024166,https://www.ncei.noaa.gov/oa/local-climatological-data/v2/access/2025/LCD_USW00024166_2025.csv,200,https://www.ncei.noaa.gov/oa/local-climatological-data/v2/access/2025/LCD_USW00024166_2025.csv,6913596,7d346f4530627096dc1aa90381466a3cbcfb2a5088201415d45eec9c57393598,7d346f4530627096dc1aa90381466a3cbcfb2a5088201415d45eec9c57393598,True,True,356,277,79,9,0,0,0,0,
USW00024217,https://www.ncei.noaa.gov/oa/local-climatological-data/v2/access/2025/LCD_USW00024217_2025.csv,200,https://www.ncei.noaa.gov/oa/local-climatological-data/v2/access/2025/LCD_USW00024217_2025.csv,7641425,ecd4633e931c68e04e9b7a9f42eafe5b277826be8bf9a84d55702d9ddb0b6b9c,ecd4633e931c68e04e9b7a9f42eafe5b277826be8bf9a84d55702d9ddb0b6b9c,True,True,364,320,44,1,0,0,0,0,
USW00024221,https://www.ncei.noaa.gov/oa/local-climatological-data/v2/access/2025/LCD_USW00024221_2025.csv,200,https://www.ncei.noaa.gov/oa/local-climatological-data/v2/access/2025/LCD_USW00024221_2025.csv,9494047,789d041c0f7cf30a87c5d2112cc7e9a046f77db629f41cc897f3742946875393,789d041c0f7cf30a87c5d2112cc7e9a046f77db629f41cc897f3742946875393,True,True,365,340,25,0,0,0,0,0,
USW00024225,https://www.ncei.noaa.gov/oa/local-climatological-data/v2/access/2025/LCD_USW00024225_2025.csv,200,https://www.ncei.noaa.gov/oa/local-climatological-data/v2/access/2025/LCD_USW00024225_2025.csv,9790252,0a4716ac79ca865bb622e6179eb6b7d9149b2f1c9f8109ea7c26bd445f45bd15,0a4716ac79ca865bb622e6179eb6b7d9149b2f1c9f8109ea7c26bd445f45bd15,True,True,364,324,40,1,0,0,0,0,
USW00024229,https://www.ncei.noaa.gov/oa/local-climatological-data/v2/access/2025/LCD_USW00024229_2025.csv,200,https://www.ncei.noaa.gov/oa/local-climatological-data/v2/access/2025/LCD_USW00024229_2025.csv,9524829,d52238d855affb5c2fab4f3e5527aa7ae1f8d65afb051902bbb8a3d41e830075,d52238d855affb5c2fab4f3e5527aa7ae1f8d65afb051902bbb8a3d41e830075,True,True,365,327,38,0,0,0,0,0,
USW00024230,https://www.ncei.noaa.gov/oa/local-climatological-data/v2/access/2025/LCD_USW00024230_2025.csv,200,https://www.ncei.noaa.gov/oa/local-climatological-data/v2/access/2025/LCD_USW00024230_2025.csv,6797006,0fc900ef86626ce2d1b308a78dac3514bbe93d9d82ba8ac9e74c8771e821df3a,0fc900ef86626ce2d1b308a78dac3514bbe93d9d82ba8ac9e74c8771e821df3a,True,True,365,317,48,0,0,0,0,0,
USW00024233,https://www.ncei.noaa.gov/oa/local-climatological-data/v2/access/2025/LCD_USW00024233_2025.csv,200,https://www.ncei.noaa.gov/oa/local-climatological-data/v2/access/2025/LCD_USW00024233_2025.csv,8798595,ae80c72346b897873ccc70a69f74626fe995655fa2bc788128cf05c9bf417fa8,ae80c72346b897873ccc70a69f74626fe995655fa2bc788128cf05c9bf417fa8,True,True,364,323,41,1,0,0,0,0,
USW00024243,https://www.ncei.noaa.gov/oa/local-climatological-data/v2/access/2025/LCD_USW00024243_2025.csv,200,https://www.ncei.noaa.gov/oa/local-climatological-data/v2/access/2025/LCD_USW00024243_2025.csv,7672138,dbad5d7a53b92573e0000560c2cdcd233e148dab464ce2ee9b65c38528103c87,dbad5d7a53b92573e0000560c2cdcd233e148dab464ce2ee9b65c38528103c87,True,True,364,310,54,1,0,0,0,0,
USW00024257,https://www.ncei.noaa.gov/oa/local-climatological-data/v2/access/2025/LCD_USW00024257_2025.csv,200,https://www.ncei.noaa.gov/oa/local-climatological-data/v2/access/2025/LCD_USW00024257_2025.csv,9031299,8569bff379c4563d864c5662548afecbb91a7a9dc0e4d18127c76a3c531ec4c5,8569bff379c4563d864c5662548afecbb91a7a9dc0e4d18127c76a3c531ec4c5,True,True,365,352,13,0,0,0,0,0,
USW00024283,https://www.ncei.noaa.gov/oa/local-climatological-data/v2/access/2025/LCD_USW00024283_2025.csv,200,https://www.ncei.noaa.gov/oa/local-climatological-data/v2/access/2025/LCD_USW00024283_2025.csv,9750935,200bedbc2fee838b8307b9ae33e11db0d001eb73906d258a7297a54dda46a2b3,200bedbc2fee838b8307b9ae33e11db0d001eb73906d258a7297a54dda46a2b3,True,True,365,344,21,0,0,0,0,0,
USW00024284,https://www.ncei.noaa.gov/oa/local-climatological-data/v2/access/2025/LCD_USW00024284_2025.csv,200,https://www.ncei.noaa.gov/oa/local-climatological-data/v2/access/2025/LCD_USW00024284_2025.csv,8433090,bc3268856ac9b627bec19eee997d53775c6f05de8d390344d49b3ec4960c8287,bc3268856ac9b627bec19eee997d53775c6f05de8d390344d49b3ec4960c8287,True,True,355,326,29,10,0,0,0,0,
USW00025329,https://www.ncei.noaa.gov/oa/local-climatological-data/v2/access/2025/LCD_USW00025329_2025.csv,200,https://www.ncei.noaa.gov/oa/local-climatological-data/v2/access/2025/LCD_USW00025329_2025.csv,9349651,f22e839bd4838efcbf6a7a3574ee8695003d5966fa7b783d1a7819c6c9e2d873,f22e839bd4838efcbf6a7a3574ee8695003d5966fa7b783d1a7819c6c9e2d873,True,True,363,317,46,2,0,0,0,0,
USW00025501,https://www.ncei.noaa.gov/oa/local-climatological-data/v2/access/2025/LCD_USW00025501_2025.csv,200,https://www.ncei.noaa.gov/oa/local-climatological-data/v2/access/2025/LCD_USW00025501_2025.csv,11894524,1f0fd684e6c2726de970ccab5214959a75ecdef7f56aadb14cac80a5a35cc3fb,1f0fd684e6c2726de970ccab5214959a75ecdef7f56aadb14cac80a5a35cc3fb,True,True,365,309,56,0,0,0,0,0,
USW00025503,https://www.ncei.noaa.gov/oa/local-climatological-data/v2/access/2025/LCD_USW00025503_2025.csv,200,https://www.ncei.noaa.gov/oa/local-climatological-data/v2/access/2025/LCD_USW00025503_2025.csv,10485087,00ed5b4916f7c5a021dc2cf8f5fa33dec7c73f4e135a11f09493530fc50c49e6,00ed5b4916f7c5a021dc2cf8f5fa33dec7c73f4e135a11f09493530fc50c49e6,True,True,364,299,65,1,0,0,0,0,
USW00026451,https://www.ncei.noaa.gov/oa/local-climatological-data/v2/access/2025/LCD_USW00026451_2025.csv,200,https://www.ncei.noaa.gov/oa/local-climatological-data/v2/access/2025/LCD_USW00026451_2025.csv,10002637,116c2e16fb08ccc1dcb5e0b412f152d8d384ee41ef340c6a96cf7495e99d7217,116c2e16fb08ccc1dcb5e0b412f152d8d384ee41ef340c6a96cf7495e99d7217,True,True,365,300,65,0,0,0,0,0,
USW00053893,https://www.ncei.noaa.gov/oa/local-climatological-data/v2/access/2025/LCD_USW00053893_2025.csv,200,https://www.ncei.noaa.gov/oa/local-climatological-data/v2/access/2025/LCD_USW00053893_2025.csv,7067672,4e8f27450e715707eb492d465cb24072ef08744189517fe48d1c068fe0eade70,4e8f27450e715707eb492d465cb24072ef08744189517fe48d1c068fe0eade70,True,True,362,325,37,3,0,0,0,0,
USW00053922,https://www.ncei.noaa.gov/oa/local-climatological-data/v2/access/2025/LCD_USW00053922_2025.csv,200,https://www.ncei.noaa.gov/oa/local-climatological-data/v2/access/2025/LCD_USW00053922_2025.csv,6997890,14cb7485409db1c578df90d13dd9f7f2d67ffaef5c02e94a62a5f5fef34b4154,14cb7485409db1c578df90d13dd9f7f2d67ffaef5c02e94a62a5f5fef34b4154,True,True,361,329,32,4,0,0,0,0,
USW00054831,https://www.ncei.noaa.gov/oa/local-climatological-data/v2/access/2025/LCD_USW00054831_2025.csv,200,https://www.ncei.noaa.gov/oa/local-climatological-data/v2/access/2025/LCD_USW00054831_2025.csv,6511685,d516ff3f80cd35036b0ee6cc9cf34be594ba5b1ba8f409e85dd580bd83db5fe6,d516ff3f80cd35036b0ee6cc9cf34be594ba5b1ba8f409e85dd580bd83db5fe6,True,True,342,280,62,23,0,0,0,0,
USW00073805,https://www.ncei.noaa.gov/oa/local-climatological-data/v2/access/2025/LCD_USW00073805_2025.csv,200,https://www.ncei.noaa.gov/oa/local-climatological-data/v2/access/2025/LCD_USW00073805_2025.csv,7961390,91acc42b9c6a477290ccdbde4c3015333cf7c4132cd7aced77d096dfa0fd6c2e,91acc42b9c6a477290ccdbde4c3015333cf7c4132cd7aced77d096dfa0fd6c2e,True,True,356,327,29,9,0,0,0,0,
USW00093005,https://www.ncei.noaa.gov/oa/local-climatological-data/v2/access/2025/LCD_USW00093005_2025.csv,200,https://www.ncei.noaa.gov/oa/local-climatological-data/v2/access/2025/LCD_USW00093005_2025.csv,6576799,6990a4f854c6a37d98c2c424adeef00004c78eb2fbd045cdb09c7e554859bfb7,6990a4f854c6a37d98c2c424adeef00004c78eb2fbd045cdb09c7e554859bfb7,True,True,365,322,43,0,0,0,0,0,
USW00093013,https://www.ncei.noaa.gov/oa/local-climatological-data/v2/access/2025/LCD_USW00093013_2025.csv,200,https://www.ncei.noaa.gov/oa/local-climatological-data/v2/access/2025/LCD_USW00093013_2025.csv,6147798,567472fa9ad89b69b930bbead0e43d632769b72453a980cc039ef957736d91ff,567472fa9ad89b69b930bbead0e43d632769b72453a980cc039ef957736d91ff,True,True,365,319,46,0,0,0,0,0,
USW00093037,https://www.ncei.noaa.gov/oa/local-climatological-data/v2/access/2025/LCD_USW00093037_2025.csv,200,https://www.ncei.noaa.gov/oa/local-climatological-data/v2/access/2025/LCD_USW00093037_2025.csv,7932125,c809ce966e28480a08fc12fe8ceb4d055a1086ee251ce29add608bc9adf6e7d1,c809ce966e28480a08fc12fe8ceb4d055a1086ee251ce29add608bc9adf6e7d1,True,True,365,300,65,0,0,0,0,0,
USW00093073,https://www.ncei.noaa.gov/oa/local-climatological-data/v2/access/2025/LCD_USW00093073_2025.csv,200,https://www.ncei.noaa.gov/oa/local-climatological-data/v2/access/2025/LCD_USW00093073_2025.csv,6962469,964913146d54aa1d617273f8660b32db17035f657172790ad9610d8eeffc8087,964913146d54aa1d617273f8660b32db17035f657172790ad9610d8eeffc8087,True,True,364,292,72,1,0,0,0,0,
USW00093129,https://www.ncei.noaa.gov/oa/local-climatological-data/v2/access/2025/LCD_USW00093129_2025.csv,200,https://www.ncei.noaa.gov/oa/local-climatological-data/v2/access/2025/LCD_USW00093129_2025.csv,6113553,84fc54c66b0e0e9487a34c9fb586fdd084feb00dbea5dbc6e58411065170d969,84fc54c66b0e0e9487a34c9fb586fdd084feb00dbea5dbc6e58411065170d969,True,True,364,333,31,1,0,0,0,0,
USW00093138,https://www.ncei.noaa.gov/oa/local-climatological-data/v2/access/2025/LCD_USW00093138_2025.csv,200,https://www.ncei.noaa.gov/oa/local-climatological-data/v2/access/2025/LCD_USW00093138_2025.csv,5915048,45b19a5bc55e70f7112b55cdf519370d512d8a4f434b94185531875036dd7024,45b19a5bc55e70f7112b55cdf519370d512d8a4f434b94185531875036dd7024,True,True,365,340,25,0,0,0,0,0,
USW00093184,https://www.ncei.noaa.gov/oa/local-climatological-data/v2/access/2025/LCD_USW00093184_2025.csv,200,https://www.ncei.noaa.gov/oa/local-climatological-data/v2/access/2025/LCD_USW00093184_2025.csv,6998219,19506e147750a595ee74f48571c8633655979c750c4515542f08a0624a943717,19506e147750a595ee74f48571c8633655979c750c4515542f08a0624a943717,True,True,365,341,24,0,0,0,0,0,
USW00093193,https://www.ncei.noaa.gov/oa/local-climatological-data/v2/access/2025/LCD_USW00093193_2025.csv,200,https://www.ncei.noaa.gov/oa/local-climatological-data/v2/access/2025/LCD_USW00093193_2025.csv,8673923,dcf3125e2c5d24d45209bf18ae623f8f3469217ad4a000cac5ee254122df6ded,dcf3125e2c5d24d45209bf18ae623f8f3469217ad4a000cac5ee254122df6ded,True,True,365,356,9,0,0,0,0,0,
USW00093206,https://www.ncei.noaa.gov/oa/local-climatological-data/v2/access/2025/LCD_USW00093206_2025.csv,200,https://www.ncei.noaa.gov/oa/local-climatological-data/v2/access/2025/LCD_USW00093206_2025.csv,7544652,059f7a527829b390c8287da9a3b919a3d63ee46a2da44aba8eb2afb6f5408c1d,059f7a527829b390c8287da9a3b919a3d63ee46a2da44aba8eb2afb6f5408c1d,True,True,365,345,20,0,0,0,0,0,
USW00093225,https://www.ncei.noaa.gov/oa/local-climatological-data/v2/access/2025/LCD_USW00093225_2025.csv,200,https://www.ncei.noaa.gov/oa/local-climatological-data/v2/access/2025/LCD_USW00093225_2025.csv,6189283,5bdf074785152dacffe33ab831f59a53940bb90a5951865d68c9d6a9ac3ecb5e,5bdf074785152dacffe33ab831f59a53940bb90a5951865d68c9d6a9ac3ecb5e,True,True,365,346,19,0,0,0,0,0,
USW00093706,https://www.ncei.noaa.gov/oa/local-climatological-data/v2/access/2025/LCD_USW00093706_2025.csv,200,https://www.ncei.noaa.gov/oa/local-climatological-data/v2/access/2025/LCD_USW00093706_2025.csv,7688709,ff7d5d94305d391da7196edb7632c92492d7042130d017fb518d32f1a03976a8,ff7d5d94305d391da7196edb7632c92492d7042130d017fb518d32f1a03976a8,True,True,362,316,46,3,0,0,0,0,
USW00093719,https://www.ncei.noaa.gov/oa/local-climatological-data/v2/access/2025/LCD_USW00093719_2025.csv,200,https://www.ncei.noaa.gov/oa/local-climatological-data/v2/access/2025/LCD_USW00093719_2025.csv,8065760,1872fd153d4343589ff39a4ef45fdfb9772e0ec8cb7c440ba9f74ee6299dd664,1872fd153d4343589ff39a4ef45fdfb9772e0ec8cb7c440ba9f74ee6299dd664,True,True,362,333,29,3,0,0,0,0,
USW00093720,https://www.ncei.noaa.gov/oa/local-climatological-data/v2/access/2025/LCD_USW00093720_2025.csv,200,https://www.ncei.noaa.gov/oa/local-climatological-data/v2/access/2025/LCD_USW00093720_2025.csv,7890057,97a9441e346e58d3cfe7292d9ff74bf8d67e976ca9449f3cd5b70dec83c7ba22,97a9441e346e58d3cfe7292d9ff74bf8d67e976ca9449f3cd5b70dec83c7ba22,True,True,365,310,55,0,0,0,0,0,
USW00093721,https://www.ncei.noaa.gov/oa/local-climatological-data/v2/access/2025/LCD_USW00093721_2025.csv,200,https://www.ncei.noaa.gov/oa/local-climatological-data/v2/access/2025/LCD_USW00093721_2025.csv,9696927,0d0e1f28d033e5c44a08df2f51b8d0576a5d822adf84d68b81fd71ad79cef99e,0d0e1f28d033e5c44a08df2f51b8d0576a5d822adf84d68b81fd71ad79cef99e,True,True,365,320,45,0,0,0,0,0,
USW00093736,https://www.ncei.noaa.gov/oa/local-climatological-data/v2/access/2025/LCD_USW00093736_2025.csv,200,https://www.ncei.noaa.gov/oa/local-climatological-data/v2/access/2025/LCD_USW00093736_2025.csv,8222798,a94654c291af36c166b803b5a6b5795ad03388052f10611bbd3286afd7c95c59,a94654c291af36c166b803b5a6b5795ad03388052f10611bbd3286afd7c95c59,True,True,364,328,36,1,0,0,0,0,
USW00093738,https://www.ncei.noaa.gov/oa/local-climatological-data/v2/access/2025/LCD_USW00093738_2025.csv,200,https://www.ncei.noaa.gov/oa/local-climatological-data/v2/access/2025/LCD_USW00093738_2025.csv,9265126,5d0abd8aba444130b3fbfbbcbc1bacecb6488d5a5dcbddc9e94924a0c210b33b,5d0abd8aba444130b3fbfbbcbc1bacecb6488d5a5dcbddc9e94924a0c210b33b,True,True,365,323,42,0,0,0,0,0,
USW00093740,https://www.ncei.noaa.gov/oa/local-climatological-data/v2/access/2025/LCD_USW00093740_2025.csv,200,https://www.ncei.noaa.gov/oa/local-climatological-data/v2/access/2025/LCD_USW00093740_2025.csv,7270168,4136014b2541e7c296dd5c1eacf99ba93978f2521d3537d469d5853ecdb6f2a7,4136014b2541e7c296dd5c1eacf99ba93978f2521d3537d469d5853ecdb6f2a7,True,True,365,341,24,0,0,0,0,0,
USW00093741,https://www.ncei.noaa.gov/oa/local-climatological-data/v2/access/2025/LCD_USW00093741_2025.csv,200,https://www.ncei.noaa.gov/oa/local-climatological-data/v2/access/2025/LCD_USW00093741_2025.csv,7560327,68c35e1e458a3bd782aa9722d7fb02c172e21581a7e15409ac9ee13ac7a15dd6,68c35e1e458a3bd782aa9722d7fb02c172e21581a7e15409ac9ee13ac7a15dd6,True,True,365,323,42,0,0,0,0,0,
USW00093805,https://www.ncei.noaa.gov/oa/local-climatological-data/v2/access/2025/LCD_USW00093805_2025.csv,200,https://www.ncei.noaa.gov/oa/local-climatological-data/v2/access/2025/LCD_USW00093805_2025.csv,9074153,1e4aec50675cb4aac0a57955bba9e8140ded974ad352b0030e7fcef21ff3ef20,1e4aec50675cb4aac0a57955bba9e8140ded974ad352b0030e7fcef21ff3ef20,True,True,364,332,32,1,0,0,0,0,
USW00093814,https://www.ncei.noaa.gov/oa/local-climatological-data/v2/access/2025/LCD_USW00093814_2025.csv,200,https://www.ncei.noaa.gov/oa/local-climatological-data/v2/access/2025/LCD_USW00093814_2025.csv,10119719,2a7cb7305025c0060582ff78aa6688859c4cf195d10b3af33a83786c46403bef,2a7cb7305025c0060582ff78aa6688859c4cf195d10b3af33a83786c46403bef,True,True,365,323,42,0,0,0,0,0,
USW00093815,https://www.ncei.noaa.gov/oa/local-climatological-data/v2/access/2025/LCD_USW00093815_2025.csv,200,https://www.ncei.noaa.gov/oa/local-climatological-data/v2/access/2025/LCD_USW00093815_2025.csv,9483282,ed071dc6fc267124ebe82a3f27282ca7a8bb35bc1baac9d07b267361679bffd3,ed071dc6fc267124ebe82a3f27282ca7a8bb35bc1baac9d07b267361679bffd3,True,True,365,304,61,0,0,0,0,0,
USW00093817,https://www.ncei.noaa.gov/oa/local-climatological-data/v2/access/2025/LCD_USW00093817_2025.csv,200,https://www.ncei.noaa.gov/oa/local-climatological-data/v2/access/2025/LCD_USW00093817_2025.csv,10120038,d5fc6f66bf4d1e9e2e52166d035336f537e91c67fe25639b4be2331ed5dd5dc4,d5fc6f66bf4d1e9e2e52166d035336f537e91c67fe25639b4be2331ed5dd5dc4,True,True,365,341,24,0,0,0,0,0,
USW00093819,https://www.ncei.noaa.gov/oa/local-climatological-data/v2/access/2025/LCD_USW00093819_2025.csv,200,https://www.ncei.noaa.gov/oa/local-climatological-data/v2/access/2025/LCD_USW00093819_2025.csv,10230435,7cec347f425d82f90d095f7469aa426778598ad25a97faca0f1219bb31c194be,7cec347f425d82f90d095f7469aa426778598ad25a97faca0f1219bb31c194be,True,True,365,301,64,0,0,0,0,0,
USW00093820,https://www.ncei.noaa.gov/oa/local-climatological-data/v2/access/2025/LCD_USW00093820_2025.csv,200,https://www.ncei.noaa.gov/oa/local-climatological-data/v2/access/2025/LCD_USW00093820_2025.csv,10385552,b4d31f890f377ac162786a70b3aca9346d2e6dda601b6d9563d7729d0311c9e9,b4d31f890f377ac162786a70b3aca9346d2e6dda601b6d9563d7729d0311c9e9,True,True,365,312,53,0,0,0,0,0,
USW00093821,https://www.ncei.noaa.gov/oa/local-climatological-data/v2/access/2025/LCD_USW00093821_2025.csv,200,https://www.ncei.noaa.gov/oa/local-climatological-data/v2/access/2025/LCD_USW00093821_2025.csv,10624822,38f0f4721c3af33457f5a963167e935e88206446a90fd44c1b4c5ad9a4ba2e8c,38f0f4721c3af33457f5a963167e935e88206446a90fd44c1b4c5ad9a4ba2e8c,True,True,365,303,62,0,0,0,0,0,
USW00093822,https://www.ncei.noaa.gov/oa/local-climatological-data/v2/access/2025/LCD_USW00093822_2025.csv,200,https://www.ncei.noaa.gov/oa/local-climatological-data/v2/access/2025/LCD_USW00093822_2025.csv,7027565,d4d6276bbed1f63b9d23925c63245ccfde647f1020f6c51083f685c5ebcf46a3,d4d6276bbed1f63b9d23925c63245ccfde647f1020f6c51083f685c5ebcf46a3,True,True,363,321,42,0,0,2,0,0,
USW00093845,https://www.ncei.noaa.gov/oa/local-climatological-data/v2/access/2025/LCD_USW00093845_2025.csv,200,https://www.ncei.noaa.gov/oa/local-climatological-data/v2/access/2025/LCD_USW00093845_2025.csv,7493586,8e596842c2d94facc57af2264ae651e1abfa08a5cad35466bb3c78489f31b61d,8e596842c2d94facc57af2264ae651e1abfa08a5cad35466bb3c78489f31b61d,True,True,364,330,34,1,0,0,0,0,
USW00093874,https://www.ncei.noaa.gov/oa/local-climatological-data/v2/access/2025/LCD_USW00093874_2025.csv,200,https://www.ncei.noaa.gov/oa/local-climatological-data/v2/access/2025/LCD_USW00093874_2025.csv,7544756,061ceca0b796650bc99af9799c2666b79a11e542d82ccd24a789f1ab1febf6ec,061ceca0b796650bc99af9799c2666b79a11e542d82ccd24a789f1ab1febf6ec,True,True,361,342,19,4,0,0,0,0,
USW00094129,https://www.ncei.noaa.gov/oa/local-climatological-data/v2/access/2025/LCD_USW00094129_2025.csv,200,https://www.ncei.noaa.gov/oa/local-climatological-data/v2/access/2025/LCD_USW00094129_2025.csv,7056843,18d1baa7e8f71eb0159b971e391eac7f4d1e7c3c8692099ff0109eb26d2c7dfe,18d1baa7e8f71eb0159b971e391eac7f4d1e7c3c8692099ff0109eb26d2c7dfe,True,True,365,320,45,0,0,0,0,0,
USW00094178,https://www.ncei.noaa.gov/oa/local-climatological-data/v2/access/2025/LCD_USW00094178_2025.csv,200,https://www.ncei.noaa.gov/oa/local-climatological-data/v2/access/2025/LCD_USW00094178_2025.csv,6543665,3033ca01bdce8b9d6abcbf09bb77507784538ad7e5700508e6e769d64050eac4,3033ca01bdce8b9d6abcbf09bb77507784538ad7e5700508e6e769d64050eac4,True,True,365,312,53,0,0,0,0,0,
USW00094239,https://www.ncei.noaa.gov/oa/local-climatological-data/v2/access/2025/LCD_USW00094239_2025.csv,200,https://www.ncei.noaa.gov/oa/local-climatological-data/v2/access/2025/LCD_USW00094239_2025.csv,6812215,0363bb52e08759669fe6d2441a761c007ee4d8429ec3a482bb736197c2d7ef40,0363bb52e08759669fe6d2441a761c007ee4d8429ec3a482bb736197c2d7ef40,True,True,365,309,56,0,0,0,0,0,
USW00094746,https://www.ncei.noaa.gov/oa/local-climatological-data/v2/access/2025/LCD_USW00094746_2025.csv,200,https://www.ncei.noaa.gov/oa/local-climatological-data/v2/access/2025/LCD_USW00094746_2025.csv,7838679,7ee97c885c26005998bf821fd0258ada3f23131389c93ac347cbd40e20421ab1,7ee97c885c26005998bf821fd0258ada3f23131389c93ac347cbd40e20421ab1,True,True,365,307,58,0,0,0,0,0,
USW00094789,https://www.ncei.noaa.gov/oa/local-climatological-data/v2/access/2025/LCD_USW00094789_2025.csv,200,https://www.ncei.noaa.gov/oa/local-climatological-data/v2/access/2025/LCD_USW00094789_2025.csv,9017079,19a460d1fbc44a80f3953dc705504e19405d0f3c5e197378db6f5ba0d6b21968,19a460d1fbc44a80f3953dc705504e19405d0f3c5e197378db6f5ba0d6b21968,True,True,365,328,37,0,0,0,0,0,
USW00094790,https://www.ncei.noaa.gov/oa/local-climatological-data/v2/access/2025/LCD_USW00094790_2025.csv,200,https://www.ncei.noaa.gov/oa/local-climatological-data/v2/access/2025/LCD_USW00094790_2025.csv,11664228,f3040be777e20e4cd6d0665019c895ccf64cc53b790ed62fdee02a30da74b289,f3040be777e20e4cd6d0665019c895ccf64cc53b790ed62fdee02a30da74b289,True,True,365,290,75,0,0,0,0,0,
USW00094815,https://www.ncei.noaa.gov/oa/local-climatological-data/v2/access/2025/LCD_USW00094815_2025.csv,200,https://www.ncei.noaa.gov/oa/local-climatological-data/v2/access/2025/LCD_USW00094815_2025.csv,9206905,18b4870f48b107f5dc8036b964a2ca44e10c0830d8c6f14a4f8e4f0e230da47d,18b4870f48b107f5dc8036b964a2ca44e10c0830d8c6f14a4f8e4f0e230da47d,True,True,364,290,74,1,0,0,0,0,
USW00094822,https://www.ncei.noaa.gov/oa/local-climatological-data/v2/access/2025/LCD_USW00094822_2025.csv,200,https://www.ncei.noaa.gov/oa/local-climatological-data/v2/access/2025/LCD_USW00094822_2025.csv,8810740,a79a38b3553e0273cb79bbb7921b8a4356db8112c9627b2305126ec763454076,a79a38b3553e0273cb79bbb7921b8a4356db8112c9627b2305126ec763454076,True,True,365,282,83,0,0,0,0,0,
USW00094823,https://www.ncei.noaa.gov/oa/local-climatological-data/v2/access/2025/LCD_USW00094823_2025.csv,200,https://www.ncei.noaa.gov/oa/local-climatological-data/v2/access/2025/LCD_USW00094823_2025.csv,9295819,364993874b5968ff50373e8c7748a8748460043640af686ce059790011d8be69,364993874b5968ff50373e8c7748a8748460043640af686ce059790011d8be69,True,True,365,300,65,0,0,0,0,0,
USW00094830,https://www.ncei.noaa.gov/oa/local-climatological-data/v2/access/2025/LCD_USW00094830_2025.csv,200,https://www.ncei.noaa.gov/oa/local-climatological-data/v2/access/2025/LCD_USW00094830_2025.csv,9510785,91c0bf773e63624cc12faf7b3e62712e2cdba9b426b09a0e7ec6cc7913d695a3,91c0bf773e63624cc12faf7b3e62712e2cdba9b426b09a0e7ec6cc7913d695a3,True,True,365,326,39,0,0,0,0,0,
USW00094847,https://www.ncei.noaa.gov/oa/local-climatological-data/v2/access/2025/LCD_USW00094847_2025.csv,200,https://www.ncei.noaa.gov/oa/local-climatological-data/v2/access/2025/LCD_USW00094847_2025.csv,10281566,22162bcdb974b625ded4e489141c7f39cec6e8c9cc19f42879f32a2857f95fcc,22162bcdb974b625ded4e489141c7f39cec6e8c9cc19f42879f32a2857f95fcc,True,True,365,284,81,0,0,0,0,0,
USW00094849,https://www.ncei.noaa.gov/oa/local-climatological-data/v2/access/2025/LCD_USW00094849_2025.csv,200,https://www.ncei.noaa.gov/oa/local-climatological-data/v2/access/2025/LCD_USW00094849_2025.csv,9652788,a2a6c358c42cf5960cda04f3275e736276ddfcf84cdaedcbbfc8f2b88b648c20,a2a6c358c42cf5960cda04f3275e736276ddfcf84cdaedcbbfc8f2b88b648c20,True,True,360,282,78,5,0,0,0,0,
USW00094860,https://www.ncei.noaa.gov/oa/local-climatological-data/v2/access/2025/LCD_USW00094860_2025.csv,200,https://www.ncei.noaa.gov/oa/local-climatological-data/v2/access/2025/LCD_USW00094860_2025.csv,10685101,85c60f097e98ea64c491694cc56287897d0900465d3fedc8af7f01ab6e63f080,85c60f097e98ea64c491694cc56287897d0900465d3fedc8af7f01ab6e63f080,True,True,365,293,72,0,0,0,0,0,
USW00094870,https://www.ncei.noaa.gov/oa/local-climatological-data/v2/access/2025/LCD_USW00094870_2025.csv,200,https://www.ncei.noaa.gov/oa/local-climatological-data/v2/access/2025/LCD_USW00094870_2025.csv,7407925,d90180964af201835b933b47fbed6e3465c73b58067ecd4afb95c678eb55ed2f,d90180964af201835b933b47fbed6e3465c73b58067ecd4afb95c678eb55ed2f,True,True,353,301,52,12,0,0,0,0,
USW00094893,https://www.ncei.noaa.gov/oa/local-climatological-data/v2/access/2025/LCD_USW00094893_2025.csv,200,https://www.ncei.noaa.gov/oa/local-climatological-data/v2/access/2025/LCD_USW00094893_2025.csv,8171043,9c6a6708e1f4c484375a544b4633ca34219e92080a6c083bd773720c493d4ad3,9c6a6708e1f4c484375a544b4633ca34219e92080a6c083bd773720c493d4ad3,True,True,346,212,134,19,0,0,0,0,
USW00094910,https://www.ncei.noaa.gov/oa/local-climatological-data/v2/access/2025/LCD_USW00094910_2025.csv,200,https://www.ncei.noaa.gov/oa/local-climatological-data/v2/access/2025/LCD_USW00094910_2025.csv,9723801,44eaf1ca0f0b4aca9db242f6b04c027ae63e0421482ffc000c9df7aebaaf08e1,44eaf1ca0f0b4aca9db242f6b04c027ae63e0421482ffc000c9df7aebaaf08e1,True,True,365,322,43,0,0,0,0,0,
USW00094931,https://www.ncei.noaa.gov/oa/local-climatological-data/v2/access/2025/LCD_USW00094931_2025.csv,200,https://www.ncei.noaa.gov/oa/local-climatological-data/v2/access/2025/LCD_USW00094931_2025.csv,8430664,1b28b1e475aaa172d40522cbaa736dfe821ba3367454b8eac835388e10bd16be,1b28b1e475aaa172d40522cbaa736dfe821ba3367454b8eac835388e10bd16be,True,True,303,215,88,62,0,0,0,0,
USW00094938,https://www.ncei.noaa.gov/oa/local-climatological-data/v2/access/2025/LCD_USW00094938_2025.csv,200,https://www.ncei.noaa.gov/oa/local-climatological-data/v2/access/2025/LCD_USW00094938_2025.csv,7965594,23ddff4bf44c8d3fefbfbcbe98498f3d1e08cddc1a7c4865300c8c8d90dc649c,23ddff4bf44c8d3fefbfbcbe98498f3d1e08cddc1a7c4865300c8c8d90dc649c,True,True,303,273,30,62,0,0,0,0,
