Reference_Date,Carrier,Geography
2024-01-01,CN,CN terminal area, Edmonton
2024-01-01,CN,CN terminal area, Kamloops
2024-01-01,CN,CN terminal area, Montreal
2024-01-01,CN,CN terminal area, Prince George
2024-01-01,CN,CN terminal area, Prince Rupert
2024-01-01,CN,CN terminal area, Sarnia
2024-01-01,CN,CN terminal area, Saskatoon
2024-01-01,CN,CN terminal area, Toronto
2024-01-01,CN,CN terminal area, Vancouver
2024-01-01,CN,CN terminal area, Winnipeg
2024-01-01,CPKC,CPKC terminal area, Calgary
2024-01-01,CPKC,CPKC terminal area, Edmonton
2024-01-01,CPKC,CPKC terminal area, Lethbridge
2024-01-01,CPKC,CPKC terminal area, Montreal
2024-01-01,CPKC,CPKC terminal area, Moose Jaw
2024-01-01,CPKC,CPKC terminal area, Red Deer
2024-01-01,CPKC,CPKC terminal area, Toronto
2024-01-01,CPKC,CPKC terminal area, Vancouver
2024-01-01,CPKC,CPKC terminal area, Winnipeg
2024-01-08,CN,CN terminal area, Edmonton
2024-01-08,CN,CN terminal area, Kamloops
2024-01-08,CN,CN terminal area, Montreal
2024-01-08,CN,CN terminal area, Prince George
2024-01-08,CN,CN terminal area, Prince Rupert
2024-01-08,CN,CN terminal area, Sarnia
2024-01-08,CN,CN terminal area, Saskatoon
2024-01-08,CN,CN terminal area, Toronto
2024-01-08,CN,CN terminal area, Vancouver
2024-01-08,CN,CN terminal area, Winnipeg
2024-01-08,CPKC,CPKC terminal area, Calgary
2024-01-08,CPKC,CPKC terminal area, Edmonton
2024-01-08,CPKC,CPKC terminal area, Lethbridge
2024-01-08,CPKC,CPKC terminal area, Montreal
2024-01-08,CPKC,CPKC terminal area, Moose Jaw
2024-01-08,CPKC,CPKC terminal area, Red Deer
2024-01-08,CPKC,CPKC terminal area, Toronto
2024-01-08,CPKC,CPKC terminal area, Vancouver
2024-01-08,CPKC,CPKC terminal area, Winnipeg
2024-01-15,CN,CN terminal area, Edmonton
2024-01-15,CN,CN terminal area, Kamloops
2024-01-15,CN,CN terminal area, Montreal
2024-01-15,CN,CN terminal area, Prince George
2024-01-15,CN,CN terminal area, Prince Rupert
2024-01-15,CN,CN terminal area, Sarnia
2024-01-15,CN,CN terminal area, Saskatoon
2024-01-15,CN,CN terminal area, Toronto
2024-01-15,CN,CN terminal area, Vancouver
2024-01-15,CN,CN terminal area, Winnipeg
2024-01-15,CPKC,CPKC terminal area, Calgary
2024-01-15,CPKC,CPKC terminal area, Edmonton
2024-01-15,CPKC,CPKC terminal area, Lethbridge
2024-01-15,CPKC,CPKC terminal area, Montreal
2024-01-15,CPKC,CPKC terminal area, Moose Jaw
2024-01-15,CPKC,CPKC terminal area, Red Deer
2024-01-15,CPKC,CPKC terminal area, Toronto
2024-01-15,CPKC,CPKC terminal area, Vancouver
2024-01-15,CPKC,CPKC terminal area, Winnipeg
2024-01-22,CN,CN terminal area, Edmonton
2024-01-22,CN,CN terminal area, Kamloops
2024-01-22,CN,CN terminal area, Montreal
2024-01-22,CN,CN terminal area, Prince George
2024-01-22,CN,CN terminal area, Prince Rupert
2024-01-22,CN,CN terminal area, Sarnia
2024-01-22,CN,CN terminal area, Saskatoon
2024-01-22,CN,CN terminal area, Toronto
2024-01-22,CN,CN terminal area, Vancouver
2024-01-22,CN,CN terminal area, Winnipeg
2024-01-22,CPKC,CPKC terminal area, Calgary
2024-01-22,CPKC,CPKC terminal area, Edmonton
2024-01-22,CPKC,CPKC terminal area, Lethbridge
2024-01-22,CPKC,CPKC terminal area, Montreal
2024-01-22,CPKC,CPKC terminal area, Moose Jaw
2024-01-22,CPKC,CPKC terminal area, Red Deer
2024-01-22,CPKC,CPKC terminal area, Toronto
2024-01-22,CPKC,CPKC terminal area, Vancouver
2024-01-22,CPKC,CPKC terminal area, Winnipeg
2024-01-29,CN,CN terminal area, Edmonton
2024-01-29,CN,CN terminal area, Kamloops
2024-01-29,CN,CN terminal area, Montreal
2024-01-29,CN,CN terminal area, Prince George
2024-01-29,CN,CN terminal area, Prince Rupert
2024-01-29,CN,CN terminal area, Sarnia
2024-01-29,CN,CN terminal area, Saskatoon
2024-01-29,CN,CN terminal area, Toronto
2024-01-29,CN,CN terminal area, Vancouver
2024-01-29,CN,CN terminal area, Winnipeg
2024-01-29,CPKC,CPKC terminal area, Calgary
2024-01-29,CPKC,CPKC terminal area, Edmonton
2024-01-29,CPKC,CPKC terminal area, Lethbridge
2024-01-29,CPKC,CPKC terminal area, Montreal
2024-01-29,CPKC,CPKC terminal area, Moose Jaw
2024-01-29,CPKC,CPKC terminal area, Red Deer
2024-01-29,CPKC,CPKC terminal area, Toronto
2024-01-29,CPKC,CPKC terminal area, Vancouver
2024-01-29,CPKC,CPKC terminal area, Winnipeg
2024-02-05,CN,CN terminal area, Edmonton
2024-02-05,CN,CN terminal area, Kamloops
2024-02-05,CN,CN terminal area, Montreal
2024-02-05,CN,CN terminal area, Prince George
2024-02-05,CN,CN terminal area, Prince Rupert
2024-02-05,CN,CN terminal area, Sarnia
2024-02-05,CN,CN terminal area, Saskatoon
2024-02-05,CN,CN terminal area, Toronto
2024-02-05,CN,CN terminal area, Vancouver
2024-02-05,CN,CN terminal area, Winnipeg
2024-02-05,CPKC,CPKC terminal area, Calgary
2024-02-05,CPKC,CPKC terminal area, Edmonton
2024-02-05,CPKC,CPKC terminal area, Lethbridge
2024-02-05,CPKC,CPKC terminal area, Montreal
2024-02-05,CPKC,CPKC terminal area, Moose Jaw
2024-02-05,CPKC,CPKC terminal area, Red Deer
2024-02-05,CPKC,CPKC terminal area, Toronto
2024-02-05,CPKC,CPKC terminal area, Vancouver
2024-02-05,CPKC,CPKC terminal area, Winnipeg
2024-02-12,CN,CN terminal area, Edmonton
2024-02-12,CN,CN terminal area, Kamloops
2024-02-12,CN,CN terminal area, Montreal
2024-02-12,CN,CN terminal area, Prince George
2024-02-12,CN,CN terminal area, Prince Rupert
2024-02-12,CN,CN terminal area, Sarnia
2024-02-12,CN,CN terminal area, Saskatoon
2024-02-12,CN,CN terminal area, Toronto
2024-02-12,CN,CN terminal area, Vancouver
2024-02-12,CN,CN terminal area, Winnipeg
2024-02-12,CPKC,CPKC terminal area, Calgary
2024-02-12,CPKC,CPKC terminal area, Edmonton
2024-02-12,CPKC,CPKC terminal area, Lethbridge
2024-02-12,CPKC,CPKC terminal area, Montreal
2024-02-12,CPKC,CPKC terminal area, Moose Jaw
2024-02-12,CPKC,CPKC terminal area, Red Deer
2024-02-12,CPKC,CPKC terminal area, Toronto
2024-02-12,CPKC,CPKC terminal area, Vancouver
2024-02-12,CPKC,CPKC terminal area, Winnipeg
2024-02-19,CN,CN terminal area, Edmonton
2024-02-19,CN,CN terminal area, Kamloops
2024-02-19,CN,CN terminal area, Montreal
2024-02-19,CN,CN terminal area, Prince George
2024-02-19,CN,CN terminal area, Prince Rupert
2024-02-19,CN,CN terminal area, Sarnia
2024-02-19,CN,CN terminal area, Saskatoon
2024-02-19,CN,CN terminal area, Toronto
2024-02-19,CN,CN terminal area, Vancouver
2024-02-19,CN,CN terminal area, Winnipeg
2024-02-19,CPKC,CPKC terminal area, Calgary
2024-02-19,CPKC,CPKC terminal area, Edmonton
2024-02-19,CPKC,CPKC terminal area, Lethbridge
2024-02-19,CPKC,CPKC terminal area, Montreal
2024-02-19,CPKC,CPKC terminal area, Moose Jaw
2024-02-19,CPKC,CPKC terminal area, Red Deer
2024-02-19,CPKC,CPKC terminal area, Toronto
2024-02-19,CPKC,CPKC terminal area, Vancouver
2024-02-19,CPKC,CPKC terminal area, Winnipeg
2024-02-26,CN,CN terminal area, Edmonton
2024-02-26,CN,CN terminal area, Kamloops
2024-02-26,CN,CN terminal area, Montreal
2024-02-26,CN,CN terminal area, Prince George
2024-02-26,CN,CN terminal area, Prince Rupert
2024-02-26,CN,CN terminal area, Sarnia
2024-02-26,CN,CN terminal area, Saskatoon
2024-02-26,CN,CN terminal area, Toronto
2024-02-26,CN,CN terminal area, Vancouver
2024-02-26,CN,CN terminal area, Winnipeg
2024-02-26,CPKC,CPKC terminal area, Calgary
2024-02-26,CPKC,CPKC terminal area, Edmonton
2024-02-26,CPKC,CPKC terminal area, Lethbridge
2024-02-26,CPKC,CPKC terminal area, Montreal
2024-02-26,CPKC,CPKC terminal area, Moose Jaw
2024-02-26,CPKC,CPKC terminal area, Red Deer
2024-02-26,CPKC,CPKC terminal area, Toronto
2024-02-26,CPKC,CPKC terminal area, Vancouver
2024-02-26,CPKC,CPKC terminal area, Winnipeg
2024-03-04,CN,CN terminal area, Edmonton
2024-03-04,CN,CN terminal area, Kamloops
2024-03-04,CN,CN terminal area, Montreal
2024-03-04,CN,CN terminal area, Prince George
2024-03-04,CN,CN terminal area, Prince Rupert
2024-03-04,CN,CN terminal area, Sarnia
2024-03-04,CN,CN terminal area, Saskatoon
2024-03-04,CN,CN terminal area, Toronto
2024-03-04,CN,CN terminal area, Vancouver
2024-03-04,CN,CN terminal area, Winnipeg
2024-03-04,CPKC,CPKC terminal area, Calgary
2024-03-04,CPKC,CPKC terminal area, Edmonton
2024-03-04,CPKC,CPKC terminal area, Lethbridge
2024-03-04,CPKC,CPKC terminal area, Montreal
2024-03-04,CPKC,CPKC terminal area, Moose Jaw
2024-03-04,CPKC,CPKC terminal area, Red Deer
2024-03-04,CPKC,CPKC terminal area, Toronto
2024-03-04,CPKC,CPKC terminal area, Vancouver
2024-03-04,CPKC,CPKC terminal area, Winnipeg
2024-03-11,CN,CN terminal area, Edmonton
2024-03-11,CN,CN terminal area, Kamloops
2024-03-11,CN,CN terminal area, Montreal
2024-03-11,CN,CN terminal area, Prince George
2024-03-11,CN,CN terminal area, Prince Rupert
2024-03-11,CN,CN terminal area, Sarnia
2024-03-11,CN,CN terminal area, Saskatoon
2024-03-11,CN,CN terminal area, Toronto
2024-03-11,CN,CN terminal area, Vancouver
2024-03-11,CN,CN terminal area, Winnipeg
2024-03-11,CPKC,CPKC terminal area, Calgary
2024-03-11,CPKC,CPKC terminal area, Edmonton
2024-03-11,CPKC,CPKC terminal area, Lethbridge
2024-03-11,CPKC,CPKC terminal area, Montreal
2024-03-11,CPKC,CPKC terminal area, Moose Jaw
2024-03-11,CPKC,CPKC terminal area, Red Deer
2024-03-11,CPKC,CPKC terminal area, Toronto
2024-03-11,CPKC,CPKC terminal area, Vancouver
2024-03-11,CPKC,CPKC terminal area, Winnipeg
2024-03-18,CN,CN terminal area, Edmonton
2024-03-18,CN,CN terminal area, Kamloops
2024-03-18,CN,CN terminal area, Montreal
2024-03-18,CN,CN terminal area, Prince George
2024-03-18,CN,CN terminal area, Prince Rupert
2024-03-18,CN,CN terminal area, Sarnia
2024-03-18,CN,CN terminal area, Saskatoon
2024-03-18,CN,CN terminal area, Toronto
2024-03-18,CN,CN terminal area, Vancouver
2024-03-18,CN,CN terminal area, Winnipeg
2024-03-18,CPKC,CPKC terminal area, Calgary
2024-03-18,CPKC,CPKC terminal area, Edmonton
2024-03-18,CPKC,CPKC terminal area, Lethbridge
2024-03-18,CPKC,CPKC terminal area, Montreal
2024-03-18,CPKC,CPKC terminal area, Moose Jaw
2024-03-18,CPKC,CPKC terminal area, Red Deer
2024-03-18,CPKC,CPKC terminal area, Toronto
2024-03-18,CPKC,CPKC terminal area, Vancouver
2024-03-18,CPKC,CPKC terminal area, Winnipeg
2024-03-25,CN,CN terminal area, Edmonton
2024-03-25,CN,CN terminal area, Kamloops
2024-03-25,CN,CN terminal area, Montreal
2024-03-25,CN,CN terminal area, Prince George
2024-03-25,CN,CN terminal area, Prince Rupert
2024-03-25,CN,CN terminal area, Sarnia
2024-03-25,CN,CN terminal area, Saskatoon
2024-03-25,CN,CN terminal area, Toronto
2024-03-25,CN,CN terminal area, Vancouver
2024-03-25,CN,CN terminal area, Winnipeg
2024-03-25,CPKC,CPKC terminal area, Calgary
2024-03-25,CPKC,CPKC terminal area, Edmonton
2024-03-25,CPKC,CPKC terminal area, Lethbridge
2024-03-25,CPKC,CPKC terminal area, Montreal
2024-03-25,CPKC,CPKC terminal area, Moose Jaw
2024-03-25,CPKC,CPKC terminal area, Red Deer
2024-03-25,CPKC,CPKC terminal area, Toronto
2024-03-25,CPKC,CPKC terminal area, Vancouver
2024-03-25,CPKC,CPKC terminal area, Winnipeg
2024-04-01,CN,CN terminal area, Edmonton
2024-04-01,CN,CN terminal area, Kamloops
2024-04-01,CN,CN terminal area, Montreal
2024-04-01,CN,CN terminal area, Prince George
2024-04-01,CN,CN terminal area, Prince Rupert
2024-04-01,CN,CN terminal area, Sarnia
2024-04-01,CN,CN terminal area, Saskatoon
2024-04-01,CN,CN terminal area, Toronto
2024-04-01,CN,CN terminal area, Vancouver
2024-04-01,CN,CN terminal area, Winnipeg
2024-04-01,CPKC,CPKC terminal area, Calgary
2024-04-01,CPKC,CPKC terminal area, Edmonton
2024-04-01,CPKC,CPKC terminal area, Lethbridge
2024-04-01,CPKC,CPKC terminal area, Montreal
2024-04-01,CPKC,CPKC terminal area, Moose Jaw
2024-04-01,CPKC,CPKC terminal area, Red Deer
2024-04-01,CPKC,CPKC terminal area, Toronto
2024-04-01,CPKC,CPKC terminal area, Vancouver
2024-04-01,CPKC,CPKC terminal area, Winnipeg
2024-04-08,CN,CN terminal area, Edmonton
2024-04-08,CN,CN terminal area, Kamloops
2024-04-08,CN,CN terminal area, Montreal
2024-04-08,CN,CN terminal area, Prince George
2024-04-08,CN,CN terminal area, Prince Rupert
2024-04-08,CN,CN terminal area, Sarnia
2024-04-08,CN,CN terminal area, Saskatoon
2024-04-08,CN,CN terminal area, Toronto
2024-04-08,CN,CN terminal area, Vancouver
2024-04-08,CN,CN terminal area, Winnipeg
2024-04-08,CPKC,CPKC terminal area, Calgary
2024-04-08,CPKC,CPKC terminal area, Edmonton
2024-04-08,CPKC,CPKC terminal area, Lethbridge
2024-04-08,CPKC,CPKC terminal area, Montreal
2024-04-08,CPKC,CPKC terminal area, Moose Jaw
2024-04-08,CPKC,CPKC terminal area, Red Deer
2024-04-08,CPKC,CPKC terminal area, Toronto
2024-04-08,CPKC,CPKC terminal area, Vancouver
2024-04-08,CPKC,CPKC terminal area, Winnipeg
2024-04-15,CN,CN terminal area, Edmonton
2024-04-15,CN,CN terminal area, Kamloops
2024-04-15,CN,CN terminal area, Montreal
2024-04-15,CN,CN terminal area, Prince George
2024-04-15,CN,CN terminal area, Prince Rupert
2024-04-15,CN,CN terminal area, Sarnia
2024-04-15,CN,CN terminal area, Saskatoon
2024-04-15,CN,CN terminal area, Toronto
2024-04-15,CN,CN terminal area, Vancouver
2024-04-15,CN,CN terminal area, Winnipeg
2024-04-15,CPKC,CPKC terminal area, Calgary
2024-04-15,CPKC,CPKC terminal area, Edmonton
2024-04-15,CPKC,CPKC terminal area, Lethbridge
2024-04-15,CPKC,CPKC terminal area, Montreal
2024-04-15,CPKC,CPKC terminal area, Moose Jaw
2024-04-15,CPKC,CPKC terminal area, Red Deer
2024-04-15,CPKC,CPKC terminal area, Toronto
2024-04-15,CPKC,CPKC terminal area, Vancouver
2024-04-15,CPKC,CPKC terminal area, Winnipeg
2024-04-22,CN,CN terminal area, Edmonton
2024-04-22,CN,CN terminal area, Kamloops
2024-04-22,CN,CN terminal area, Montreal
2024-04-22,CN,CN terminal area, Prince George
2024-04-22,CN,CN terminal area, Prince Rupert
2024-04-22,CN,CN terminal area, Sarnia
2024-04-22,CN,CN terminal area, Saskatoon
2024-04-22,CN,CN terminal area, Toronto
2024-04-22,CN,CN terminal area, Vancouver
2024-04-22,CN,CN terminal area, Winnipeg
2024-04-22,CPKC,CPKC terminal area, Calgary
2024-04-22,CPKC,CPKC terminal area, Edmonton
2024-04-22,CPKC,CPKC terminal area, Lethbridge
2024-04-22,CPKC,CPKC terminal area, Montreal
2024-04-22,CPKC,CPKC terminal area, Moose Jaw
2024-04-22,CPKC,CPKC terminal area, Red Deer
2024-04-22,CPKC,CPKC terminal area, Toronto
2024-04-22,CPKC,CPKC terminal area, Vancouver
2024-04-22,CPKC,CPKC terminal area, Winnipeg
2024-04-29,CN,CN terminal area, Edmonton
2024-04-29,CN,CN terminal area, Kamloops
2024-04-29,CN,CN terminal area, Montreal
2024-04-29,CN,CN terminal area, Prince George
2024-04-29,CN,CN terminal area, Prince Rupert
2024-04-29,CN,CN terminal area, Sarnia
2024-04-29,CN,CN terminal area, Saskatoon
2024-04-29,CN,CN terminal area, Toronto
2024-04-29,CN,CN terminal area, Vancouver
2024-04-29,CN,CN terminal area, Winnipeg
2024-04-29,CPKC,CPKC terminal area, Calgary
2024-04-29,CPKC,CPKC terminal area, Edmonton
2024-04-29,CPKC,CPKC terminal area, Lethbridge
2024-04-29,CPKC,CPKC terminal area, Montreal
2024-04-29,CPKC,CPKC terminal area, Moose Jaw
2024-04-29,CPKC,CPKC terminal area, Red Deer
2024-04-29,CPKC,CPKC terminal area, Toronto
2024-04-29,CPKC,CPKC terminal area, Vancouver
2024-04-29,CPKC,CPKC terminal area, Winnipeg
2024-05-06,CN,CN terminal area, Edmonton
2024-05-06,CN,CN terminal area, Kamloops
2024-05-06,CN,CN terminal area, Montreal
2024-05-06,CN,CN terminal area, Prince George
2024-05-06,CN,CN terminal area, Prince Rupert
2024-05-06,CN,CN terminal area, Sarnia
2024-05-06,CN,CN terminal area, Saskatoon
2024-05-06,CN,CN terminal area, Toronto
2024-05-06,CN,CN terminal area, Vancouver
2024-05-06,CN,CN terminal area, Winnipeg
2024-05-06,CPKC,CPKC terminal area, Calgary
2024-05-06,CPKC,CPKC terminal area, Edmonton
2024-05-06,CPKC,CPKC terminal area, Lethbridge
2024-05-06,CPKC,CPKC terminal area, Montreal
2024-05-06,CPKC,CPKC terminal area, Moose Jaw
2024-05-06,CPKC,CPKC terminal area, Red Deer
2024-05-06,CPKC,CPKC terminal area, Toronto
2024-05-06,CPKC,CPKC terminal area, Vancouver
2024-05-06,CPKC,CPKC terminal area, Winnipeg
2024-05-13,CN,CN terminal area, Edmonton
2024-05-13,CN,CN terminal area, Kamloops
2024-05-13,CN,CN terminal area, Montreal
2024-05-13,CN,CN terminal area, Prince George
2024-05-13,CN,CN terminal area, Prince Rupert
2024-05-13,CN,CN terminal area, Sarnia
2024-05-13,CN,CN terminal area, Saskatoon
2024-05-13,CN,CN terminal area, Toronto
2024-05-13,CN,CN terminal area, Vancouver
2024-05-13,CN,CN terminal area, Winnipeg
2024-05-13,CPKC,CPKC terminal area, Calgary
2024-05-13,CPKC,CPKC terminal area, Edmonton
2024-05-13,CPKC,CPKC terminal area, Lethbridge
2024-05-13,CPKC,CPKC terminal area, Montreal
2024-05-13,CPKC,CPKC terminal area, Moose Jaw
2024-05-13,CPKC,CPKC terminal area, Red Deer
2024-05-13,CPKC,CPKC terminal area, Toronto
2024-05-13,CPKC,CPKC terminal area, Vancouver
2024-05-13,CPKC,CPKC terminal area, Winnipeg
2024-05-20,CN,CN terminal area, Edmonton
2024-05-20,CN,CN terminal area, Kamloops
2024-05-20,CN,CN terminal area, Montreal
2024-05-20,CN,CN terminal area, Prince George
2024-05-20,CN,CN terminal area, Prince Rupert
2024-05-20,CN,CN terminal area, Sarnia
2024-05-20,CN,CN terminal area, Saskatoon
2024-05-20,CN,CN terminal area, Toronto
2024-05-20,CN,CN terminal area, Vancouver
2024-05-20,CN,CN terminal area, Winnipeg
2024-05-20,CPKC,CPKC terminal area, Calgary
2024-05-20,CPKC,CPKC terminal area, Edmonton
2024-05-20,CPKC,CPKC terminal area, Lethbridge
2024-05-20,CPKC,CPKC terminal area, Montreal
2024-05-20,CPKC,CPKC terminal area, Moose Jaw
2024-05-20,CPKC,CPKC terminal area, Red Deer
2024-05-20,CPKC,CPKC terminal area, Toronto
2024-05-20,CPKC,CPKC terminal area, Vancouver
2024-05-20,CPKC,CPKC terminal area, Winnipeg
2024-05-27,CN,CN terminal area, Edmonton
2024-05-27,CN,CN terminal area, Kamloops
2024-05-27,CN,CN terminal area, Montreal
2024-05-27,CN,CN terminal area, Prince George
2024-05-27,CN,CN terminal area, Prince Rupert
2024-05-27,CN,CN terminal area, Sarnia
2024-05-27,CN,CN terminal area, Saskatoon
2024-05-27,CN,CN terminal area, Toronto
2024-05-27,CN,CN terminal area, Vancouver
2024-05-27,CN,CN terminal area, Winnipeg
2024-05-27,CPKC,CPKC terminal area, Calgary
2024-05-27,CPKC,CPKC terminal area, Edmonton
2024-05-27,CPKC,CPKC terminal area, Lethbridge
2024-05-27,CPKC,CPKC terminal area, Montreal
2024-05-27,CPKC,CPKC terminal area, Moose Jaw
2024-05-27,CPKC,CPKC terminal area, Red Deer
2024-05-27,CPKC,CPKC terminal area, Toronto
2024-05-27,CPKC,CPKC terminal area, Vancouver
2024-05-27,CPKC,CPKC terminal area, Winnipeg
2024-06-03,CN,CN terminal area, Edmonton
2024-06-03,CN,CN terminal area, Kamloops
2024-06-03,CN,CN terminal area, Montreal
2024-06-03,CN,CN terminal area, Prince George
2024-06-03,CN,CN terminal area, Prince Rupert
2024-06-03,CN,CN terminal area, Sarnia
2024-06-03,CN,CN terminal area, Saskatoon
2024-06-03,CN,CN terminal area, Toronto
2024-06-03,CN,CN terminal area, Vancouver
2024-06-03,CN,CN terminal area, Winnipeg
2024-06-03,CPKC,CPKC terminal area, Calgary
2024-06-03,CPKC,CPKC terminal area, Edmonton
2024-06-03,CPKC,CPKC terminal area, Lethbridge
2024-06-03,CPKC,CPKC terminal area, Montreal
2024-06-03,CPKC,CPKC terminal area, Moose Jaw
2024-06-03,CPKC,CPKC terminal area, Red Deer
2024-06-03,CPKC,CPKC terminal area, Toronto
2024-06-03,CPKC,CPKC terminal area, Vancouver
2024-06-03,CPKC,CPKC terminal area, Winnipeg
2024-06-10,CN,CN terminal area, Edmonton
2024-06-10,CN,CN terminal area, Kamloops
2024-06-10,CN,CN terminal area, Montreal
2024-06-10,CN,CN terminal area, Prince George
2024-06-10,CN,CN terminal area, Prince Rupert
2024-06-10,CN,CN terminal area, Sarnia
2024-06-10,CN,CN terminal area, Saskatoon
2024-06-10,CN,CN terminal area, Toronto
2024-06-10,CN,CN terminal area, Vancouver
2024-06-10,CN,CN terminal area, Winnipeg
2024-06-10,CPKC,CPKC terminal area, Calgary
2024-06-10,CPKC,CPKC terminal area, Edmonton
2024-06-10,CPKC,CPKC terminal area, Lethbridge
2024-06-10,CPKC,CPKC terminal area, Montreal
2024-06-10,CPKC,CPKC terminal area, Moose Jaw
2024-06-10,CPKC,CPKC terminal area, Red Deer
2024-06-10,CPKC,CPKC terminal area, Toronto
2024-06-10,CPKC,CPKC terminal area, Vancouver
2024-06-10,CPKC,CPKC terminal area, Winnipeg
2024-06-17,CN,CN terminal area, Edmonton
2024-06-17,CN,CN terminal area, Kamloops
2024-06-17,CN,CN terminal area, Montreal
2024-06-17,CN,CN terminal area, Prince George
2024-06-17,CN,CN terminal area, Prince Rupert
2024-06-17,CN,CN terminal area, Sarnia
2024-06-17,CN,CN terminal area, Saskatoon
2024-06-17,CN,CN terminal area, Toronto
2024-06-17,CN,CN terminal area, Vancouver
2024-06-17,CN,CN terminal area, Winnipeg
2024-06-17,CPKC,CPKC terminal area, Calgary
2024-06-17,CPKC,CPKC terminal area, Edmonton
2024-06-17,CPKC,CPKC terminal area, Lethbridge
2024-06-17,CPKC,CPKC terminal area, Montreal
2024-06-17,CPKC,CPKC terminal area, Moose Jaw
2024-06-17,CPKC,CPKC terminal area, Red Deer
2024-06-17,CPKC,CPKC terminal area, Toronto
2024-06-17,CPKC,CPKC terminal area, Vancouver
2024-06-17,CPKC,CPKC terminal area, Winnipeg
2024-06-24,CN,CN terminal area, Edmonton
2024-06-24,CN,CN terminal area, Kamloops
2024-06-24,CN,CN terminal area, Montreal
2024-06-24,CN,CN terminal area, Prince George
2024-06-24,CN,CN terminal area, Prince Rupert
2024-06-24,CN,CN terminal area, Sarnia
2024-06-24,CN,CN terminal area, Saskatoon
2024-06-24,CN,CN terminal area, Toronto
2024-06-24,CN,CN terminal area, Vancouver
2024-06-24,CN,CN terminal area, Winnipeg
2024-06-24,CPKC,CPKC terminal area, Calgary
2024-06-24,CPKC,CPKC terminal area, Edmonton
2024-06-24,CPKC,CPKC terminal area, Lethbridge
2024-06-24,CPKC,CPKC terminal area, Montreal
2024-06-24,CPKC,CPKC terminal area, Moose Jaw
2024-06-24,CPKC,CPKC terminal area, Red Deer
2024-06-24,CPKC,CPKC terminal area, Toronto
2024-06-24,CPKC,CPKC terminal area, Vancouver
2024-06-24,CPKC,CPKC terminal area, Winnipeg
2024-07-01,CN,CN terminal area, Edmonton
2024-07-01,CN,CN terminal area, Kamloops
2024-07-01,CN,CN terminal area, Montreal
2024-07-01,CN,CN terminal area, Prince George
2024-07-01,CN,CN terminal area, Prince Rupert
2024-07-01,CN,CN terminal area, Sarnia
2024-07-01,CN,CN terminal area, Saskatoon
2024-07-01,CN,CN terminal area, Toronto
2024-07-01,CN,CN terminal area, Vancouver
2024-07-01,CN,CN terminal area, Winnipeg
2024-07-01,CPKC,CPKC terminal area, Calgary
2024-07-01,CPKC,CPKC terminal area, Edmonton
2024-07-01,CPKC,CPKC terminal area, Lethbridge
2024-07-01,CPKC,CPKC terminal area, Montreal
2024-07-01,CPKC,CPKC terminal area, Moose Jaw
2024-07-01,CPKC,CPKC terminal area, Red Deer
2024-07-01,CPKC,CPKC terminal area, Toronto
2024-07-01,CPKC,CPKC terminal area, Vancouver
2024-07-01,CPKC,CPKC terminal area, Winnipeg
2024-07-08,CN,CN terminal area, Edmonton
2024-07-08,CN,CN terminal area, Kamloops
2024-07-08,CN,CN terminal area, Montreal
2024-07-08,CN,CN terminal area, Prince George
2024-07-08,CN,CN terminal area, Prince Rupert
2024-07-08,CN,CN terminal area, Sarnia
2024-07-08,CN,CN terminal area, Saskatoon
2024-07-08,CN,CN terminal area, Toronto
2024-07-08,CN,CN terminal area, Vancouver
2024-07-08,CN,CN terminal area, Winnipeg
2024-07-08,CPKC,CPKC terminal area, Calgary
2024-07-08,CPKC,CPKC terminal area, Edmonton
2024-07-08,CPKC,CPKC terminal area, Lethbridge
2024-07-08,CPKC,CPKC terminal area, Montreal
2024-07-08,CPKC,CPKC terminal area, Moose Jaw
2024-07-08,CPKC,CPKC terminal area, Red Deer
2024-07-08,CPKC,CPKC terminal area, Toronto
2024-07-08,CPKC,CPKC terminal area, Vancouver
2024-07-08,CPKC,CPKC terminal area, Winnipeg
2024-07-15,CN,CN terminal area, Edmonton
2024-07-15,CN,CN terminal area, Kamloops
2024-07-15,CN,CN terminal area, Montreal
2024-07-15,CN,CN terminal area, Prince George
2024-07-15,CN,CN terminal area, Prince Rupert
2024-07-15,CN,CN terminal area, Sarnia
2024-07-15,CN,CN terminal area, Saskatoon
2024-07-15,CN,CN terminal area, Toronto
2024-07-15,CN,CN terminal area, Vancouver
2024-07-15,CN,CN terminal area, Winnipeg
2024-07-15,CPKC,CPKC terminal area, Calgary
2024-07-15,CPKC,CPKC terminal area, Edmonton
2024-07-15,CPKC,CPKC terminal area, Lethbridge
2024-07-15,CPKC,CPKC terminal area, Montreal
2024-07-15,CPKC,CPKC terminal area, Moose Jaw
2024-07-15,CPKC,CPKC terminal area, Red Deer
2024-07-15,CPKC,CPKC terminal area, Toronto
2024-07-15,CPKC,CPKC terminal area, Vancouver
2024-07-15,CPKC,CPKC terminal area, Winnipeg
2024-07-22,CN,CN terminal area, Edmonton
2024-07-22,CN,CN terminal area, Kamloops
2024-07-22,CN,CN terminal area, Montreal
2024-07-22,CN,CN terminal area, Prince George
2024-07-22,CN,CN terminal area, Prince Rupert
2024-07-22,CN,CN terminal area, Sarnia
2024-07-22,CN,CN terminal area, Saskatoon
2024-07-22,CN,CN terminal area, Toronto
2024-07-22,CN,CN terminal area, Vancouver
2024-07-22,CN,CN terminal area, Winnipeg
2024-07-22,CPKC,CPKC terminal area, Calgary
2024-07-22,CPKC,CPKC terminal area, Edmonton
2024-07-22,CPKC,CPKC terminal area, Lethbridge
2024-07-22,CPKC,CPKC terminal area, Montreal
2024-07-22,CPKC,CPKC terminal area, Moose Jaw
2024-07-22,CPKC,CPKC terminal area, Red Deer
2024-07-22,CPKC,CPKC terminal area, Toronto
2024-07-22,CPKC,CPKC terminal area, Vancouver
2024-07-22,CPKC,CPKC terminal area, Winnipeg
2024-07-29,CN,CN terminal area, Edmonton
2024-07-29,CN,CN terminal area, Kamloops
2024-07-29,CN,CN terminal area, Montreal
2024-07-29,CN,CN terminal area, Prince George
2024-07-29,CN,CN terminal area, Prince Rupert
2024-07-29,CN,CN terminal area, Sarnia
2024-07-29,CN,CN terminal area, Saskatoon
2024-07-29,CN,CN terminal area, Toronto
2024-07-29,CN,CN terminal area, Vancouver
2024-07-29,CN,CN terminal area, Winnipeg
2024-07-29,CPKC,CPKC terminal area, Calgary
2024-07-29,CPKC,CPKC terminal area, Edmonton
2024-07-29,CPKC,CPKC terminal area, Lethbridge
2024-07-29,CPKC,CPKC terminal area, Montreal
2024-07-29,CPKC,CPKC terminal area, Moose Jaw
2024-07-29,CPKC,CPKC terminal area, Red Deer
2024-07-29,CPKC,CPKC terminal area, Toronto
2024-07-29,CPKC,CPKC terminal area, Vancouver
2024-07-29,CPKC,CPKC terminal area, Winnipeg
2024-08-05,CN,CN terminal area, Edmonton
2024-08-05,CN,CN terminal area, Kamloops
2024-08-05,CN,CN terminal area, Montreal
2024-08-05,CN,CN terminal area, Prince George
2024-08-05,CN,CN terminal area, Prince Rupert
2024-08-05,CN,CN terminal area, Sarnia
2024-08-05,CN,CN terminal area, Saskatoon
2024-08-05,CN,CN terminal area, Toronto
2024-08-05,CN,CN terminal area, Vancouver
2024-08-05,CN,CN terminal area, Winnipeg
2024-08-05,CPKC,CPKC terminal area, Calgary
2024-08-05,CPKC,CPKC terminal area, Edmonton
2024-08-05,CPKC,CPKC terminal area, Lethbridge
2024-08-05,CPKC,CPKC terminal area, Montreal
2024-08-05,CPKC,CPKC terminal area, Moose Jaw
2024-08-05,CPKC,CPKC terminal area, Red Deer
2024-08-05,CPKC,CPKC terminal area, Toronto
2024-08-05,CPKC,CPKC terminal area, Vancouver
2024-08-05,CPKC,CPKC terminal area, Winnipeg
2024-08-12,CN,CN terminal area, Edmonton
2024-08-12,CN,CN terminal area, Kamloops
2024-08-12,CN,CN terminal area, Montreal
2024-08-12,CN,CN terminal area, Prince George
2024-08-12,CN,CN terminal area, Prince Rupert
2024-08-12,CN,CN terminal area, Sarnia
2024-08-12,CN,CN terminal area, Saskatoon
2024-08-12,CN,CN terminal area, Toronto
2024-08-12,CN,CN terminal area, Vancouver
2024-08-12,CN,CN terminal area, Winnipeg
2024-08-12,CPKC,CPKC terminal area, Calgary
2024-08-12,CPKC,CPKC terminal area, Edmonton
2024-08-12,CPKC,CPKC terminal area, Lethbridge
2024-08-12,CPKC,CPKC terminal area, Montreal
2024-08-12,CPKC,CPKC terminal area, Moose Jaw
2024-08-12,CPKC,CPKC terminal area, Red Deer
2024-08-12,CPKC,CPKC terminal area, Toronto
2024-08-12,CPKC,CPKC terminal area, Vancouver
2024-08-12,CPKC,CPKC terminal area, Winnipeg
2024-08-19,CN,CN terminal area, Edmonton
2024-08-19,CN,CN terminal area, Kamloops
2024-08-19,CN,CN terminal area, Montreal
2024-08-19,CN,CN terminal area, Prince George
2024-08-19,CN,CN terminal area, Prince Rupert
2024-08-19,CN,CN terminal area, Sarnia
2024-08-19,CN,CN terminal area, Saskatoon
2024-08-19,CN,CN terminal area, Toronto
2024-08-19,CN,CN terminal area, Vancouver
2024-08-19,CN,CN terminal area, Winnipeg
2024-08-19,CPKC,CPKC terminal area, Calgary
2024-08-19,CPKC,CPKC terminal area, Edmonton
2024-08-19,CPKC,CPKC terminal area, Lethbridge
2024-08-19,CPKC,CPKC terminal area, Montreal
2024-08-19,CPKC,CPKC terminal area, Moose Jaw
2024-08-19,CPKC,CPKC terminal area, Red Deer
2024-08-19,CPKC,CPKC terminal area, Toronto
2024-08-19,CPKC,CPKC terminal area, Vancouver
2024-08-19,CPKC,CPKC terminal area, Winnipeg
2024-08-26,CN,CN terminal area, Edmonton
2024-08-26,CN,CN terminal area, Kamloops
2024-08-26,CN,CN terminal area, Montreal
2024-08-26,CN,CN terminal area, Prince George
2024-08-26,CN,CN terminal area, Prince Rupert
2024-08-26,CN,CN terminal area, Sarnia
2024-08-26,CN,CN terminal area, Saskatoon
2024-08-26,CN,CN terminal area, Toronto
2024-08-26,CN,CN terminal area, Vancouver
2024-08-26,CN,CN terminal area, Winnipeg
2024-08-26,CPKC,CPKC terminal area, Calgary
2024-08-26,CPKC,CPKC terminal area, Edmonton
2024-08-26,CPKC,CPKC terminal area, Lethbridge
2024-08-26,CPKC,CPKC terminal area, Montreal
2024-08-26,CPKC,CPKC terminal area, Moose Jaw
2024-08-26,CPKC,CPKC terminal area, Red Deer
2024-08-26,CPKC,CPKC terminal area, Toronto
2024-08-26,CPKC,CPKC terminal area, Vancouver
2024-08-26,CPKC,CPKC terminal area, Winnipeg
2024-09-02,CN,CN terminal area, Edmonton
2024-09-02,CN,CN terminal area, Kamloops
2024-09-02,CN,CN terminal area, Montreal
2024-09-02,CN,CN terminal area, Prince George
2024-09-02,CN,CN terminal area, Prince Rupert
2024-09-02,CN,CN terminal area, Sarnia
2024-09-02,CN,CN terminal area, Saskatoon
2024-09-02,CN,CN terminal area, Toronto
2024-09-02,CN,CN terminal area, Vancouver
2024-09-02,CN,CN terminal area, Winnipeg
2024-09-02,CPKC,CPKC terminal area, Calgary
2024-09-02,CPKC,CPKC terminal area, Edmonton
2024-09-02,CPKC,CPKC terminal area, Lethbridge
2024-09-02,CPKC,CPKC terminal area, Montreal
2024-09-02,CPKC,CPKC terminal area, Moose Jaw
2024-09-02,CPKC,CPKC terminal area, Red Deer
2024-09-02,CPKC,CPKC terminal area, Toronto
2024-09-02,CPKC,CPKC terminal area, Vancouver
2024-09-02,CPKC,CPKC terminal area, Winnipeg
2024-09-09,CN,CN terminal area, Edmonton
2024-09-09,CN,CN terminal area, Kamloops
2024-09-09,CN,CN terminal area, Montreal
2024-09-09,CN,CN terminal area, Prince George
2024-09-09,CN,CN terminal area, Prince Rupert
2024-09-09,CN,CN terminal area, Sarnia
2024-09-09,CN,CN terminal area, Saskatoon
2024-09-09,CN,CN terminal area, Toronto
2024-09-09,CN,CN terminal area, Vancouver
2024-09-09,CN,CN terminal area, Winnipeg
2024-09-09,CPKC,CPKC terminal area, Calgary
2024-09-09,CPKC,CPKC terminal area, Edmonton
2024-09-09,CPKC,CPKC terminal area, Lethbridge
2024-09-09,CPKC,CPKC terminal area, Montreal
2024-09-09,CPKC,CPKC terminal area, Moose Jaw
2024-09-09,CPKC,CPKC terminal area, Red Deer
2024-09-09,CPKC,CPKC terminal area, Toronto
2024-09-09,CPKC,CPKC terminal area, Vancouver
2024-09-09,CPKC,CPKC terminal area, Winnipeg
2024-09-16,CN,CN terminal area, Edmonton
2024-09-16,CN,CN terminal area, Kamloops
2024-09-16,CN,CN terminal area, Montreal
2024-09-16,CN,CN terminal area, Prince George
2024-09-16,CN,CN terminal area, Prince Rupert
2024-09-16,CN,CN terminal area, Sarnia
2024-09-16,CN,CN terminal area, Saskatoon
2024-09-16,CN,CN terminal area, Toronto
2024-09-16,CN,CN terminal area, Vancouver
2024-09-16,CN,CN terminal area, Winnipeg
2024-09-16,CPKC,CPKC terminal area, Calgary
2024-09-16,CPKC,CPKC terminal area, Edmonton
2024-09-16,CPKC,CPKC terminal area, Lethbridge
2024-09-16,CPKC,CPKC terminal area, Montreal
2024-09-16,CPKC,CPKC terminal area, Moose Jaw
2024-09-16,CPKC,CPKC terminal area, Red Deer
2024-09-16,CPKC,CPKC terminal area, Toronto
2024-09-16,CPKC,CPKC terminal area, Vancouver
2024-09-16,CPKC,CPKC terminal area, Winnipeg
2024-09-23,CN,CN terminal area, Edmonton
2024-09-23,CN,CN terminal area, Kamloops
2024-09-23,CN,CN terminal area, Montreal
2024-09-23,CN,CN terminal area, Prince George
2024-09-23,CN,CN terminal area, Prince Rupert
2024-09-23,CN,CN terminal area, Sarnia
2024-09-23,CN,CN terminal area, Saskatoon
2024-09-23,CN,CN terminal area, Toronto
2024-09-23,CN,CN terminal area, Vancouver
2024-09-23,CN,CN terminal area, Winnipeg
2024-09-23,CPKC,CPKC terminal area, Calgary
2024-09-23,CPKC,CPKC terminal area, Edmonton
2024-09-23,CPKC,CPKC terminal area, Lethbridge
2024-09-23,CPKC,CPKC terminal area, Montreal
2024-09-23,CPKC,CPKC terminal area, Moose Jaw
2024-09-23,CPKC,CPKC terminal area, Red Deer
2024-09-23,CPKC,CPKC terminal area, Toronto
2024-09-23,CPKC,CPKC terminal area, Vancouver
2024-09-23,CPKC,CPKC terminal area, Winnipeg
2024-09-30,CN,CN terminal area, Edmonton
2024-09-30,CN,CN terminal area, Kamloops
2024-09-30,CN,CN terminal area, Montreal
2024-09-30,CN,CN terminal area, Prince George
2024-09-30,CN,CN terminal area, Prince Rupert
2024-09-30,CN,CN terminal area, Sarnia
2024-09-30,CN,CN terminal area, Saskatoon
2024-09-30,CN,CN terminal area, Toronto
2024-09-30,CN,CN terminal area, Vancouver
2024-09-30,CN,CN terminal area, Winnipeg
2024-09-30,CPKC,CPKC terminal area, Calgary
2024-09-30,CPKC,CPKC terminal area, Edmonton
2024-09-30,CPKC,CPKC terminal area, Lethbridge
2024-09-30,CPKC,CPKC terminal area, Montreal
2024-09-30,CPKC,CPKC terminal area, Moose Jaw
2024-09-30,CPKC,CPKC terminal area, Red Deer
2024-09-30,CPKC,CPKC terminal area, Toronto
2024-09-30,CPKC,CPKC terminal area, Vancouver
2024-09-30,CPKC,CPKC terminal area, Winnipeg
2024-10-07,CN,CN terminal area, Edmonton
2024-10-07,CN,CN terminal area, Kamloops
2024-10-07,CN,CN terminal area, Montreal
2024-10-07,CN,CN terminal area, Prince George
2024-10-07,CN,CN terminal area, Prince Rupert
2024-10-07,CN,CN terminal area, Sarnia
2024-10-07,CN,CN terminal area, Saskatoon
2024-10-07,CN,CN terminal area, Toronto
2024-10-07,CN,CN terminal area, Vancouver
2024-10-07,CN,CN terminal area, Winnipeg
2024-10-07,CPKC,CPKC terminal area, Calgary
2024-10-07,CPKC,CPKC terminal area, Edmonton
2024-10-07,CPKC,CPKC terminal area, Lethbridge
2024-10-07,CPKC,CPKC terminal area, Montreal
2024-10-07,CPKC,CPKC terminal area, Moose Jaw
2024-10-07,CPKC,CPKC terminal area, Red Deer
2024-10-07,CPKC,CPKC terminal area, Toronto
2024-10-07,CPKC,CPKC terminal area, Vancouver
2024-10-07,CPKC,CPKC terminal area, Winnipeg
2024-10-14,CN,CN terminal area, Edmonton
2024-10-14,CN,CN terminal area, Kamloops
2024-10-14,CN,CN terminal area, Montreal
2024-10-14,CN,CN terminal area, Prince George
2024-10-14,CN,CN terminal area, Prince Rupert
2024-10-14,CN,CN terminal area, Sarnia
2024-10-14,CN,CN terminal area, Saskatoon
2024-10-14,CN,CN terminal area, Toronto
2024-10-14,CN,CN terminal area, Vancouver
2024-10-14,CN,CN terminal area, Winnipeg
2024-10-14,CPKC,CPKC terminal area, Calgary
2024-10-14,CPKC,CPKC terminal area, Edmonton
2024-10-14,CPKC,CPKC terminal area, Lethbridge
2024-10-14,CPKC,CPKC terminal area, Montreal
2024-10-14,CPKC,CPKC terminal area, Moose Jaw
2024-10-14,CPKC,CPKC terminal area, Red Deer
2024-10-14,CPKC,CPKC terminal area, Toronto
2024-10-14,CPKC,CPKC terminal area, Vancouver
2024-10-14,CPKC,CPKC terminal area, Winnipeg
2024-10-21,CN,CN terminal area, Edmonton
2024-10-21,CN,CN terminal area, Kamloops
2024-10-21,CN,CN terminal area, Montreal
2024-10-21,CN,CN terminal area, Prince George
2024-10-21,CN,CN terminal area, Prince Rupert
2024-10-21,CN,CN terminal area, Sarnia
2024-10-21,CN,CN terminal area, Saskatoon
2024-10-21,CN,CN terminal area, Toronto
2024-10-21,CN,CN terminal area, Vancouver
2024-10-21,CN,CN terminal area, Winnipeg
2024-10-21,CPKC,CPKC terminal area, Calgary
2024-10-21,CPKC,CPKC terminal area, Edmonton
2024-10-21,CPKC,CPKC terminal area, Lethbridge
2024-10-21,CPKC,CPKC terminal area, Montreal
2024-10-21,CPKC,CPKC terminal area, Moose Jaw
2024-10-21,CPKC,CPKC terminal area, Red Deer
2024-10-21,CPKC,CPKC terminal area, Toronto
2024-10-21,CPKC,CPKC terminal area, Vancouver
2024-10-21,CPKC,CPKC terminal area, Winnipeg
2024-10-28,CN,CN terminal area, Edmonton
2024-10-28,CN,CN terminal area, Kamloops
2024-10-28,CN,CN terminal area, Montreal
2024-10-28,CN,CN terminal area, Prince George
2024-10-28,CN,CN terminal area, Prince Rupert
2024-10-28,CN,CN terminal area, Sarnia
2024-10-28,CN,CN terminal area, Saskatoon
2024-10-28,CN,CN terminal area, Toronto
2024-10-28,CN,CN terminal area, Vancouver
2024-10-28,CN,CN terminal area, Winnipeg
2024-10-28,CPKC,CPKC terminal area, Calgary
2024-10-28,CPKC,CPKC terminal area, Edmonton
2024-10-28,CPKC,CPKC terminal area, Lethbridge
2024-10-28,CPKC,CPKC terminal area, Montreal
2024-10-28,CPKC,CPKC terminal area, Moose Jaw
2024-10-28,CPKC,CPKC terminal area, Red Deer
2024-10-28,CPKC,CPKC terminal area, Toronto
2024-10-28,CPKC,CPKC terminal area, Vancouver
2024-10-28,CPKC,CPKC terminal area, Winnipeg
2024-11-04,CN,CN terminal area, Edmonton
2024-11-04,CN,CN terminal area, Kamloops
2024-11-04,CN,CN terminal area, Montreal
2024-11-04,CN,CN terminal area, Prince George
2024-11-04,CN,CN terminal area, Prince Rupert
2024-11-04,CN,CN terminal area, Sarnia
2024-11-04,CN,CN terminal area, Saskatoon
2024-11-04,CN,CN terminal area, Toronto
2024-11-04,CN,CN terminal area, Vancouver
2024-11-04,CN,CN terminal area, Winnipeg
2024-11-04,CPKC,CPKC terminal area, Calgary
2024-11-04,CPKC,CPKC terminal area, Edmonton
2024-11-04,CPKC,CPKC terminal area, Lethbridge
2024-11-04,CPKC,CPKC terminal area, Montreal
2024-11-04,CPKC,CPKC terminal area, Moose Jaw
2024-11-04,CPKC,CPKC terminal area, Red Deer
2024-11-04,CPKC,CPKC terminal area, Toronto
2024-11-04,CPKC,CPKC terminal area, Vancouver
2024-11-04,CPKC,CPKC terminal area, Winnipeg
2024-11-11,CN,CN terminal area, Edmonton
2024-11-11,CN,CN terminal area, Kamloops
2024-11-11,CN,CN terminal area, Montreal
2024-11-11,CN,CN terminal area, Prince George
2024-11-11,CN,CN terminal area, Prince Rupert
2024-11-11,CN,CN terminal area, Sarnia
2024-11-11,CN,CN terminal area, Saskatoon
2024-11-11,CN,CN terminal area, Toronto
2024-11-11,CN,CN terminal area, Vancouver
2024-11-11,CN,CN terminal area, Winnipeg
2024-11-11,CPKC,CPKC terminal area, Calgary
2024-11-11,CPKC,CPKC terminal area, Edmonton
2024-11-11,CPKC,CPKC terminal area, Lethbridge
2024-11-11,CPKC,CPKC terminal area, Montreal
2024-11-11,CPKC,CPKC terminal area, Moose Jaw
2024-11-11,CPKC,CPKC terminal area, Red Deer
2024-11-11,CPKC,CPKC terminal area, Toronto
2024-11-11,CPKC,CPKC terminal area, Vancouver
2024-11-11,CPKC,CPKC terminal area, Winnipeg
2024-11-18,CN,CN terminal area, Edmonton
2024-11-18,CN,CN terminal area, Kamloops
2024-11-18,CN,CN terminal area, Montreal
2024-11-18,CN,CN terminal area, Prince George
2024-11-18,CN,CN terminal area, Prince Rupert
2024-11-18,CN,CN terminal area, Sarnia
2024-11-18,CN,CN terminal area, Saskatoon
2024-11-18,CN,CN terminal area, Toronto
2024-11-18,CN,CN terminal area, Vancouver
2024-11-18,CN,CN terminal area, Winnipeg
2024-11-18,CPKC,CPKC terminal area, Calgary
2024-11-18,CPKC,CPKC terminal area, Edmonton
2024-11-18,CPKC,CPKC terminal area, Lethbridge
2024-11-18,CPKC,CPKC terminal area, Montreal
2024-11-18,CPKC,CPKC terminal area, Moose Jaw
2024-11-18,CPKC,CPKC terminal area, Red Deer
2024-11-18,CPKC,CPKC terminal area, Toronto
2024-11-18,CPKC,CPKC terminal area, Vancouver
2024-11-18,CPKC,CPKC terminal area, Winnipeg
2024-11-25,CN,CN terminal area, Edmonton
2024-11-25,CN,CN terminal area, Kamloops
2024-11-25,CN,CN terminal area, Montreal
2024-11-25,CN,CN terminal area, Prince George
2024-11-25,CN,CN terminal area, Prince Rupert
2024-11-25,CN,CN terminal area, Sarnia
2024-11-25,CN,CN terminal area, Saskatoon
2024-11-25,CN,CN terminal area, Toronto
2024-11-25,CN,CN terminal area, Vancouver
2024-11-25,CN,CN terminal area, Winnipeg
2024-11-25,CPKC,CPKC terminal area, Calgary
2024-11-25,CPKC,CPKC terminal area, Edmonton
2024-11-25,CPKC,CPKC terminal area, Lethbridge
2024-11-25,CPKC,CPKC terminal area, Montreal
2024-11-25,CPKC,CPKC terminal area, Moose Jaw
2024-11-25,CPKC,CPKC terminal area, Red Deer
2024-11-25,CPKC,CPKC terminal area, Toronto
2024-11-25,CPKC,CPKC terminal area, Vancouver
2024-11-25,CPKC,CPKC terminal area, Winnipeg
2024-12-02,CN,CN terminal area, Edmonton
2024-12-02,CN,CN terminal area, Kamloops
2024-12-02,CN,CN terminal area, Montreal
2024-12-02,CN,CN terminal area, Prince George
2024-12-02,CN,CN terminal area, Prince Rupert
2024-12-02,CN,CN terminal area, Sarnia
2024-12-02,CN,CN terminal area, Saskatoon
2024-12-02,CN,CN terminal area, Toronto
2024-12-02,CN,CN terminal area, Vancouver
2024-12-02,CN,CN terminal area, Winnipeg
2024-12-02,CPKC,CPKC terminal area, Calgary
2024-12-02,CPKC,CPKC terminal area, Edmonton
2024-12-02,CPKC,CPKC terminal area, Lethbridge
2024-12-02,CPKC,CPKC terminal area, Montreal
2024-12-02,CPKC,CPKC terminal area, Moose Jaw
2024-12-02,CPKC,CPKC terminal area, Red Deer
2024-12-02,CPKC,CPKC terminal area, Toronto
2024-12-02,CPKC,CPKC terminal area, Vancouver
2024-12-02,CPKC,CPKC terminal area, Winnipeg
2024-12-09,CN,CN terminal area, Edmonton
2024-12-09,CN,CN terminal area, Kamloops
2024-12-09,CN,CN terminal area, Montreal
2024-12-09,CN,CN terminal area, Prince George
2024-12-09,CN,CN terminal area, Prince Rupert
2024-12-09,CN,CN terminal area, Sarnia
2024-12-09,CN,CN terminal area, Saskatoon
2024-12-09,CN,CN terminal area, Toronto
2024-12-09,CN,CN terminal area, Vancouver
2024-12-09,CN,CN terminal area, Winnipeg
2024-12-09,CPKC,CPKC terminal area, Calgary
2024-12-09,CPKC,CPKC terminal area, Edmonton
2024-12-09,CPKC,CPKC terminal area, Lethbridge
2024-12-09,CPKC,CPKC terminal area, Montreal
2024-12-09,CPKC,CPKC terminal area, Moose Jaw
2024-12-09,CPKC,CPKC terminal area, Red Deer
2024-12-09,CPKC,CPKC terminal area, Toronto
2024-12-09,CPKC,CPKC terminal area, Vancouver
2024-12-09,CPKC,CPKC terminal area, Winnipeg
2024-12-16,CN,CN terminal area, Edmonton
2024-12-16,CN,CN terminal area, Kamloops
2024-12-16,CN,CN terminal area, Montreal
2024-12-16,CN,CN terminal area, Prince George
2024-12-16,CN,CN terminal area, Prince Rupert
2024-12-16,CN,CN terminal area, Sarnia
2024-12-16,CN,CN terminal area, Saskatoon
2024-12-16,CN,CN terminal area, Toronto
2024-12-16,CN,CN terminal area, Vancouver
2024-12-16,CN,CN terminal area, Winnipeg
2024-12-16,CPKC,CPKC terminal area, Calgary
2024-12-16,CPKC,CPKC terminal area, Edmonton
2024-12-16,CPKC,CPKC terminal area, Lethbridge
2024-12-16,CPKC,CPKC terminal area, Montreal
2024-12-16,CPKC,CPKC terminal area, Moose Jaw
2024-12-16,CPKC,CPKC terminal area, Red Deer
2024-12-16,CPKC,CPKC terminal area, Toronto
2024-12-16,CPKC,CPKC terminal area, Vancouver
2024-12-16,CPKC,CPKC terminal area, Winnipeg
2024-12-23,CN,CN terminal area, Edmonton
2024-12-23,CN,CN terminal area, Kamloops
2024-12-23,CN,CN terminal area, Montreal
2024-12-23,CN,CN terminal area, Prince George
2024-12-23,CN,CN terminal area, Prince Rupert
2024-12-23,CN,CN terminal area, Sarnia
2024-12-23,CN,CN terminal area, Saskatoon
2024-12-23,CN,CN terminal area, Toronto
2024-12-23,CN,CN terminal area, Vancouver
2024-12-23,CN,CN terminal area, Winnipeg
2024-12-23,CPKC,CPKC terminal area, Calgary
2024-12-23,CPKC,CPKC terminal area, Edmonton
2024-12-23,CPKC,CPKC terminal area, Lethbridge
2024-12-23,CPKC,CPKC terminal area, Montreal
2024-12-23,CPKC,CPKC terminal area, Moose Jaw
2024-12-23,CPKC,CPKC terminal area, Red Deer
2024-12-23,CPKC,CPKC terminal area, Toronto
2024-12-23,CPKC,CPKC terminal area, Vancouver
2024-12-23,CPKC,CPKC terminal area, Winnipeg
2024-12-30,CN,CN terminal area, Edmonton
2024-12-30,CN,CN terminal area, Kamloops
2024-12-30,CN,CN terminal area, Montreal
2024-12-30,CN,CN terminal area, Prince George
2024-12-30,CN,CN terminal area, Prince Rupert
2024-12-30,CN,CN terminal area, Sarnia
2024-12-30,CN,CN terminal area, Saskatoon
2024-12-30,CN,CN terminal area, Toronto
2024-12-30,CN,CN terminal area, Vancouver
2024-12-30,CN,CN terminal area, Winnipeg
2024-12-30,CPKC,CPKC terminal area, Calgary
2024-12-30,CPKC,CPKC terminal area, Edmonton
2024-12-30,CPKC,CPKC terminal area, Lethbridge
2024-12-30,CPKC,CPKC terminal area, Montreal
2024-12-30,CPKC,CPKC terminal area, Moose Jaw
2024-12-30,CPKC,CPKC terminal area, Red Deer
2024-12-30,CPKC,CPKC terminal area, Toronto
2024-12-30,CPKC,CPKC terminal area, Vancouver
2024-12-30,CPKC,CPKC terminal area, Winnipeg
2025-01-06,CN,CN terminal area, Edmonton
2025-01-06,CN,CN terminal area, Kamloops
2025-01-06,CN,CN terminal area, Montreal
2025-01-06,CN,CN terminal area, Prince George
2025-01-06,CN,CN terminal area, Prince Rupert
2025-01-06,CN,CN terminal area, Sarnia
2025-01-06,CN,CN terminal area, Saskatoon
2025-01-06,CN,CN terminal area, Toronto
2025-01-06,CN,CN terminal area, Vancouver
2025-01-06,CN,CN terminal area, Winnipeg
2025-01-06,CPKC,CPKC terminal area, Calgary
2025-01-06,CPKC,CPKC terminal area, Edmonton
2025-01-06,CPKC,CPKC terminal area, Lethbridge
2025-01-06,CPKC,CPKC terminal area, Montreal
2025-01-06,CPKC,CPKC terminal area, Moose Jaw
2025-01-06,CPKC,CPKC terminal area, Red Deer
2025-01-06,CPKC,CPKC terminal area, Toronto
2025-01-06,CPKC,CPKC terminal area, Vancouver
2025-01-06,CPKC,CPKC terminal area, Winnipeg
2025-01-13,CN,CN terminal area, Edmonton
2025-01-13,CN,CN terminal area, Kamloops
2025-01-13,CN,CN terminal area, Montreal
2025-01-13,CN,CN terminal area, Prince George
2025-01-13,CN,CN terminal area, Prince Rupert
2025-01-13,CN,CN terminal area, Sarnia
2025-01-13,CN,CN terminal area, Saskatoon
2025-01-13,CN,CN terminal area, Toronto
2025-01-13,CN,CN terminal area, Vancouver
2025-01-13,CN,CN terminal area, Winnipeg
2025-01-13,CPKC,CPKC terminal area, Calgary
2025-01-13,CPKC,CPKC terminal area, Edmonton
2025-01-13,CPKC,CPKC terminal area, Lethbridge
2025-01-13,CPKC,CPKC terminal area, Montreal
2025-01-13,CPKC,CPKC terminal area, Moose Jaw
2025-01-13,CPKC,CPKC terminal area, Red Deer
2025-01-13,CPKC,CPKC terminal area, Toronto
2025-01-13,CPKC,CPKC terminal area, Vancouver
2025-01-13,CPKC,CPKC terminal area, Winnipeg
2025-01-20,CN,CN terminal area, Edmonton
2025-01-20,CN,CN terminal area, Kamloops
2025-01-20,CN,CN terminal area, Montreal
2025-01-20,CN,CN terminal area, Prince George
2025-01-20,CN,CN terminal area, Prince Rupert
2025-01-20,CN,CN terminal area, Sarnia
2025-01-20,CN,CN terminal area, Saskatoon
2025-01-20,CN,CN terminal area, Toronto
2025-01-20,CN,CN terminal area, Vancouver
2025-01-20,CN,CN terminal area, Winnipeg
2025-01-20,CPKC,CPKC terminal area, Calgary
2025-01-20,CPKC,CPKC terminal area, Edmonton
2025-01-20,CPKC,CPKC terminal area, Lethbridge
2025-01-20,CPKC,CPKC terminal area, Montreal
2025-01-20,CPKC,CPKC terminal area, Moose Jaw
2025-01-20,CPKC,CPKC terminal area, Red Deer
2025-01-20,CPKC,CPKC terminal area, Toronto
2025-01-20,CPKC,CPKC terminal area, Vancouver
2025-01-20,CPKC,CPKC terminal area, Winnipeg
2025-01-27,CN,CN terminal area, Edmonton
2025-01-27,CN,CN terminal area, Kamloops
2025-01-27,CN,CN terminal area, Montreal
2025-01-27,CN,CN terminal area, Prince George
2025-01-27,CN,CN terminal area, Prince Rupert
2025-01-27,CN,CN terminal area, Sarnia
2025-01-27,CN,CN terminal area, Saskatoon
2025-01-27,CN,CN terminal area, Toronto
2025-01-27,CN,CN terminal area, Vancouver
2025-01-27,CN,CN terminal area, Winnipeg
2025-01-27,CPKC,CPKC terminal area, Calgary
2025-01-27,CPKC,CPKC terminal area, Edmonton
2025-01-27,CPKC,CPKC terminal area, Lethbridge
2025-01-27,CPKC,CPKC terminal area, Montreal
2025-01-27,CPKC,CPKC terminal area, Moose Jaw
2025-01-27,CPKC,CPKC terminal area, Red Deer
2025-01-27,CPKC,CPKC terminal area, Toronto
2025-01-27,CPKC,CPKC terminal area, Vancouver
2025-01-27,CPKC,CPKC terminal area, Winnipeg
2025-02-03,CN,CN terminal area, Edmonton
2025-02-03,CN,CN terminal area, Kamloops
2025-02-03,CN,CN terminal area, Montreal
2025-02-03,CN,CN terminal area, Prince George
2025-02-03,CN,CN terminal area, Prince Rupert
2025-02-03,CN,CN terminal area, Sarnia
2025-02-03,CN,CN terminal area, Saskatoon
2025-02-03,CN,CN terminal area, Toronto
2025-02-03,CN,CN terminal area, Vancouver
2025-02-03,CN,CN terminal area, Winnipeg
2025-02-03,CPKC,CPKC terminal area, Calgary
2025-02-03,CPKC,CPKC terminal area, Edmonton
2025-02-03,CPKC,CPKC terminal area, Lethbridge
2025-02-03,CPKC,CPKC terminal area, Montreal
2025-02-03,CPKC,CPKC terminal area, Moose Jaw
2025-02-03,CPKC,CPKC terminal area, Red Deer
2025-02-03,CPKC,CPKC terminal area, Toronto
2025-02-03,CPKC,CPKC terminal area, Vancouver
2025-02-03,CPKC,CPKC terminal area, Winnipeg
2025-02-10,CN,CN terminal area, Edmonton
2025-02-10,CN,CN terminal area, Kamloops
2025-02-10,CN,CN terminal area, Montreal
2025-02-10,CN,CN terminal area, Prince George
2025-02-10,CN,CN terminal area, Prince Rupert
2025-02-10,CN,CN terminal area, Sarnia
2025-02-10,CN,CN terminal area, Saskatoon
2025-02-10,CN,CN terminal area, Toronto
2025-02-10,CN,CN terminal area, Vancouver
2025-02-10,CN,CN terminal area, Winnipeg
2025-02-10,CPKC,CPKC terminal area, Calgary
2025-02-10,CPKC,CPKC terminal area, Edmonton
2025-02-10,CPKC,CPKC terminal area, Lethbridge
2025-02-10,CPKC,CPKC terminal area, Montreal
2025-02-10,CPKC,CPKC terminal area, Moose Jaw
2025-02-10,CPKC,CPKC terminal area, Red Deer
2025-02-10,CPKC,CPKC terminal area, Toronto
2025-02-10,CPKC,CPKC terminal area, Vancouver
2025-02-10,CPKC,CPKC terminal area, Winnipeg
2025-02-17,CN,CN terminal area, Edmonton
2025-02-17,CN,CN terminal area, Kamloops
2025-02-17,CN,CN terminal area, Montreal
2025-02-17,CN,CN terminal area, Prince George
2025-02-17,CN,CN terminal area, Prince Rupert
2025-02-17,CN,CN terminal area, Sarnia
2025-02-17,CN,CN terminal area, Saskatoon
2025-02-17,CN,CN terminal area, Toronto
2025-02-17,CN,CN terminal area, Vancouver
2025-02-17,CN,CN terminal area, Winnipeg
2025-02-17,CPKC,CPKC terminal area, Calgary
2025-02-17,CPKC,CPKC terminal area, Edmonton
2025-02-17,CPKC,CPKC terminal area, Lethbridge
2025-02-17,CPKC,CPKC terminal area, Montreal
2025-02-17,CPKC,CPKC terminal area, Moose Jaw
2025-02-17,CPKC,CPKC terminal area, Red Deer
2025-02-17,CPKC,CPKC terminal area, Toronto
2025-02-17,CPKC,CPKC terminal area, Vancouver
2025-02-17,CPKC,CPKC terminal area, Winnipeg
2025-02-24,CN,CN terminal area, Edmonton
2025-02-24,CN,CN terminal area, Kamloops
2025-02-24,CN,CN terminal area, Montreal
2025-02-24,CN,CN terminal area, Prince George
2025-02-24,CN,CN terminal area, Prince Rupert
2025-02-24,CN,CN terminal area, Sarnia
2025-02-24,CN,CN terminal area, Saskatoon
2025-02-24,CN,CN terminal area, Toronto
2025-02-24,CN,CN terminal area, Vancouver
2025-02-24,CN,CN terminal area, Winnipeg
2025-02-24,CPKC,CPKC terminal area, Calgary
2025-02-24,CPKC,CPKC terminal area, Edmonton
2025-02-24,CPKC,CPKC terminal area, Lethbridge
2025-02-24,CPKC,CPKC terminal area, Montreal
2025-02-24,CPKC,CPKC terminal area, Moose Jaw
2025-02-24,CPKC,CPKC terminal area, Red Deer
2025-02-24,CPKC,CPKC terminal area, Toronto
2025-02-24,CPKC,CPKC terminal area, Vancouver
2025-02-24,CPKC,CPKC terminal area, Winnipeg
2025-03-03,CN,CN terminal area, Edmonton
2025-03-03,CN,CN terminal area, Kamloops
2025-03-03,CN,CN terminal area, Montreal
2025-03-03,CN,CN terminal area, Prince George
2025-03-03,CN,CN terminal area, Prince Rupert
2025-03-03,CN,CN terminal area, Sarnia
2025-03-03,CN,CN terminal area, Saskatoon
2025-03-03,CN,CN terminal area, Toronto
2025-03-03,CN,CN terminal area, Vancouver
2025-03-03,CN,CN terminal area, Winnipeg
2025-03-03,CPKC,CPKC terminal area, Calgary
2025-03-03,CPKC,CPKC terminal area, Edmonton
2025-03-03,CPKC,CPKC terminal area, Lethbridge
2025-03-03,CPKC,CPKC terminal area, Montreal
2025-03-03,CPKC,CPKC terminal area, Moose Jaw
2025-03-03,CPKC,CPKC terminal area, Red Deer
2025-03-03,CPKC,CPKC terminal area, Toronto
2025-03-03,CPKC,CPKC terminal area, Vancouver
2025-03-03,CPKC,CPKC terminal area, Winnipeg
2025-03-10,CN,CN terminal area, Edmonton
2025-03-10,CN,CN terminal area, Kamloops
2025-03-10,CN,CN terminal area, Montreal
2025-03-10,CN,CN terminal area, Prince George
2025-03-10,CN,CN terminal area, Prince Rupert
2025-03-10,CN,CN terminal area, Sarnia
2025-03-10,CN,CN terminal area, Saskatoon
2025-03-10,CN,CN terminal area, Toronto
2025-03-10,CN,CN terminal area, Vancouver
2025-03-10,CN,CN terminal area, Winnipeg
2025-03-10,CPKC,CPKC terminal area, Calgary
2025-03-10,CPKC,CPKC terminal area, Edmonton
2025-03-10,CPKC,CPKC terminal area, Lethbridge
2025-03-10,CPKC,CPKC terminal area, Montreal
2025-03-10,CPKC,CPKC terminal area, Moose Jaw
2025-03-10,CPKC,CPKC terminal area, Red Deer
2025-03-10,CPKC,CPKC terminal area, Toronto
2025-03-10,CPKC,CPKC terminal area, Vancouver
2025-03-10,CPKC,CPKC terminal area, Winnipeg
2025-03-17,CN,CN terminal area, Edmonton
2025-03-17,CN,CN terminal area, Kamloops
2025-03-17,CN,CN terminal area, Montreal
2025-03-17,CN,CN terminal area, Prince George
2025-03-17,CN,CN terminal area, Prince Rupert
2025-03-17,CN,CN terminal area, Sarnia
2025-03-17,CN,CN terminal area, Saskatoon
2025-03-17,CN,CN terminal area, Toronto
2025-03-17,CN,CN terminal area, Vancouver
2025-03-17,CN,CN terminal area, Winnipeg
2025-03-17,CPKC,CPKC terminal area, Calgary
2025-03-17,CPKC,CPKC terminal area, Edmonton
2025-03-17,CPKC,CPKC terminal area, Lethbridge
2025-03-17,CPKC,CPKC terminal area, Montreal
2025-03-17,CPKC,CPKC terminal area, Moose Jaw
2025-03-17,CPKC,CPKC terminal area, Red Deer
2025-03-17,CPKC,CPKC terminal area, Toronto
2025-03-17,CPKC,CPKC terminal area, Vancouver
2025-03-17,CPKC,CPKC terminal area, Winnipeg
2025-03-24,CN,CN terminal area, Edmonton
2025-03-24,CN,CN terminal area, Kamloops
2025-03-24,CN,CN terminal area, Montreal
2025-03-24,CN,CN terminal area, Prince George
2025-03-24,CN,CN terminal area, Prince Rupert
2025-03-24,CN,CN terminal area, Sarnia
2025-03-24,CN,CN terminal area, Saskatoon
2025-03-24,CN,CN terminal area, Toronto
2025-03-24,CN,CN terminal area, Vancouver
2025-03-24,CN,CN terminal area, Winnipeg
2025-03-24,CPKC,CPKC terminal area, Calgary
2025-03-24,CPKC,CPKC terminal area, Edmonton
2025-03-24,CPKC,CPKC terminal area, Lethbridge
2025-03-24,CPKC,CPKC terminal area, Montreal
2025-03-24,CPKC,CPKC terminal area, Moose Jaw
2025-03-24,CPKC,CPKC terminal area, Red Deer
2025-03-24,CPKC,CPKC terminal area, Toronto
2025-03-24,CPKC,CPKC terminal area, Vancouver
2025-03-24,CPKC,CPKC terminal area, Winnipeg
2025-03-31,CN,CN terminal area, Edmonton
2025-03-31,CN,CN terminal area, Kamloops
2025-03-31,CN,CN terminal area, Montreal
2025-03-31,CN,CN terminal area, Prince George
2025-03-31,CN,CN terminal area, Prince Rupert
2025-03-31,CN,CN terminal area, Sarnia
2025-03-31,CN,CN terminal area, Saskatoon
2025-03-31,CN,CN terminal area, Toronto
2025-03-31,CN,CN terminal area, Vancouver
2025-03-31,CN,CN terminal area, Winnipeg
2025-03-31,CPKC,CPKC terminal area, Calgary
2025-03-31,CPKC,CPKC terminal area, Edmonton
2025-03-31,CPKC,CPKC terminal area, Lethbridge
2025-03-31,CPKC,CPKC terminal area, Montreal
2025-03-31,CPKC,CPKC terminal area, Moose Jaw
2025-03-31,CPKC,CPKC terminal area, Red Deer
2025-03-31,CPKC,CPKC terminal area, Toronto
2025-03-31,CPKC,CPKC terminal area, Vancouver
2025-03-31,CPKC,CPKC terminal area, Winnipeg
2025-04-07,CN,CN terminal area, Edmonton
2025-04-07,CN,CN terminal area, Kamloops
2025-04-07,CN,CN terminal area, Montreal
2025-04-07,CN,CN terminal area, Prince George
2025-04-07,CN,CN terminal area, Prince Rupert
2025-04-07,CN,CN terminal area, Sarnia
2025-04-07,CN,CN terminal area, Saskatoon
2025-04-07,CN,CN terminal area, Toronto
2025-04-07,CN,CN terminal area, Vancouver
2025-04-07,CN,CN terminal area, Winnipeg
2025-04-07,CPKC,CPKC terminal area, Calgary
2025-04-07,CPKC,CPKC terminal area, Edmonton
2025-04-07,CPKC,CPKC terminal area, Lethbridge
2025-04-07,CPKC,CPKC terminal area, Montreal
2025-04-07,CPKC,CPKC terminal area, Moose Jaw
2025-04-07,CPKC,CPKC terminal area, Red Deer
2025-04-07,CPKC,CPKC terminal area, Toronto
2025-04-07,CPKC,CPKC terminal area, Vancouver
2025-04-07,CPKC,CPKC terminal area, Winnipeg
2025-04-14,CN,CN terminal area, Edmonton
2025-04-14,CN,CN terminal area, Kamloops
2025-04-14,CN,CN terminal area, Montreal
2025-04-14,CN,CN terminal area, Prince George
2025-04-14,CN,CN terminal area, Prince Rupert
2025-04-14,CN,CN terminal area, Sarnia
2025-04-14,CN,CN terminal area, Saskatoon
2025-04-14,CN,CN terminal area, Toronto
2025-04-14,CN,CN terminal area, Vancouver
2025-04-14,CN,CN terminal area, Winnipeg
2025-04-14,CPKC,CPKC terminal area, Calgary
2025-04-14,CPKC,CPKC terminal area, Edmonton
2025-04-14,CPKC,CPKC terminal area, Lethbridge
2025-04-14,CPKC,CPKC terminal area, Montreal
2025-04-14,CPKC,CPKC terminal area, Moose Jaw
2025-04-14,CPKC,CPKC terminal area, Red Deer
2025-04-14,CPKC,CPKC terminal area, Toronto
2025-04-14,CPKC,CPKC terminal area, Vancouver
2025-04-14,CPKC,CPKC terminal area, Winnipeg
2025-04-21,CN,CN terminal area, Edmonton
2025-04-21,CN,CN terminal area, Kamloops
2025-04-21,CN,CN terminal area, Montreal
2025-04-21,CN,CN terminal area, Prince George
2025-04-21,CN,CN terminal area, Prince Rupert
2025-04-21,CN,CN terminal area, Sarnia
2025-04-21,CN,CN terminal area, Saskatoon
2025-04-21,CN,CN terminal area, Toronto
2025-04-21,CN,CN terminal area, Vancouver
2025-04-21,CN,CN terminal area, Winnipeg
2025-04-21,CPKC,CPKC terminal area, Calgary
2025-04-21,CPKC,CPKC terminal area, Edmonton
2025-04-21,CPKC,CPKC terminal area, Lethbridge
2025-04-21,CPKC,CPKC terminal area, Montreal
2025-04-21,CPKC,CPKC terminal area, Moose Jaw
2025-04-21,CPKC,CPKC terminal area, Red Deer
2025-04-21,CPKC,CPKC terminal area, Toronto
2025-04-21,CPKC,CPKC terminal area, Vancouver
2025-04-21,CPKC,CPKC terminal area, Winnipeg
2025-04-28,CN,CN terminal area, Edmonton
2025-04-28,CN,CN terminal area, Kamloops
2025-04-28,CN,CN terminal area, Montreal
2025-04-28,CN,CN terminal area, Prince George
2025-04-28,CN,CN terminal area, Prince Rupert
2025-04-28,CN,CN terminal area, Sarnia
2025-04-28,CN,CN terminal area, Saskatoon
2025-04-28,CN,CN terminal area, Toronto
2025-04-28,CN,CN terminal area, Vancouver
2025-04-28,CN,CN terminal area, Winnipeg
2025-04-28,CPKC,CPKC terminal area, Calgary
2025-04-28,CPKC,CPKC terminal area, Edmonton
2025-04-28,CPKC,CPKC terminal area, Lethbridge
2025-04-28,CPKC,CPKC terminal area, Montreal
2025-04-28,CPKC,CPKC terminal area, Moose Jaw
2025-04-28,CPKC,CPKC terminal area, Red Deer
2025-04-28,CPKC,CPKC terminal area, Toronto
2025-04-28,CPKC,CPKC terminal area, Vancouver
2025-04-28,CPKC,CPKC terminal area, Winnipeg
2025-05-05,CN,CN terminal area, Edmonton
2025-05-05,CN,CN terminal area, Kamloops
2025-05-05,CN,CN terminal area, Montreal
2025-05-05,CN,CN terminal area, Prince George
2025-05-05,CN,CN terminal area, Prince Rupert
2025-05-05,CN,CN terminal area, Sarnia
2025-05-05,CN,CN terminal area, Saskatoon
2025-05-05,CN,CN terminal area, Toronto
2025-05-05,CN,CN terminal area, Vancouver
2025-05-05,CN,CN terminal area, Winnipeg
2025-05-05,CPKC,CPKC terminal area, Calgary
2025-05-05,CPKC,CPKC terminal area, Edmonton
2025-05-05,CPKC,CPKC terminal area, Lethbridge
2025-05-05,CPKC,CPKC terminal area, Montreal
2025-05-05,CPKC,CPKC terminal area, Moose Jaw
2025-05-05,CPKC,CPKC terminal area, Red Deer
2025-05-05,CPKC,CPKC terminal area, Toronto
2025-05-05,CPKC,CPKC terminal area, Vancouver
2025-05-05,CPKC,CPKC terminal area, Winnipeg
2025-05-12,CN,CN terminal area, Edmonton
2025-05-12,CN,CN terminal area, Kamloops
2025-05-12,CN,CN terminal area, Montreal
2025-05-12,CN,CN terminal area, Prince George
2025-05-12,CN,CN terminal area, Prince Rupert
2025-05-12,CN,CN terminal area, Sarnia
2025-05-12,CN,CN terminal area, Saskatoon
2025-05-12,CN,CN terminal area, Toronto
2025-05-12,CN,CN terminal area, Vancouver
2025-05-12,CN,CN terminal area, Winnipeg
2025-05-12,CPKC,CPKC terminal area, Calgary
2025-05-12,CPKC,CPKC terminal area, Edmonton
2025-05-12,CPKC,CPKC terminal area, Lethbridge
2025-05-12,CPKC,CPKC terminal area, Montreal
2025-05-12,CPKC,CPKC terminal area, Moose Jaw
2025-05-12,CPKC,CPKC terminal area, Red Deer
2025-05-12,CPKC,CPKC terminal area, Toronto
2025-05-12,CPKC,CPKC terminal area, Vancouver
2025-05-12,CPKC,CPKC terminal area, Winnipeg
2025-05-19,CN,CN terminal area, Edmonton
2025-05-19,CN,CN terminal area, Kamloops
2025-05-19,CN,CN terminal area, Montreal
2025-05-19,CN,CN terminal area, Prince George
2025-05-19,CN,CN terminal area, Prince Rupert
2025-05-19,CN,CN terminal area, Sarnia
2025-05-19,CN,CN terminal area, Saskatoon
2025-05-19,CN,CN terminal area, Toronto
2025-05-19,CN,CN terminal area, Vancouver
2025-05-19,CN,CN terminal area, Winnipeg
2025-05-19,CPKC,CPKC terminal area, Calgary
2025-05-19,CPKC,CPKC terminal area, Edmonton
2025-05-19,CPKC,CPKC terminal area, Lethbridge
2025-05-19,CPKC,CPKC terminal area, Montreal
2025-05-19,CPKC,CPKC terminal area, Moose Jaw
2025-05-19,CPKC,CPKC terminal area, Red Deer
2025-05-19,CPKC,CPKC terminal area, Toronto
2025-05-19,CPKC,CPKC terminal area, Vancouver
2025-05-19,CPKC,CPKC terminal area, Winnipeg
2025-05-26,CN,CN terminal area, Edmonton
2025-05-26,CN,CN terminal area, Kamloops
2025-05-26,CN,CN terminal area, Montreal
2025-05-26,CN,CN terminal area, Prince George
2025-05-26,CN,CN terminal area, Prince Rupert
2025-05-26,CN,CN terminal area, Sarnia
2025-05-26,CN,CN terminal area, Saskatoon
2025-05-26,CN,CN terminal area, Toronto
2025-05-26,CN,CN terminal area, Vancouver
2025-05-26,CN,CN terminal area, Winnipeg
2025-05-26,CPKC,CPKC terminal area, Calgary
2025-05-26,CPKC,CPKC terminal area, Edmonton
2025-05-26,CPKC,CPKC terminal area, Lethbridge
2025-05-26,CPKC,CPKC terminal area, Montreal
2025-05-26,CPKC,CPKC terminal area, Moose Jaw
2025-05-26,CPKC,CPKC terminal area, Red Deer
2025-05-26,CPKC,CPKC terminal area, Toronto
2025-05-26,CPKC,CPKC terminal area, Vancouver
2025-05-26,CPKC,CPKC terminal area, Winnipeg
2025-06-02,CN,CN terminal area, Edmonton
2025-06-02,CN,CN terminal area, Kamloops
2025-06-02,CN,CN terminal area, Montreal
2025-06-02,CN,CN terminal area, Prince George
2025-06-02,CN,CN terminal area, Prince Rupert
2025-06-02,CN,CN terminal area, Sarnia
2025-06-02,CN,CN terminal area, Saskatoon
2025-06-02,CN,CN terminal area, Toronto
2025-06-02,CN,CN terminal area, Vancouver
2025-06-02,CN,CN terminal area, Winnipeg
2025-06-02,CPKC,CPKC terminal area, Calgary
2025-06-02,CPKC,CPKC terminal area, Edmonton
2025-06-02,CPKC,CPKC terminal area, Lethbridge
2025-06-02,CPKC,CPKC terminal area, Montreal
2025-06-02,CPKC,CPKC terminal area, Moose Jaw
2025-06-02,CPKC,CPKC terminal area, Red Deer
2025-06-02,CPKC,CPKC terminal area, Toronto
2025-06-02,CPKC,CPKC terminal area, Vancouver
2025-06-02,CPKC,CPKC terminal area, Winnipeg
2025-06-09,CN,CN terminal area, Edmonton
2025-06-09,CN,CN terminal area, Kamloops
2025-06-09,CN,CN terminal area, Montreal
2025-06-09,CN,CN terminal area, Prince George
2025-06-09,CN,CN terminal area, Prince Rupert
2025-06-09,CN,CN terminal area, Sarnia
2025-06-09,CN,CN terminal area, Saskatoon
2025-06-09,CN,CN terminal area, Toronto
2025-06-09,CN,CN terminal area, Vancouver
2025-06-09,CN,CN terminal area, Winnipeg
2025-06-09,CPKC,CPKC terminal area, Calgary
2025-06-09,CPKC,CPKC terminal area, Edmonton
2025-06-09,CPKC,CPKC terminal area, Lethbridge
2025-06-09,CPKC,CPKC terminal area, Montreal
2025-06-09,CPKC,CPKC terminal area, Moose Jaw
2025-06-09,CPKC,CPKC terminal area, Red Deer
2025-06-09,CPKC,CPKC terminal area, Toronto
2025-06-09,CPKC,CPKC terminal area, Vancouver
2025-06-09,CPKC,CPKC terminal area, Winnipeg
2025-06-16,CN,CN terminal area, Edmonton
2025-06-16,CN,CN terminal area, Kamloops
2025-06-16,CN,CN terminal area, Montreal
2025-06-16,CN,CN terminal area, Prince George
2025-06-16,CN,CN terminal area, Prince Rupert
2025-06-16,CN,CN terminal area, Sarnia
2025-06-16,CN,CN terminal area, Saskatoon
2025-06-16,CN,CN terminal area, Toronto
2025-06-16,CN,CN terminal area, Vancouver
2025-06-16,CN,CN terminal area, Winnipeg
2025-06-16,CPKC,CPKC terminal area, Calgary
2025-06-16,CPKC,CPKC terminal area, Edmonton
2025-06-16,CPKC,CPKC terminal area, Lethbridge
2025-06-16,CPKC,CPKC terminal area, Montreal
2025-06-16,CPKC,CPKC terminal area, Moose Jaw
2025-06-16,CPKC,CPKC terminal area, Red Deer
2025-06-16,CPKC,CPKC terminal area, Toronto
2025-06-16,CPKC,CPKC terminal area, Vancouver
2025-06-16,CPKC,CPKC terminal area, Winnipeg
2025-06-23,CN,CN terminal area, Edmonton
2025-06-23,CN,CN terminal area, Kamloops
2025-06-23,CN,CN terminal area, Montreal
2025-06-23,CN,CN terminal area, Prince George
2025-06-23,CN,CN terminal area, Prince Rupert
2025-06-23,CN,CN terminal area, Sarnia
2025-06-23,CN,CN terminal area, Saskatoon
2025-06-23,CN,CN terminal area, Toronto
2025-06-23,CN,CN terminal area, Vancouver
2025-06-23,CN,CN terminal area, Winnipeg
2025-06-23,CPKC,CPKC terminal area, Calgary
2025-06-23,CPKC,CPKC terminal area, Edmonton
2025-06-23,CPKC,CPKC terminal area, Lethbridge
2025-06-23,CPKC,CPKC terminal area, Montreal
2025-06-23,CPKC,CPKC terminal area, Moose Jaw
2025-06-23,CPKC,CPKC terminal area, Red Deer
2025-06-23,CPKC,CPKC terminal area, Toronto
2025-06-23,CPKC,CPKC terminal area, Vancouver
2025-06-23,CPKC,CPKC terminal area, Winnipeg
2025-06-30,CN,CN terminal area, Edmonton
2025-06-30,CN,CN terminal area, Kamloops
2025-06-30,CN,CN terminal area, Montreal
2025-06-30,CN,CN terminal area, Prince George
2025-06-30,CN,CN terminal area, Prince Rupert
2025-06-30,CN,CN terminal area, Sarnia
2025-06-30,CN,CN terminal area, Saskatoon
2025-06-30,CN,CN terminal area, Toronto
2025-06-30,CN,CN terminal area, Vancouver
2025-06-30,CN,CN terminal area, Winnipeg
2025-06-30,CPKC,CPKC terminal area, Calgary
2025-06-30,CPKC,CPKC terminal area, Edmonton
2025-06-30,CPKC,CPKC terminal area, Lethbridge
2025-06-30,CPKC,CPKC terminal area, Montreal
2025-06-30,CPKC,CPKC terminal area, Moose Jaw
2025-06-30,CPKC,CPKC terminal area, Red Deer
2025-06-30,CPKC,CPKC terminal area, Toronto
2025-06-30,CPKC,CPKC terminal area, Vancouver
2025-06-30,CPKC,CPKC terminal area, Winnipeg
2025-07-07,CN,CN terminal area, Edmonton
2025-07-07,CN,CN terminal area, Kamloops
2025-07-07,CN,CN terminal area, Montreal
2025-07-07,CN,CN terminal area, Prince George
2025-07-07,CN,CN terminal area, Prince Rupert
2025-07-07,CN,CN terminal area, Sarnia
2025-07-07,CN,CN terminal area, Saskatoon
2025-07-07,CN,CN terminal area, Toronto
2025-07-07,CN,CN terminal area, Vancouver
2025-07-07,CN,CN terminal area, Winnipeg
2025-07-07,CPKC,CPKC terminal area, Calgary
2025-07-07,CPKC,CPKC terminal area, Edmonton
2025-07-07,CPKC,CPKC terminal area, Lethbridge
2025-07-07,CPKC,CPKC terminal area, Montreal
2025-07-07,CPKC,CPKC terminal area, Moose Jaw
2025-07-07,CPKC,CPKC terminal area, Red Deer
2025-07-07,CPKC,CPKC terminal area, Toronto
2025-07-07,CPKC,CPKC terminal area, Vancouver
2025-07-07,CPKC,CPKC terminal area, Winnipeg
2025-07-14,CN,CN terminal area, Edmonton
2025-07-14,CN,CN terminal area, Kamloops
2025-07-14,CN,CN terminal area, Montreal
2025-07-14,CN,CN terminal area, Prince George
2025-07-14,CN,CN terminal area, Prince Rupert
2025-07-14,CN,CN terminal area, Sarnia
2025-07-14,CN,CN terminal area, Saskatoon
2025-07-14,CN,CN terminal area, Toronto
2025-07-14,CN,CN terminal area, Vancouver
2025-07-14,CN,CN terminal area, Winnipeg
2025-07-14,CPKC,CPKC terminal area, Calgary
2025-07-14,CPKC,CPKC terminal area, Edmonton
2025-07-14,CPKC,CPKC terminal area, Lethbridge
2025-07-14,CPKC,CPKC terminal area, Montreal
2025-07-14,CPKC,CPKC terminal area, Moose Jaw
2025-07-14,CPKC,CPKC terminal area, Red Deer
2025-07-14,CPKC,CPKC terminal area, Toronto
2025-07-14,CPKC,CPKC terminal area, Vancouver
2025-07-14,CPKC,CPKC terminal area, Winnipeg
2025-07-21,CN,CN terminal area, Edmonton
2025-07-21,CN,CN terminal area, Kamloops
2025-07-21,CN,CN terminal area, Montreal
2025-07-21,CN,CN terminal area, Prince George
2025-07-21,CN,CN terminal area, Prince Rupert
2025-07-21,CN,CN terminal area, Sarnia
2025-07-21,CN,CN terminal area, Saskatoon
2025-07-21,CN,CN terminal area, Toronto
2025-07-21,CN,CN terminal area, Vancouver
2025-07-21,CN,CN terminal area, Winnipeg
2025-07-21,CPKC,CPKC terminal area, Calgary
2025-07-21,CPKC,CPKC terminal area, Edmonton
2025-07-21,CPKC,CPKC terminal area, Lethbridge
2025-07-21,CPKC,CPKC terminal area, Montreal
2025-07-21,CPKC,CPKC terminal area, Moose Jaw
2025-07-21,CPKC,CPKC terminal area, Red Deer
2025-07-21,CPKC,CPKC terminal area, Toronto
2025-07-21,CPKC,CPKC terminal area, Vancouver
2025-07-21,CPKC,CPKC terminal area, Winnipeg
2025-07-28,CN,CN terminal area, Edmonton
2025-07-28,CN,CN terminal area, Kamloops
2025-07-28,CN,CN terminal area, Montreal
2025-07-28,CN,CN terminal area, Prince George
2025-07-28,CN,CN terminal area, Prince Rupert
2025-07-28,CN,CN terminal area, Sarnia
2025-07-28,CN,CN terminal area, Saskatoon
2025-07-28,CN,CN terminal area, Toronto
2025-07-28,CN,CN terminal area, Vancouver
2025-07-28,CN,CN terminal area, Winnipeg
2025-07-28,CPKC,CPKC terminal area, Calgary
2025-07-28,CPKC,CPKC terminal area, Edmonton
2025-07-28,CPKC,CPKC terminal area, Lethbridge
2025-07-28,CPKC,CPKC terminal area, Montreal
2025-07-28,CPKC,CPKC terminal area, Moose Jaw
2025-07-28,CPKC,CPKC terminal area, Red Deer
2025-07-28,CPKC,CPKC terminal area, Toronto
2025-07-28,CPKC,CPKC terminal area, Vancouver
2025-07-28,CPKC,CPKC terminal area, Winnipeg
2025-08-04,CN,CN terminal area, Edmonton
2025-08-04,CN,CN terminal area, Kamloops
2025-08-04,CN,CN terminal area, Montreal
2025-08-04,CN,CN terminal area, Prince George
2025-08-04,CN,CN terminal area, Prince Rupert
2025-08-04,CN,CN terminal area, Sarnia
2025-08-04,CN,CN terminal area, Saskatoon
2025-08-04,CN,CN terminal area, Toronto
2025-08-04,CN,CN terminal area, Vancouver
2025-08-04,CN,CN terminal area, Winnipeg
2025-08-04,CPKC,CPKC terminal area, Calgary
2025-08-04,CPKC,CPKC terminal area, Edmonton
2025-08-04,CPKC,CPKC terminal area, Lethbridge
2025-08-04,CPKC,CPKC terminal area, Montreal
2025-08-04,CPKC,CPKC terminal area, Moose Jaw
2025-08-04,CPKC,CPKC terminal area, Red Deer
2025-08-04,CPKC,CPKC terminal area, Toronto
2025-08-04,CPKC,CPKC terminal area, Vancouver
2025-08-04,CPKC,CPKC terminal area, Winnipeg
2025-08-11,CN,CN terminal area, Edmonton
2025-08-11,CN,CN terminal area, Kamloops
2025-08-11,CN,CN terminal area, Montreal
2025-08-11,CN,CN terminal area, Prince George
2025-08-11,CN,CN terminal area, Prince Rupert
2025-08-11,CN,CN terminal area, Sarnia
2025-08-11,CN,CN terminal area, Saskatoon
2025-08-11,CN,CN terminal area, Toronto
2025-08-11,CN,CN terminal area, Vancouver
2025-08-11,CN,CN terminal area, Winnipeg
2025-08-11,CPKC,CPKC terminal area, Calgary
2025-08-11,CPKC,CPKC terminal area, Edmonton
2025-08-11,CPKC,CPKC terminal area, Lethbridge
2025-08-11,CPKC,CPKC terminal area, Montreal
2025-08-11,CPKC,CPKC terminal area, Moose Jaw
2025-08-11,CPKC,CPKC terminal area, Red Deer
2025-08-11,CPKC,CPKC terminal area, Toronto
2025-08-11,CPKC,CPKC terminal area, Vancouver
2025-08-11,CPKC,CPKC terminal area, Winnipeg
2025-08-18,CN,CN terminal area, Edmonton
2025-08-18,CN,CN terminal area, Kamloops
2025-08-18,CN,CN terminal area, Montreal
2025-08-18,CN,CN terminal area, Prince George
2025-08-18,CN,CN terminal area, Prince Rupert
2025-08-18,CN,CN terminal area, Sarnia
2025-08-18,CN,CN terminal area, Saskatoon
2025-08-18,CN,CN terminal area, Toronto
2025-08-18,CN,CN terminal area, Vancouver
2025-08-18,CN,CN terminal area, Winnipeg
2025-08-18,CPKC,CPKC terminal area, Calgary
2025-08-18,CPKC,CPKC terminal area, Edmonton
2025-08-18,CPKC,CPKC terminal area, Lethbridge
2025-08-18,CPKC,CPKC terminal area, Montreal
2025-08-18,CPKC,CPKC terminal area, Moose Jaw
2025-08-18,CPKC,CPKC terminal area, Red Deer
2025-08-18,CPKC,CPKC terminal area, Toronto
2025-08-18,CPKC,CPKC terminal area, Vancouver
2025-08-18,CPKC,CPKC terminal area, Winnipeg
2025-08-25,CN,CN terminal area, Edmonton
2025-08-25,CN,CN terminal area, Kamloops
2025-08-25,CN,CN terminal area, Montreal
2025-08-25,CN,CN terminal area, Prince George
2025-08-25,CN,CN terminal area, Prince Rupert
2025-08-25,CN,CN terminal area, Sarnia
2025-08-25,CN,CN terminal area, Saskatoon
2025-08-25,CN,CN terminal area, Toronto
2025-08-25,CN,CN terminal area, Vancouver
2025-08-25,CN,CN terminal area, Winnipeg
2025-08-25,CPKC,CPKC terminal area, Calgary
2025-08-25,CPKC,CPKC terminal area, Edmonton
2025-08-25,CPKC,CPKC terminal area, Lethbridge
2025-08-25,CPKC,CPKC terminal area, Montreal
2025-08-25,CPKC,CPKC terminal area, Moose Jaw
2025-08-25,CPKC,CPKC terminal area, Red Deer
2025-08-25,CPKC,CPKC terminal area, Toronto
2025-08-25,CPKC,CPKC terminal area, Vancouver
2025-08-25,CPKC,CPKC terminal area, Winnipeg
2025-09-01,CN,CN terminal area, Edmonton
2025-09-01,CN,CN terminal area, Kamloops
2025-09-01,CN,CN terminal area, Montreal
2025-09-01,CN,CN terminal area, Prince George
2025-09-01,CN,CN terminal area, Prince Rupert
2025-09-01,CN,CN terminal area, Sarnia
2025-09-01,CN,CN terminal area, Saskatoon
2025-09-01,CN,CN terminal area, Toronto
2025-09-01,CN,CN terminal area, Vancouver
2025-09-01,CN,CN terminal area, Winnipeg
2025-09-01,CPKC,CPKC terminal area, Calgary
2025-09-01,CPKC,CPKC terminal area, Edmonton
2025-09-01,CPKC,CPKC terminal area, Lethbridge
2025-09-01,CPKC,CPKC terminal area, Montreal
2025-09-01,CPKC,CPKC terminal area, Moose Jaw
2025-09-01,CPKC,CPKC terminal area, Red Deer
2025-09-01,CPKC,CPKC terminal area, Toronto
2025-09-01,CPKC,CPKC terminal area, Vancouver
2025-09-01,CPKC,CPKC terminal area, Winnipeg
2025-09-08,CN,CN terminal area, Edmonton
2025-09-08,CN,CN terminal area, Kamloops
2025-09-08,CN,CN terminal area, Montreal
2025-09-08,CN,CN terminal area, Prince George
2025-09-08,CN,CN terminal area, Prince Rupert
2025-09-08,CN,CN terminal area, Sarnia
2025-09-08,CN,CN terminal area, Saskatoon
2025-09-08,CN,CN terminal area, Toronto
2025-09-08,CN,CN terminal area, Vancouver
2025-09-08,CN,CN terminal area, Winnipeg
2025-09-08,CPKC,CPKC terminal area, Calgary
2025-09-08,CPKC,CPKC terminal area, Edmonton
2025-09-08,CPKC,CPKC terminal area, Lethbridge
2025-09-08,CPKC,CPKC terminal area, Montreal
2025-09-08,CPKC,CPKC terminal area, Moose Jaw
2025-09-08,CPKC,CPKC terminal area, Red Deer
2025-09-08,CPKC,CPKC terminal area, Toronto
2025-09-08,CPKC,CPKC terminal area, Vancouver
2025-09-08,CPKC,CPKC terminal area, Winnipeg
2025-09-15,CN,CN terminal area, Edmonton
2025-09-15,CN,CN terminal area, Kamloops
2025-09-15,CN,CN terminal area, Montreal
2025-09-15,CN,CN terminal area, Prince George
2025-09-15,CN,CN terminal area, Prince Rupert
2025-09-15,CN,CN terminal area, Sarnia
2025-09-15,CN,CN terminal area, Saskatoon
2025-09-15,CN,CN terminal area, Toronto
2025-09-15,CN,CN terminal area, Vancouver
2025-09-15,CN,CN terminal area, Winnipeg
2025-09-15,CPKC,CPKC terminal area, Calgary
2025-09-15,CPKC,CPKC terminal area, Edmonton
2025-09-15,CPKC,CPKC terminal area, Lethbridge
2025-09-15,CPKC,CPKC terminal area, Montreal
2025-09-15,CPKC,CPKC terminal area, Moose Jaw
2025-09-15,CPKC,CPKC terminal area, Red Deer
2025-09-15,CPKC,CPKC terminal area, Toronto
2025-09-15,CPKC,CPKC terminal area, Vancouver
2025-09-15,CPKC,CPKC terminal area, Winnipeg
2025-09-22,CN,CN terminal area, Edmonton
2025-09-22,CN,CN terminal area, Kamloops
2025-09-22,CN,CN terminal area, Montreal
2025-09-22,CN,CN terminal area, Prince George
2025-09-22,CN,CN terminal area, Prince Rupert
2025-09-22,CN,CN terminal area, Sarnia
2025-09-22,CN,CN terminal area, Saskatoon
2025-09-22,CN,CN terminal area, Toronto
2025-09-22,CN,CN terminal area, Vancouver
2025-09-22,CN,CN terminal area, Winnipeg
2025-09-22,CPKC,CPKC terminal area, Calgary
2025-09-22,CPKC,CPKC terminal area, Edmonton
2025-09-22,CPKC,CPKC terminal area, Lethbridge
2025-09-22,CPKC,CPKC terminal area, Montreal
2025-09-22,CPKC,CPKC terminal area, Moose Jaw
2025-09-22,CPKC,CPKC terminal area, Red Deer
2025-09-22,CPKC,CPKC terminal area, Toronto
2025-09-22,CPKC,CPKC terminal area, Vancouver
2025-09-22,CPKC,CPKC terminal area, Winnipeg
2025-09-29,CN,CN terminal area, Edmonton
2025-09-29,CN,CN terminal area, Kamloops
2025-09-29,CN,CN terminal area, Montreal
2025-09-29,CN,CN terminal area, Prince George
2025-09-29,CN,CN terminal area, Prince Rupert
2025-09-29,CN,CN terminal area, Sarnia
2025-09-29,CN,CN terminal area, Saskatoon
2025-09-29,CN,CN terminal area, Toronto
2025-09-29,CN,CN terminal area, Vancouver
2025-09-29,CN,CN terminal area, Winnipeg
2025-09-29,CPKC,CPKC terminal area, Calgary
2025-09-29,CPKC,CPKC terminal area, Edmonton
2025-09-29,CPKC,CPKC terminal area, Lethbridge
2025-09-29,CPKC,CPKC terminal area, Montreal
2025-09-29,CPKC,CPKC terminal area, Moose Jaw
2025-09-29,CPKC,CPKC terminal area, Red Deer
2025-09-29,CPKC,CPKC terminal area, Toronto
2025-09-29,CPKC,CPKC terminal area, Vancouver
2025-09-29,CPKC,CPKC terminal area, Winnipeg
2025-10-06,CN,CN terminal area, Edmonton
2025-10-06,CN,CN terminal area, Kamloops
2025-10-06,CN,CN terminal area, Montreal
2025-10-06,CN,CN terminal area, Prince George
2025-10-06,CN,CN terminal area, Prince Rupert
2025-10-06,CN,CN terminal area, Sarnia
2025-10-06,CN,CN terminal area, Saskatoon
2025-10-06,CN,CN terminal area, Toronto
2025-10-06,CN,CN terminal area, Vancouver
2025-10-06,CN,CN terminal area, Winnipeg
2025-10-06,CPKC,CPKC terminal area, Calgary
2025-10-06,CPKC,CPKC terminal area, Edmonton
2025-10-06,CPKC,CPKC terminal area, Lethbridge
2025-10-06,CPKC,CPKC terminal area, Montreal
2025-10-06,CPKC,CPKC terminal area, Moose Jaw
2025-10-06,CPKC,CPKC terminal area, Red Deer
2025-10-06,CPKC,CPKC terminal area, Toronto
2025-10-06,CPKC,CPKC terminal area, Vancouver
2025-10-06,CPKC,CPKC terminal area, Winnipeg
2025-10-13,CN,CN terminal area, Edmonton
2025-10-13,CN,CN terminal area, Kamloops
2025-10-13,CN,CN terminal area, Montreal
2025-10-13,CN,CN terminal area, Prince George
2025-10-13,CN,CN terminal area, Prince Rupert
2025-10-13,CN,CN terminal area, Sarnia
2025-10-13,CN,CN terminal area, Saskatoon
2025-10-13,CN,CN terminal area, Toronto
2025-10-13,CN,CN terminal area, Vancouver
2025-10-13,CN,CN terminal area, Winnipeg
2025-10-13,CPKC,CPKC terminal area, Calgary
2025-10-13,CPKC,CPKC terminal area, Edmonton
2025-10-13,CPKC,CPKC terminal area, Lethbridge
2025-10-13,CPKC,CPKC terminal area, Montreal
2025-10-13,CPKC,CPKC terminal area, Moose Jaw
2025-10-13,CPKC,CPKC terminal area, Red Deer
2025-10-13,CPKC,CPKC terminal area, Toronto
2025-10-13,CPKC,CPKC terminal area, Vancouver
2025-10-13,CPKC,CPKC terminal area, Winnipeg
2025-10-20,CN,CN terminal area, Edmonton
2025-10-20,CN,CN terminal area, Kamloops
2025-10-20,CN,CN terminal area, Montreal
2025-10-20,CN,CN terminal area, Prince George
2025-10-20,CN,CN terminal area, Prince Rupert
2025-10-20,CN,CN terminal area, Sarnia
2025-10-20,CN,CN terminal area, Saskatoon
2025-10-20,CN,CN terminal area, Toronto
2025-10-20,CN,CN terminal area, Vancouver
2025-10-20,CN,CN terminal area, Winnipeg
2025-10-20,CPKC,CPKC terminal area, Calgary
2025-10-20,CPKC,CPKC terminal area, Edmonton
2025-10-20,CPKC,CPKC terminal area, Lethbridge
2025-10-20,CPKC,CPKC terminal area, Montreal
2025-10-20,CPKC,CPKC terminal area, Moose Jaw
2025-10-20,CPKC,CPKC terminal area, Red Deer
2025-10-20,CPKC,CPKC terminal area, Toronto
2025-10-20,CPKC,CPKC terminal area, Vancouver
2025-10-20,CPKC,CPKC terminal area, Winnipeg
2025-10-27,CN,CN terminal area, Edmonton
2025-10-27,CN,CN terminal area, Kamloops
2025-10-27,CN,CN terminal area, Montreal
2025-10-27,CN,CN terminal area, Prince George
2025-10-27,CN,CN terminal area, Prince Rupert
2025-10-27,CN,CN terminal area, Sarnia
2025-10-27,CN,CN terminal area, Saskatoon
2025-10-27,CN,CN terminal area, Toronto
2025-10-27,CN,CN terminal area, Vancouver
2025-10-27,CN,CN terminal area, Winnipeg
2025-10-27,CPKC,CPKC terminal area, Calgary
2025-10-27,CPKC,CPKC terminal area, Edmonton
2025-10-27,CPKC,CPKC terminal area, Lethbridge
2025-10-27,CPKC,CPKC terminal area, Montreal
2025-10-27,CPKC,CPKC terminal area, Moose Jaw
2025-10-27,CPKC,CPKC terminal area, Red Deer
2025-10-27,CPKC,CPKC terminal area, Toronto
2025-10-27,CPKC,CPKC terminal area, Vancouver
2025-10-27,CPKC,CPKC terminal area, Winnipeg
2025-11-03,CN,CN terminal area, Edmonton
2025-11-03,CN,CN terminal area, Kamloops
2025-11-03,CN,CN terminal area, Montreal
2025-11-03,CN,CN terminal area, Prince George
2025-11-03,CN,CN terminal area, Prince Rupert
2025-11-03,CN,CN terminal area, Sarnia
2025-11-03,CN,CN terminal area, Saskatoon
2025-11-03,CN,CN terminal area, Toronto
2025-11-03,CN,CN terminal area, Vancouver
2025-11-03,CN,CN terminal area, Winnipeg
2025-11-03,CPKC,CPKC terminal area, Calgary
2025-11-03,CPKC,CPKC terminal area, Edmonton
2025-11-03,CPKC,CPKC terminal area, Lethbridge
2025-11-03,CPKC,CPKC terminal area, Montreal
2025-11-03,CPKC,CPKC terminal area, Moose Jaw
2025-11-03,CPKC,CPKC terminal area, Red Deer
2025-11-03,CPKC,CPKC terminal area, Toronto
2025-11-03,CPKC,CPKC terminal area, Vancouver
2025-11-03,CPKC,CPKC terminal area, Winnipeg
2025-11-10,CN,CN terminal area, Edmonton
2025-11-10,CN,CN terminal area, Kamloops
2025-11-10,CN,CN terminal area, Montreal
2025-11-10,CN,CN terminal area, Prince George
2025-11-10,CN,CN terminal area, Prince Rupert
2025-11-10,CN,CN terminal area, Sarnia
2025-11-10,CN,CN terminal area, Saskatoon
2025-11-10,CN,CN terminal area, Toronto
2025-11-10,CN,CN terminal area, Vancouver
2025-11-10,CN,CN terminal area, Winnipeg
2025-11-10,CPKC,CPKC terminal area, Calgary
2025-11-10,CPKC,CPKC terminal area, Edmonton
2025-11-10,CPKC,CPKC terminal area, Lethbridge
2025-11-10,CPKC,CPKC terminal area, Montreal
2025-11-10,CPKC,CPKC terminal area, Moose Jaw
2025-11-10,CPKC,CPKC terminal area, Red Deer
2025-11-10,CPKC,CPKC terminal area, Toronto
2025-11-10,CPKC,CPKC terminal area, Vancouver
2025-11-10,CPKC,CPKC terminal area, Winnipeg
2025-11-17,CN,CN terminal area, Edmonton
2025-11-17,CN,CN terminal area, Kamloops
2025-11-17,CN,CN terminal area, Montreal
2025-11-17,CN,CN terminal area, Prince George
2025-11-17,CN,CN terminal area, Prince Rupert
2025-11-17,CN,CN terminal area, Sarnia
2025-11-17,CN,CN terminal area, Saskatoon
2025-11-17,CN,CN terminal area, Toronto
2025-11-17,CN,CN terminal area, Vancouver
2025-11-17,CN,CN terminal area, Winnipeg
2025-11-17,CPKC,CPKC terminal area, Calgary
2025-11-17,CPKC,CPKC terminal area, Edmonton
2025-11-17,CPKC,CPKC terminal area, Lethbridge
2025-11-17,CPKC,CPKC terminal area, Montreal
2025-11-17,CPKC,CPKC terminal area, Moose Jaw
2025-11-17,CPKC,CPKC terminal area, Red Deer
2025-11-17,CPKC,CPKC terminal area, Toronto
2025-11-17,CPKC,CPKC terminal area, Vancouver
2025-11-17,CPKC,CPKC terminal area, Winnipeg
2025-11-24,CN,CN terminal area, Edmonton
2025-11-24,CN,CN terminal area, Kamloops
2025-11-24,CN,CN terminal area, Montreal
2025-11-24,CN,CN terminal area, Prince George
2025-11-24,CN,CN terminal area, Prince Rupert
2025-11-24,CN,CN terminal area, Sarnia
2025-11-24,CN,CN terminal area, Saskatoon
2025-11-24,CN,CN terminal area, Toronto
2025-11-24,CN,CN terminal area, Vancouver
2025-11-24,CN,CN terminal area, Winnipeg
2025-11-24,CPKC,CPKC terminal area, Calgary
2025-11-24,CPKC,CPKC terminal area, Edmonton
2025-11-24,CPKC,CPKC terminal area, Lethbridge
2025-11-24,CPKC,CPKC terminal area, Montreal
2025-11-24,CPKC,CPKC terminal area, Moose Jaw
2025-11-24,CPKC,CPKC terminal area, Red Deer
2025-11-24,CPKC,CPKC terminal area, Toronto
2025-11-24,CPKC,CPKC terminal area, Vancouver
2025-11-24,CPKC,CPKC terminal area, Winnipeg
2025-12-01,CN,CN terminal area, Edmonton
2025-12-01,CN,CN terminal area, Kamloops
2025-12-01,CN,CN terminal area, Montreal
2025-12-01,CN,CN terminal area, Prince George
2025-12-01,CN,CN terminal area, Prince Rupert
2025-12-01,CN,CN terminal area, Sarnia
2025-12-01,CN,CN terminal area, Saskatoon
2025-12-01,CN,CN terminal area, Toronto
2025-12-01,CN,CN terminal area, Vancouver
2025-12-01,CN,CN terminal area, Winnipeg
2025-12-01,CPKC,CPKC terminal area, Calgary
2025-12-01,CPKC,CPKC terminal area, Edmonton
2025-12-01,CPKC,CPKC terminal area, Lethbridge
2025-12-01,CPKC,CPKC terminal area, Montreal
2025-12-01,CPKC,CPKC terminal area, Moose Jaw
2025-12-01,CPKC,CPKC terminal area, Red Deer
2025-12-01,CPKC,CPKC terminal area, Toronto
2025-12-01,CPKC,CPKC terminal area, Vancouver
2025-12-01,CPKC,CPKC terminal area, Winnipeg
2025-12-08,CN,CN terminal area, Edmonton
2025-12-08,CN,CN terminal area, Kamloops
2025-12-08,CN,CN terminal area, Montreal
2025-12-08,CN,CN terminal area, Prince George
2025-12-08,CN,CN terminal area, Prince Rupert
2025-12-08,CN,CN terminal area, Sarnia
2025-12-08,CN,CN terminal area, Saskatoon
2025-12-08,CN,CN terminal area, Toronto
2025-12-08,CN,CN terminal area, Vancouver
2025-12-08,CN,CN terminal area, Winnipeg
2025-12-08,CPKC,CPKC terminal area, Calgary
2025-12-08,CPKC,CPKC terminal area, Edmonton
2025-12-08,CPKC,CPKC terminal area, Lethbridge
2025-12-08,CPKC,CPKC terminal area, Montreal
2025-12-08,CPKC,CPKC terminal area, Moose Jaw
2025-12-08,CPKC,CPKC terminal area, Red Deer
2025-12-08,CPKC,CPKC terminal area, Toronto
2025-12-08,CPKC,CPKC terminal area, Vancouver
2025-12-08,CPKC,CPKC terminal area, Winnipeg
2025-12-15,CN,CN terminal area, Edmonton
2025-12-15,CN,CN terminal area, Kamloops
2025-12-15,CN,CN terminal area, Montreal
2025-12-15,CN,CN terminal area, Prince George
2025-12-15,CN,CN terminal area, Prince Rupert
2025-12-15,CN,CN terminal area, Sarnia
2025-12-15,CN,CN terminal area, Saskatoon
2025-12-15,CN,CN terminal area, Toronto
2025-12-15,CN,CN terminal area, Vancouver
2025-12-15,CN,CN terminal area, Winnipeg
2025-12-15,CPKC,CPKC terminal area, Calgary
2025-12-15,CPKC,CPKC terminal area, Edmonton
2025-12-15,CPKC,CPKC terminal area, Lethbridge
2025-12-15,CPKC,CPKC terminal area, Montreal
2025-12-15,CPKC,CPKC terminal area, Moose Jaw
2025-12-15,CPKC,CPKC terminal area, Red Deer
2025-12-15,CPKC,CPKC terminal area, Toronto
2025-12-15,CPKC,CPKC terminal area, Vancouver
2025-12-15,CPKC,CPKC terminal area, Winnipeg
2025-12-22,CN,CN terminal area, Edmonton
2025-12-22,CN,CN terminal area, Kamloops
2025-12-22,CN,CN terminal area, Montreal
2025-12-22,CN,CN terminal area, Prince George
2025-12-22,CN,CN terminal area, Prince Rupert
2025-12-22,CN,CN terminal area, Sarnia
2025-12-22,CN,CN terminal area, Saskatoon
2025-12-22,CN,CN terminal area, Toronto
2025-12-22,CN,CN terminal area, Vancouver
2025-12-22,CN,CN terminal area, Winnipeg
2025-12-22,CPKC,CPKC terminal area, Calgary
2025-12-22,CPKC,CPKC terminal area, Edmonton
2025-12-22,CPKC,CPKC terminal area, Lethbridge
2025-12-22,CPKC,CPKC terminal area, Montreal
2025-12-22,CPKC,CPKC terminal area, Moose Jaw
2025-12-22,CPKC,CPKC terminal area, Red Deer
2025-12-22,CPKC,CPKC terminal area, Toronto
2025-12-22,CPKC,CPKC terminal area, Vancouver
2025-12-22,CPKC,CPKC terminal area, Winnipeg
2025-12-29,CN,CN terminal area, Edmonton
2025-12-29,CN,CN terminal area, Kamloops
2025-12-29,CN,CN terminal area, Montreal
2025-12-29,CN,CN terminal area, Prince George
2025-12-29,CN,CN terminal area, Prince Rupert
2025-12-29,CN,CN terminal area, Sarnia
2025-12-29,CN,CN terminal area, Saskatoon
2025-12-29,CN,CN terminal area, Toronto
2025-12-29,CN,CN terminal area, Vancouver
2025-12-29,CN,CN terminal area, Winnipeg
2025-12-29,CPKC,CPKC terminal area, Calgary
2025-12-29,CPKC,CPKC terminal area, Edmonton
2025-12-29,CPKC,CPKC terminal area, Lethbridge
2025-12-29,CPKC,CPKC terminal area, Montreal
2025-12-29,CPKC,CPKC terminal area, Moose Jaw
2025-12-29,CPKC,CPKC terminal area, Red Deer
2025-12-29,CPKC,CPKC terminal area, Toronto
2025-12-29,CPKC,CPKC terminal area, Vancouver
2025-12-29,CPKC,CPKC terminal area, Winnipeg
