airport_id,origin_codes,months_present,all_12_months,observed_seq_count,all_seq_mapping_pass,station_ids,unique_station_count,spatial_qualified
10135,ABE,1|2|3|4|5|6|7|8|9|10|11|12,True,2,True,USW00014737,1,True
10136,ABI,1|2|3|4|5|6|7|8|9|10|11|12,True,2,True,USW00013962,1,True
10140,ABQ,1|2|3|4|5|6|7|8|9|10|11|12,True,2,True,USW00023050,1,True
10141,ABR,1|2|3|4|5|6|7|8|9|10|11|12,True,2,True,USW00014929,1,True
10146,ABY,1|2|3|4|5|6|7|8|9|10|11|12,True,1,True,USW00013869,1,True
10154,ACK,5|6|7|8|9|10,False,1,True,USW00014756,1,False
10155,ACT,1|2|3|4|5|6|7|8|9|10|11|12,True,2,True,USC00419417|USW00013959,2,True
10157,ACV,1|2|3|4|5|6|7|8|9|10|11|12,True,1,True,USW00024283,1,True
10158,ACY,1|2|3|4|5|6|7|8|9|10|11|12,True,2,True,USW00013753,1,True
10165,ADK,1|2|3|4|5|6|7|8|9|10|11|12,True,1,False,,0,False
10170,ADQ,1|2|3|4|5|6|7|8|9|10|11|12,True,1,True,USW00025501,1,True
10185,AEX,1|2|3|4|5|6|7|8|9|10|11|12,True,2,True,USW00013934,1,True
10208,AGS,1|2|3|4|5|6|7|8|9|10|11|12,True,1,True,USW00003820,1,True
10245,AKN,1|2|3|4|5|6|7|8|9|10|11|12,True,2,True,USW00025503,1,True
10257,ALB,1|2|3|4|5|6|7|8|9|10|11|12,True,2,True,USW00014735,1,True
10268,ALO,1|2|3|4|5|6|7|8|9|10|11|12,True,2,True,USW00094910,1,True
10275,ALW,1|2|3|4|5|6|7|8|9|10|11|12,True,1,True,USW00024160,1,True
10279,AMA,1|2|3|4|5|6|7|8|9|10|11|12,True,2,True,USC00410213,1,True
10299,ANC,1|2|3|4|5|6|7|8|9|10|11|12,True,1,True,USW00026451,1,True
10333,APN,1|2|3|4|5|6|7|8|9|10|11|12,True,1,True,USW00094849,1,True
10361,ART,1|2|3|4|5|6|7|8|9|10|11|12,True,1,True,USW00094790,1,True
10372,ASE,1|2|3|4|5|6|7|8|9|10|11|12,True,1,True,USW00093073,1,True
10397,ATL,1|2|3|4|5|6|7|8|9|10|11|12,True,2,True,USW00013874,1,True
10408,ATW,1|2|3|4|5|6|7|8|9|10|11|12,True,1,True,USW00004825,1,True
10409,ATY,8|9|10|11|12,False,1,True,USW00014946,1,False
10423,AUS,1|2|3|4|5|6|7|8|9|10|11|12,True,1,True,USW00013904,1,True
10431,AVL,1|2|3|4|5|6|7|8|9|10|11|12,True,1,True,USW00003812,1,True
10434,AVP,1|2|3|4|5|6|7|8|9|10|11|12,True,2,True,USW00014777,1,True
10466,AZA,1|2|3|4|5|6|7|8|9|10|11|12,True,2,True,USW00023104,1,True
10469,AZO,1|2|3|4|5|6|7|8|9|10|11|12,True,2,True,USW00094815,1,True
10529,BDL,1|2|3|4|5|6|7|8|9|10|11|12,True,1,True,USW00014740,1,True
10551,BET,1|2|3|4|5|6|7|8|9|10|11|12,True,1,True,USW00026615,1,True
10558,BFF,1|2|3|4|5|6|7|8|9|10|11|12,True,2,True,USW00024028,1,True
10561,BFL,1|2|3|4|5|6|7|8|9|10|11|12,True,2,True,USW00023155,1,True
10577,BGM,1|2|3|4|5|6|7|8|9|10|11|12,True,1,True,USW00004725,1,True
10581,BGR,1|2|3|4|5|6|7|8|9|10|11|12,True,1,True,USW00014601,1,True
10599,BHM,1|2|3|4|5|6|7|8|9|10|11|12,True,1,True,USW00013876,1,True
10617,BIH,1|2|3|4|6|7|8|9|10|12,False,1,True,USW00023157,1,False
10620,BIL,1|2|3|4|5|6|7|8|9|10|11|12,True,1,True,USW00024033,1,True
10627,BIS,1|2|3|4|5|6|7|8|9|10|11|12,True,2,True,USW00094071,1,True
10631,BJI,1|2|3|4|5|6|7|8|9|10|11|12,True,1,True,USW00014958,1,True
10666,BLI,1|2|3|4|5|6|7|8|9|10|11|12,True,1,True,USW00024217,1,True
10676,BLV,1|2|3|4|5|6|7|8|9|10|11|12,True,1,True,USW00013802,1,True
10685,BMI,1|2|3|4|5|6|7|8|9|10|11|12,True,2,True,USW00054831,1,True
10693,BNA,1|2|3|4|5|6|7|8|9|10|11|12,True,2,True,USW00013897,1,True
10713,BOI,1|2|3|4|5|6|7|8|9|10|11|12,True,1,True,USW00024131,1,True
10721,BOS,1|2|3|4|5|6|7|8|9|10|11|12,True,2,True,USW00014739,1,True
10728,BPT,1|2|3|4|5|6|7|8|9|10|11|12,True,2,True,USW00012917,1,True
10731,BQK,1|2|3|4|5|6|7|8|9|10|11|12,True,1,True,USW00053883,1,True
10732,BQN,1|2|3|4|5|6|7|8|9|10|11|12,True,1,False,,0,False
10739,BRD,1|2|3|4|5|6|7|8|9|10|11|12,True,1,True,USW00094938,1,True
10747,BRO,1|2|3|4|5|6|7|8|9|10|11|12,True,2,True,USI0000KBRO,1,True
10754,BRW,1|2|3|4|5|6|7|8|9|10|11|12,True,1,True,USW00027502,1,True
10779,BTM,1|2|3|4|5|6|7|8|9|10|11|12,True,2,True,USW00024135,1,True
10781,BTR,1|2|3|4|5|6|7|8|9|10|11|12,True,1,True,USW00013970,1,True
10785,BTV,1|2|3|4|5|6|7|8|9|10|11|12,True,2,True,USW00014742,1,True
10792,BUF,1|2|3|4|5|6|7|8|9|10|11|12,True,1,True,USW00014733,1,True
10800,BUR,1|2|3|4|5|6|7|8|9|10|11|12,True,1,True,USW00023152,1,True
10821,BWI,1|2|3|4|5|6|7|8|9|10|11|12,True,1,True,USW00093721,1,True
10849,BZN,1|2|3|4|5|6|7|8|9|10|11|12,True,1,True,USW00024132,1,True
10868,CAE,1|2|3|4|5|6|7|8|9|10|11|12,True,1,True,USW00013883,1,True
10874,CAK,1|2|3|4|5|6|7|8|9|10|11|12,True,2,True,USW00014895,1,True
10918,CDC,1|2|3|4|5|6|7|8|9|10|11|12,True,2,True,USW00093129,1,True
10926,CDV,1|2|3|4|5|6|7|8|9|10|11|12,True,1,True,USW00026410,1,True
10980,CHA,1|2|3|4|5|6|7|8|9|10|11|12,True,2,True,USW00013882,1,True
10990,CHO,1|2|3|4|5|6|7|8|9|10|11|12,True,1,True,USW00093736,1,True
10994,CHS,1|2|3|4|5|6|7|8|9|10|11|12,True,1,True,USW00013758,1,True
11003,CID,1|2|3|4|5|6|7|8|9|10|11|12,True,1,True,USW00014990,1,True
11013,CIU,1|2|3|4|5|6|7|8|9|10|11|12,True,2,False,,0,False
11027,CKB,1|2|3|4|5|6|7|8|9|10|11|12,True,1,True,USW00003802,1,True
11041,CLD,2|3|4|5|6|7|8|9|10|11|12,False,1,True,USW00003177,1,False
11042,CLE,1|2|3|4|5|6|7|8|9|10|11|12,True,2,True,USW00014820,1,True
11049,CLL,1|2|3|4|5|6|7|8|9|10|11|12,True,2,True,USW00003904,1,True
11057,CLT,1|2|3|4|5|6|7|8|9|10|11|12,True,2,True,USW00013881,1,True
11066,CMH,1|2|3|4|5|6|7|8|9|10|11|12,True,1,True,USW00014821,1,True
11067,CMI,1|2|3|4|5|6|7|8|9|10|11|12,True,2,True,USW00094870,1,True
11076,CMX,1|2|3|4|5|6|7|8|9|10|11|12,True,2,True,USW00014858,1,True
11097,COD,1|2|3|4|5|6|7|8|9|10|11|12,True,1,True,USW00024045,1,True
11109,COS,1|2|3|4|5|6|7|8|9|10|11|12,True,1,True,USW00093037,1,True
11111,COU,1|2|3|4|5|6|7|8|9|10|11|12,True,2,True,USW00003945,1,True
11122,CPR,1|2|3|4|5|6|7|8|9|10|11|12,True,1,True,USW00024089,1,True
11140,CRP,1|2|3|4|5|6|7|8|9|10|11|12,True,2,True,USW00012924,1,True
11146,CRW,1|2|3|4|5|6|7|8|9|10|11|12,True,1,True,USW00013866,1,True
11150,CSG,1|2|3|4|5|6|7|8|11|12,False,2,True,USW00093842,1,False
11193,CVG,1|2|3|4|5|6|7|8|9|10|11|12,True,1,True,USW00093814,1,True
11203,CWA,1|2|3|4|5|6|7|8|9|10|11|12,True,2,True,USW00094890,1,True
11233,CYS,1|2|3|4|5|6|7|8|9|10|11|12,True,2,True,USW00024018,1,True
11252,DAB,1|2|3|4|5|6|7|8|9|10|11|12,True,1,True,USW00012846,1,True
11259,DAL,1|2|3|4|5|6|7|8|9|10|11|12,True,2,True,USW00013960,1,True
11267,DAY,1|2|3|4|5|6|7|8|9|10|11|12,True,2,True,USW00093815,1,True
11278,DCA,1|2|3|4|5|6|7|8|9|10|11|12,True,1,True,USW00013751,1,True
11283,DDC,1|2|3|4|5|6|7|8|9|10|11|12,True,1,True,USW00013985,1,True
11288,DEC,1|2|3|4|5|6|7|8|9|10|11|12,True,1,True,USW00003887,1,True
11292,DEN,1|2|3|4|5|6|7|8|9|10|11|12,True,2,True,USW00003017,1,True
11298,DFW,1|2|3|4|5|6|7|8|9|10|11|12,True,1,True,USW00003927,1,True
11308,DHN,1|2|3|4|5|6|7|8|9|10|11|12,True,1,True,USW00013839,1,True
11315,DIK,1|2|3|4|5|6|7|8|9|10|11|12,True,1,True,USW00024012,1,True
11336,DLG,1|2|3|4|5|6|7|8|9|10|11|12,True,1,True,USW00025513,1,True
11337,DLH,1|2|3|4|5|6|7|8|9|10|11|12,True,2,True,USW00014913,1,True
11413,DRO,1|2|3|4|5|6|7|8|9|10|11|12,True,1,True,USW00093005,1,True
11423,DSM,1|2|3|4|5|6|7|8|9|10|11|12,True,2,True,USW00014933,1,True
11433,DTW,1|2|3|4|5|6|7|8|9|10|11|12,True,1,True,USW00094847,1,True
11447,DVL,1|2|3|4|5|6|7|8|9|10|11|12,True,1,True,USW00094928,1,True
11468,EAR,1|2|3|4|5|6|7|8|9|10|11|12,True,2,True,USW00014905,1,True
11470,EAT,1|2|3|4|5|6|7|8|9|10|11|12,True,1,True,USW00094239,1,True
11471,EAU,1|2|3|4|5|6|7|8|9|10|11|12,True,1,True,USW00014991,1,True
11481,ECP,1|2|3|4|5|6|7|8|9|10|11|12,True,1,True,USW00073805,1,True
11503,EGE,1|2|3|4|5|6|7|8|9|10|11|12,True,1,True,USW00023063,1,True
11525,EKO,1|2|3|4|5|6|7|8|9|10|11|12,True,1,True,USW00024121,1,True
11537,ELM,1|2|3|4|5|6|7|8|9|10|11|12,True,2,True,USW00014748,1,True
11540,ELP,1|2|3|4|5|6|7|8|9|10|11|12,True,2,True,USW00023044,1,True
11577,ERI,1|2|3|4|5|6|7|8|9|10|11|12,True,2,True,USW00014860,1,True
11587,ESC,1|2|3|4|5|6|7|8|9|10|11|12,True,1,True,USC00202627,1,True
11603,EUG,1|2|3|4|5|6|7|8|9|10|11|12,True,2,True,USW00024221,1,True
11612,EVV,1|2|3|4|5|6|7|8|9|10|11|12,True,2,True,USW00093817,1,True
11617,EWN,1|2|3|4|5|6|7|8|9|10|11|12,True,2,True,USW00093719,1,True
11618,EWR,1|2|3|4|5|6|7|8|9|10|11|12,True,2,True,USW00014734,1,True
11624,EYW,1|2|3|4|5|6|7|8|9|10|11|12,True,1,True,USW00012836,1,True
11630,FAI,1|2|3|4|5|6|7|8|9|10|11|12,True,2,True,USW00026411,1,True
11637,FAR,1|2|3|4|5|6|7|8|9|10|11|12,True,2,True,USW00014914,1,True
11638,FAT,1|2|3|4|5|6|7|8|9|10|11|12,True,1,True,USW00093193,1,True
11641,FAY,1|2|3|4|5|6|7|8|9|10|11|12,True,2,True,USW00093740,1,True
11648,FCA,1|2|3|4|5|6|7|8|9|10|11|12,True,2,True,USW00024146,1,True
11695,FLG,1|2|3|4|5|6|7|8|9|10|11|12,True,1,True,USW00003103,1,True
11697,FLL,1|2|3|4|5|6|7|8|9|10|11|12,True,2,True,USW00012849,1,True
11699,FLO,1|2|3|4|5|6|7|8|9|10|11|12,True,2,True,USW00013744,1,True
11711,FMN,5|6|7|8|9|10|11|12,False,2,True,USW00023090,1,False
11721,FNT,1|2|3|4|5|6|7|8|9|10|11|12,True,1,True,USW00014826,1,True
11725,FOD,1|2|3|4|5|6|7|8|9|10|11|12,True,2,True,USW00094933,1,True
11775,FSD,1|2|3|4|5|6|7|8|9|10|11|12,True,2,True,USC00397666,1,True
11778,FSM,1|2|3|4|5|6|7|8|9|10|11|12,True,2,True,USW00013964,1,True
11823,FWA,1|2|3|4|5|6|7|8|9|10|11|12,True,1,True,USW00014827,1,True
11865,GCC,1|2|3|4|5|6|7|8|9|10|11|12,True,2,True,USW00094023,1,True
11867,GCK,1|2|3|4|5|6|7|8|9|10|11|12,True,2,True,USW00023064,1,True
11884,GEG,1|2|3|4|5|6|7|8|9|10|11|12,True,1,True,USW00024157,1,True
11898,GFK,1|2|3|4|5|6|7|8|9|10|11|12,True,2,True,USW00014916|USW00014917,2,True
11905,GGG,1|2|3|4|5|6|7|8|9|10|11|12,True,2,True,USW00003901,1,True
11921,GJT,1|2|3|4|5|6|7|8|9|10|11|12,True,2,True,USW00023066,1,True
11953,GNV,1|2|3|4|5|6|7|8|9|10|11|12,True,2,True,USW00012816,1,True
11973,GPT,1|2|3|4|5|6|7|8|9|10|11|12,True,2,True,USW00093874,1,True
11977,GRB,1|2|3|4|5|6|7|8|9|10|11|12,True,1,True,USW00014898,1,True
11980,GRI,1|2|3|4|5|6|7|8|9|10|11|12,True,2,True,USW00014935,1,True
11982,GRK,1|2|3|4|5|6|7|8|9|10|11|12,True,1,True,USW00003902,1,True
11986,GRR,1|2|3|4|5|6|7|8|9|10|11|12,True,2,True,USW00094860,1,True
11995,GSO,1|2|3|4|5|6|7|8|9|10|11|12,True,1,True,USW00013723,1,True
11996,GSP,1|2|3|4|5|6|7|8|9|10|11|12,True,1,True,USW00003870,1,True
11997,GST,6|7|8,False,1,True,USW00025380,1,False
12003,GTF,1|2|3|4|5|6|7|8|9|10|11|12,True,2,True,USW00024143,1,True
12007,GTR,1|2|3|4|5|6|7|8|9|10|11|12,True,1,True,USW00053893,1,True
12012,GUC,1|2|3|4|5|6|7|8|9|10|11|12,True,1,True,USW00093007,1,True
12016,GUM,1|2|3|4|5|6|7|8|9|10|11|12,True,1,False,,0,False
12094,HDN,1|2|3|4|5|6|7|8|9|10|11|12,True,1,True,USW00094025,1,True
12119,HGR,1|2|3|4|5|6|7|8|9|10|11|12,True,1,True,USW00093706,1,True
12124,HHH,1|2|3|4|5|6|7|8|9|10|11|12,True,1,True,USW00063837,1,True
12129,HIB,1|2|3|4|5|6|7|8|9|10|11|12,True,1,True,USW00094931,1,True
12156,HLN,1|2|3|4|5|6|7|8|9|10|11|12,True,1,True,USW00024144,1,True
12173,HNL,1|2|3|4|5|6|7|8|9|10|11|12,True,1,True,USI0000PHIK,1,True
12177,HOB,1|2|3|4|5|6|7|8|9|10|11|12,True,2,True,USW00093034,1,True
12191,HOU,1|2|3|4|5|6|7|8|9|10|11|12,True,2,True,USW00012918,1,True
12197,HPN,1|2|3|4|5|6|7|8|9|10|11|12,True,1,True,USW00094745,1,True
12206,HRL,1|2|3|4|5|6|7|8|9|10|11|12,True,2,True,USW00012904,1,True
12217,HSV,1|2|3|4|5|6|7|8|9|10|11|12,True,1,True,USW00003856,1,True
12223,HTS,1|2|3|4|5|6|7|8|9|10|11|12,True,1,True,USW00003860,1,True
12250,HYA,6|7|8|9|10,False,1,True,USW00094720,1,False
12255,HYS,1|2|3|4|5|6|7|8|9|10|11|12,True,1,True,USW00003968,1,True
12264,IAD,1|2|3|4|5|6|7|8|9|10|11|12,True,2,True,USW00093738,1,True
12265,IAG,1|2|3|4|5|6|7|8|9|10|11|12,True,2,True,USW00004724,1,True
12266,IAH,1|2|3|4|5|6|7|8|9|10|11|12,True,2,True,USW00012960,1,True
12278,ICT,1|2|3|4|5|6|7|8|9|10|11|12,True,2,True,USW00003928,1,True
12280,IDA,1|2|3|4|5|6|7|8|9|10|11|12,True,2,True,USW00024145,1,True
12323,ILM,1|2|3|4|5|6|7|8|9|10|11|12,True,2,True,USW00013748,1,True
12335,IMT,1|2|3|4|5|6|7|8|9|10|11|12,True,1,True,USW00094893,1,True
12339,IND,1|2|3|4|5|6|7|8|9|10|11|12,True,1,True,USW00093819,1,True
12343,INL,1|2|3|4|5|6|7|8|9|10|11|12,True,1,True,USW00014918,1,True
12391,ISP,1|2|3|4|5|6|7|8|9|10|11|12,True,1,True,USW00004781,1,True
12397,ITH,1|2|3|4|5|6|7|8|9|10|11|12,True,1,True,USW00094761,1,True
12402,ITO,1|2|3|4|5|6|7|8|9|10|11|12,True,2,True,USW00021504,1,True
12441,JAC,1|2|3|4|5|6|7|8|9|10|11|12,True,1,True,USW00024166,1,True
12448,JAN,1|2|3|4|5|6|7|8|9|10|11|12,True,1,True,USW00003940,1,True
12451,JAX,1|2|3|4|5|6|7|8|9|10|11|12,True,2,True,USW00013889,1,True
12478,JFK,1|2|3|4|5|6|7|8|9|10|11|12,True,1,True,USW00094789,1,True
12511,JLN,1|2|3|4|5|6|7|8|9|10|11|12,True,2,True,USW00013987,1,True
12519,JMS,1|2|3|4|5|6|7|8|9|10|11|12,True,1,True,USW00014919,1,True
12523,JNU,1|2|3|4|5|6|7|8|9|10|11|12,True,1,True,USW00025309,1,True
12544,USA,1|2|3|4|5|6|7|8|9|10|11|12,True,1,True,USW00063801,1,True
12559,JST,1|2|3|4|5|6|7|8|9|10|11|12,True,2,True,USW00004726,1,True
12758,KOA,1|2|3|4|5|6|7|8|9|10|11|12,True,2,True,USW00021510,1,True
12819,KTN,1|2|3|4|5|6|7|8|9|10|11|12,True,1,True,USW00025325,1,True
12878,LAF,8|9|10|11|12,False,1,True,USW00014835,1,False
12884,LAN,1|2|3|4|5|6|7|8|9|10|11|12,True,1,True,USW00014836,1,True
12888,LAR,1|2|3|4|5|6|7|8|9|10|11|12,True,2,True,USW00024022,1,True
12889,LAS,1|2|3|4|5|6|7|8|9|10|11|12,True,1,True,USW00023169,1,True
12891,LAW,1|2|3|4|5|6|7|8|9|10|11|12,True,2,True,USW00003950,1,True
12892,LAX,1|2|3|4|5|6|7|8|9|10|11|12,True,2,True,USW00023174,1,True
12896,LBB,1|2|3|4|5|6|7|8|9|10|11|12,True,2,True,USW00023042,1,True
12898,LBE,1|2|3|4|5|6|7|8|9|10|11|12,True,1,True,USW00054735,1,True
12899,LBF,1|2|3|4|5|6|7|8|9|10|11|12,True,1,True,USW00024023,1,True
12902,LBL,1|2|3|4|5|6|7|8|9|10|11|12,True,2,True,USW00023020,1,True
12915,LCH,1|2|3|4|5|6|7|8|9|10|11|12,True,1,True,USI0000KLCH,1,True
12917,LCK,1|2|3|4|5|6|7|8|9|10|11|12,True,1,True,USW00013812,1,True
12945,LEX,1|2|3|4|5|6|7|8|9|10|11|12,True,1,True,USW00093820,1,True
12951,LFT,1|2|3|4|5|6|7|8|9|10|11|12,True,2,True,USW00013976,1,True
12953,LGA,1|2|3|4|5|6|7|8|9|10|11|12,True,1,True,USW00014732,1,True
12954,LGB,1|2|3|4|5|6|7|8|9|10|11|12,True,1,True,USW00023129,1,True
12982,LIH,1|2|3|4|5|6|7|8|9|10|11|12,True,2,True,USW00022536,1,True
12992,LIT,1|2|3|4|5|6|7|8|9|10|11|12,True,1,True,USW00013963,1,True
13029,LNK,1|2|3|4|5|6|7|8|9|10|11|12,True,2,True,USW00014939,1,True
13061,LRD,1|2|3|4|5|6|7|8|9|10|11|12,True,1,False,,0,False
13076,LSE,1|2|3|4|5|6|7|8|9|10|11|12,True,2,True,USW00014920,1,True
13127,LWS,1|2|3|4|5|6|7|8|9|10|11|12,True,2,True,USW00024149,1,True
13139,LYH,1|2|3|4|5|6|7|8|9|10|11|12,True,1,True,USW00013733,1,True
13158,MAF,1|2|3|4|5|6|7|8|9|10|11|12,True,1,True,USC00415893,1,True
13184,MBS,1|2|3|4|5|6|7|8|9|10|11|12,True,1,True,USW00014845,1,True
13198,MCI,1|2|3|4|5|6|7|8|9|10|11|12,True,2,True,USW00003947,1,True
13204,MCO,1|2|3|4|5|6|7|8|9|10|11|12,True,2,True,USW00012815,1,True
13211,MCW,1|2|3|4|5|6|7|8|9|10|11|12,True,1,True,USW00014940,1,True
13230,MDT,1|2|3|4|5|6|7|8|9|10|11|12,True,1,True,USW00014711,1,True
13232,MDW,1|2|3|4|5|6|7|8|9|10|11|12,True,1,True,USW00014819,1,True
13241,MEI,1|2|3|4|5|6|7|8|9|10|11|12,True,2,True,USW00013865,1,True
13244,MEM,1|2|3|4|5|6|7|8|9|10|11|12,True,2,True,USW00013893,1,True
13256,MFE,1|2|3|4|5|6|7|8|9|10|11|12,True,1,True,USW00012959,1,True
13264,MFR,1|2|3|4|5|6|7|8|9|10|11|12,True,1,True,USW00024225,1,True
13277,MGM,1|2|3|4|5|6|7|8|9|10|11|12,True,2,True,USW00013895,1,True
13282,MGW,1|2|3|4|5|6|7|8|9|10|11|12,True,1,True,USW00013736,1,True
13290,MHK,1|2|3|4|5|6|7|8|9|10|11|12,True,2,True,USW00003936,1,True
13296,MHT,1|2|3|4|5|6|7|8|9|10|11|12,True,1,True,USW00014710,1,True
13303,MIA,1|2|3|4|5|6|7|8|9|10|11|12,True,2,True,USW00012839,1,True
13342,MKE,1|2|3|4|5|6|7|8|9|10|11|12,True,1,True,USW00014839,1,True
13360,MLB,1|2|3|4|5|6|7|8|9|10|11|12,True,2,True,USW00012838,1,True
13367,MLI,1|2|3|4|5|6|7|8|9|10|11|12,True,2,True,USW00014923,1,True
13377,MLU,1|2|3|4|5|6|7|8|9|10|11|12,True,2,True,USW00013942,1,True
13422,MOB,1|2|3|4|5|6|7|8|9|10|11|12,True,1,True,USW00013894,1,True
13433,MOT,1|2|3|4|5|6|7|8|9|10|11|12,True,1,True,USW00024013,1,True
13459,MQT,1|2|3|4|5|6|7|8|9|10|11|12,True,1,False,,0,False
13476,MRY,1|2|3|4|5|6|7|8|9|10|11|12,True,2,True,USW00023259,1,True
13485,MSN,1|2|3|4|5|6|7|8|9|10|11|12,True,1,True,USW00014837,1,True
13486,MSO,1|2|3|4|5|6|7|8|9|10|11|12,True,2,True,USW00024153,1,True
13487,MSP,1|2|3|4|5|6|7|8|9|10|11|12,True,1,True,USW00014947,1,True
13495,MSY,1|2|3|4|5|6|7|8|9|10|11|12,True,2,True,USW00012916,1,True
13502,MTJ,1|2|3|4|5|6|7|8|9|10|11|12,True,2,True,USW00093013,1,True
13541,MVY,5|6|7|8|9|10,False,2,True,USW00094724,1,False
13577,MYR,1|2|3|4|5|6|7|8|9|10|11|12,True,1,True,USW00013717,1,True
13795,OAJ,1|2|3|4|5|6|7|8|9|10|11|12,True,1,True,USW00093753,1,True
13796,OAK,1|2|3|4|5|6|7|8|9|10|11|12,True,2,True,USW00023230,1,True
13830,OGG,1|2|3|4|5|6|7|8|9|10|11|12,True,2,True,USW00022516,1,True
13851,OKC,1|2|3|4|5|6|7|8|9|10|11|12,True,2,True,USW00013967,1,True
13871,OMA,1|2|3|4|5|6|7|8|9|10|11|12,True,2,True,USW00014942,1,True
13873,OME,1|2|3|4|5|6|7|8|9|10|11|12,True,1,True,USW00026617,1,True
13891,ONT,1|2|3|4|5|6|7|8|9|10|11|12,True,1,True,USW00003102,1,True
13930,ORD,1|2|3|4|5|6|7|8|9|10|11|12,True,1,True,USW00014810,1,True
13931,ORF,1|2|3|4|5|6|7|8|9|10|11|12,True,1,True,USW00013737,1,True
13933,ORH,1|2|3|4|5|6|7|8|9|10|11|12,True,1,True,USW00094746,1,True
13964,OTH,1|2|3|4|5|6|7|8|9|10|11|12,True,1,True,USW00024284,1,True
13970,OTZ,1|2|3|4|5|6|7|8|9|10|11|12,True,2,True,USA00701334|USW00026616,2,True
14004,PAE,1|2|3|4|5|6|7|8|9|10|11|12,True,2,True,USW00024222,1,True
14025,PBG,1|2|3|4|5|6|7|8|9|10|11|12,True,1,True,USI0000KPBG,1,True
14027,PBI,1|2|3|4|5|6|7|8|9|10|11|12,True,1,True,USW00012844,1,True
14057,PDX,1|2|3|4|5|6|7|8|9|10|11|12,True,2,True,USW00024229,1,True
14082,PGD,1|2|3|4|5|6|7|8|9|10|11|12,True,1,True,USW00012812,1,True
14092,PGV,1|2|3|4|5|6|7|8|9|10|11|12,True,1,True,USW00013783,1,True
14098,PHF,1|2|3|4|5|6|7|8|9|10|11|12,True,2,True,USW00093741,1,True
14100,PHL,1|2|3|4|5|6|7|8|9|10|11|12,True,2,True,USW00013739,1,True
14107,PHX,1|2|3|4|5|6|7|8|9|10|11|12,True,2,True,USW00023183,1,True
14108,PIA,1|2|3|4|5|6|7|8|9|10|11|12,True,2,True,USW00014842,1,True
14109,PIB,1|2|3|4|5|6|7|8|9|10|11|12,True,1,True,USW00053808,1,True
14112,PIE,1|2|3|4|5|6|7|8|9|10|11|12,True,1,True,USW00012873,1,True
14113,PIH,1|2|3|4|5|6|7|8|9|10|11|12,True,2,True,USW00024108,1,True
14120,PIR,8|9|10|11|12,False,1,True,USW00024025,1,False
14122,PIT,1|2|3|4|5|6|7|8|9|10|11|12,True,1,True,USW00094823,1,True
14150,PLN,1|2|3|4|5|6|7|8|9|10|11|12,True,2,True,USW00014841,1,True
14193,PNS,1|2|3|4|5|6|7|8|9|10|11|12,True,2,True,USW00013899,1,True
14222,PPG,1|2|3|4|5|6|7|8|9|10|11|12,True,2,False,,0,False
14231,PQI,1|2|3|4|5|6|7|8|9|10|11|12,True,2,True,USW00014604,1,True
14237,PRC,1|2|3|4|5|6|7|8|9|10|11|12,True,1,True,USW00023184,1,True
14252,PSC,1|2|3|4|5|6|7|8|9|10|11|12,True,1,True,USW00024163,1,True
14254,PSE,1|2|3|4|5|6|7|8|9|10|11|12,True,1,False,,0,False
14256,PSG,1|2|3|4|5|6|7|8|9|10|11|12,True,1,True,USW00025329,1,True
14259,PSM,1|2|3|4|5|6|7|8|9|10|11|12,True,1,True,USW00004743,1,True
14262,PSP,1|2|3|4|5|6|7|8|9|10|11|12,True,1,True,USW00093138,1,True
14303,PUW,1|2|3|4|5|6|7|8|9|10|11|12,True,1,True,USW00094129,1,True
14307,PVD,1|2|3|4|5|6|7|8|9|10|11|12,True,1,True,USW00014765,1,True
14314,PVU,1|2|3|4|5|6|7|8|9|10|11|12,True,2,True,USW00024174,1,True
14321,PWM,1|2|3|4|5|6|7|8|9|10|11|12,True,1,True,USW00014764,1,True
14457,RAP,1|2|3|4|5|6|7|8|9|10|11|12,True,2,True,USW00024090,1,True
14487,RDD,1|2|3|4|5|6|7|8|9|10|11|12,True,2,True,USW00024257,1,True
14489,RDM,1|2|3|4|5|6|7|8|9|10|11|12,True,1,True,USW00024230,1,True
14492,RDU,1|2|3|4|5|6|7|8|9|10|11|12,True,2,True,USW00013722,1,True
14512,RFD,1|2|3|4|5|6|7|8|9|10|11|12,True,1,True,USW00094822,1,True
14520,RHI,1|2|3|4|5|6|7|8|9|10|11|12,True,1,True,USW00004803,1,True
14524,RIC,1|2|3|4|5|6|7|8|9|10|11|12,True,2,True,USW00013740,1,True
14534,RIW,1|2|3|4|5|6|7|8|9|10|11|12,True,2,True,USW00024061,1,True
14543,RKS,1|2|3|4|5|6|7|8|9|10|11|12,True,1,True,USC00487846,1,True
14570,RNO,1|2|3|4|5|6|7|8|9|10|11|12,True,1,True,USW00023185,1,True
14574,ROA,1|2|3|4|5|6|7|8|9|10|11|12,True,2,True,USW00013741,1,True
14576,ROC,1|2|3|4|5|6|7|8|9|10|11|12,True,1,True,USW00014768,1,True
14588,ROW,1|2|3|4|5|6|7|8|9|10|11|12,True,1,True,USC00297614,1,True
14633,RST,1|2|3|4|5|6|7|8|9|10|11|12,True,2,True,USW00014925,1,True
14635,RSW,1|2|3|4|5|6|7|8|9|10|11|12,True,1,True,USW00012894,1,True
14674,SAF,1|2|3|4|5|6|7|8|9|10|11|12,True,2,True,USW00023049,1,True
14679,SAN,1|2|3|4|5|6|7|8|9|10|11|12,True,1,True,USW00023188,1,True
14683,SAT,1|2|3|4|5|6|7|8|9|10|11|12,True,2,True,USW00012921,1,True
14685,SAV,1|2|3|4|5|6|7|8|9|10|11|12,True,2,True,USW00003822,1,True
14689,SBA,1|2|3|4|5|6|7|8|9|10|11|12,True,2,True,USW00053153,1,True
14696,SBN,1|2|3|4|5|6|7|8|9|10|11|12,True,1,True,USW00014848,1,True
14698,SBP,1|2|3|4|5|6|7|8|9|10|11|12,True,2,True,USW00093206,1,True
14704,SBY,1|2|3|4|5|6|7|8|9|10|11|12,True,2,True,USW00093720,1,True
14709,SCC,1|2|3|4|5|6|7|8|9|10|11|12,True,1,True,USW00027406,1,True
14711,SCE,1|2|3|4|5|6|7|8|9|10|11|12,True,2,True,USW00054739,1,True
14716,SCK,1|2|3|4|5|6|7|8|9|10|11|12,True,2,True,USW00023237,1,True
14730,SDF,1|2|3|4|5|6|7|8|9|10|11|12,True,1,True,USW00093821,1,True
14747,SEA,1|2|3|4|5|6|7|8|9|10|11|12,True,1,True,USW00024233,1,True
14761,SFB,1|2|3|4|5|6|7|8|9|10|11|12,True,2,True,USW00012854,1,True
14771,SFO,1|2|3|4|5|6|7|8|9|10|11|12,True,1,True,USW00023234,1,True
14783,SGF,1|2|3|4|5|6|7|8|9|10|11|12,True,1,True,USW00013995,1,True
14794,SGU,1|2|3|4|5|6|7|8|9|10|11|12,True,1,True,USW00093198,1,True
14812,SHR,1|2|3|4|5|6|7|8|9|10|11|12,True,2,True,USW00024029,1,True
14814,SHV,1|2|3|4|5|6|7|8|9|10|11|12,True,2,True,USW00013957,1,True
14828,SIT,1|2|3|4|5|6|7|8|9|10|11|12,True,1,True,USW00025333,1,True
14831,SJC,1|2|3|4|5|6|7|8|9|10|11|12,True,1,True,USW00023293,1,True
14842,SJT,1|2|3|4|5|6|7|8|9|10|11|12,True,1,True,USC00417944,1,True
14843,SJU,1|2|3|4|5|6|7|8|9|10|11|12,True,1,False,,0,False
14869,SLC,1|2|3|4|5|6|7|8|9|10|11|12,True,1,True,USW00024127,1,True
14877,SLN,1|2|3|4|5|6|7|8|9|10|11|12,True,2,True,USW00013922,1,True
14893,SMF,1|2|3|4|5|6|7|8|9|10|11|12,True,1,True,USW00093225,1,True
14905,SMX,1|2|3|4|5|6|7|8|9|10|11|12,True,2,True,USW00023273,1,True
14908,SNA,1|2|3|4|5|6|7|8|9|10|11|12,True,2,True,USW00093184,1,True
14952,SPI,1|2|3|4|5|6|7|8|9|10|11|12,True,2,True,USW00093822,1,True
14955,SPN,1|2|3|4|5|6|7|8|9|10|11|12,True,1,False,,0,False
14960,SPS,1|2|3|4|5|6|7|8|9|10|11|12,True,1,True,USW00013966,1,True
14986,SRQ,1|2|3|4|5|6|7|8|9|10|11|12,True,1,True,USW00012871,1,True
15008,STC,1|2|3|4|5|6|7|8|10|11|12,False,2,True,USW00014926,1,False
15016,STL,1|2|3|4|5|6|7|8|9|10|11|12,True,1,True,USW00013994,1,True
15023,STS,1|2|3|4|5|6|7|8|9|10|11|12,True,2,True,USW00023213,1,True
15024,STT,1|2|3|4|5|6|7|8|9|10|11|12,True,1,False,,0,False
15027,STX,1|2|3|4|5|6|7|8|9|10|11|12,True,2,False,,0,False
15041,SUN,1|2|3|4|5|6|7|8|9|10|11|12,True,1,True,USW00094161,1,True
15048,SUX,1|2|3|4|5|6|7|8|9|10|11|12,True,1,True,USW00014943,1,True
15070,SWF,1|2|3|4|5|6|7|8|9|10|11|12,True,1,True,USW00014714,1,True
15074,SWO,1|2|3|4|5|6|7|8|9|10|11|12,True,2,True,USW00003965,1,True
15096,SYR,1|2|3|4|5|6|7|8|9|10|11|12,True,1,True,USW00014771,1,True
15249,TLH,1|2|3|4|5|6|7|8|9|10|11|12,True,1,True,USW00093805,1,True
15295,TOL,1|2|3|4|5|6|7|8|9|10|11|12,True,2,True,USW00094830,1,True
15304,TPA,1|2|3|4|5|6|7|8|9|10|11|12,True,1,True,USW00012842,1,True
15323,TRI,1|2|3|4|5|6|7|8|9|10|11|12,True,1,True,USW00013877,1,True
15356,TTN,1|2|3|4|5|6|7|8|9|10|11|12,True,1,True,USW00014792,1,True
15370,TUL,1|2|3|4|5|6|7|8|9|10|11|12,True,2,True,USW00013968,1,True
15376,TUS,1|2|3|4|5|6|7|8|9|10|11|12,True,2,True,USW00023160,1,True
15380,TVC,1|2|3|4|5|6|7|8|9|10|11|12,True,1,True,USW00014850,1,True
15389,TWF,1|2|3|4|5|6|7|8|9|10|11|12,True,2,True,USW00094178,1,True
15401,TXK,1|2|3|4|5|6|7|8|9|10|11|12,True,2,True,USW00013977,1,True
15411,TYR,1|2|3|4|5|6|7|8|9|10|11|12,True,2,True,USW00013972,1,True
15412,TYS,1|2|3|4|5|6|7|8|9|10|11|12,True,1,True,USW00013891,1,True
15569,VCT,1|2|3|4|5|6|7|8|9|10|11|12,True,1,True,USW00012912,1,True
15607,VLD,1|2|3|4|5|6|7|8|9|10|11|12,True,2,True,USW00093845,1,True
15624,VPS,1|2|3|4|5|6|7|8|9|10|11|12,True,2,True,USW00013858,1,True
15628,VRB,12,False,1,True,USW00012843,1,False
15841,WRG,1|2|3|4|5|6|7|8|9|10|11|12,True,1,True,USW00025338,1,True
15897,WYS,5|6|7|8|9|10,False,1,True,USW00094163,1,False
15919,XNA,1|2|3|4|5|6|7|8|9|10|11|12,True,1,True,USW00053922,1,True
15991,YAK,1|2|3|4|5|6|7|8|9|10|11|12,True,2,True,USW00025339,1,True
16101,YKM,1|2|3|4|5|6|7|8|9|10|11|12,True,1,True,USW00024243,1,True
16218,YUM,1|2|3|4|5|6|7|8|9|10|11|12,True,1,True,USW00003145,1,True
16422,GUF,5|6|7|8|9|10|11|12,False,2,True,USW00063885,1,False
16869,XWA,1|2|3|4|5|6|7|8|9|10|11|12,True,1,True,USW00094099,1,True
