state,eia_county_normalized,status,census_geoid
AK,ANCHORAGE,MATCH,02020
AK,DENALI,MATCH,02068
AK,FAIRBANKS NORTH STAR,MATCH,02090
AK,HAINES,MATCH,02100
AK,JUNEAU,MATCH,02110
AK,KENAI PENINSULA,MATCH,02122
AK,KETCHIKAN GATEWAY,MATCH,02130
AK,MATANUSKA SUSITNA,MATCH,02170
AK,PRINCE OF WALES KETCHIKAN,UNMATCHED,
AK,SKAGWAY HOONAH ANGOON,UNMATCHED,
AK,SOUTHEAST FAIRBANKS,MATCH,02240
AK,YUKON KOYUKUK,MATCH,02290
AL,AUTAUGA,MATCH,01001
AL,BALDWIN,MATCH,01003
AL,BARBOUR,MATCH,01005
AL,BIBB,MATCH,01007
AL,BLOUNT,MATCH,01009
AL,BULLOCK,MATCH,01011
AL,BUTLER,MATCH,01013
AL,CALHOUN,MATCH,01015
AL,CHAMBERS,MATCH,01017
AL,CHEROKEE,MATCH,01019
AL,CHILTON,MATCH,01021
AL,CHOCTAW,MATCH,01023
AL,CLARKE,MATCH,01025
AL,CLAY,MATCH,01027
AL,CLEBURNE,MATCH,01029
AL,COFFEE,MATCH,01031
AL,CONECUH,MATCH,01035
AL,COOSA,MATCH,01037
AL,COVINGTON,MATCH,01039
AL,CRENSHAW,MATCH,01041
AL,CULLMAN,MATCH,01043
AL,DALE,MATCH,01045
AL,DALLAS,MATCH,01047
AL,ELMORE,MATCH,01051
AL,ESCAMBIA,MATCH,01053
AL,ETOWAH,MATCH,01055
AL,FAYETTE,MATCH,01057
AL,FRANKLIN,MATCH,01059
AL,GENEVA,MATCH,01061
AL,GREENE,MATCH,01063
AL,HALE,MATCH,01065
AL,HENRY,MATCH,01067
AL,HOUSTON,MATCH,01069
AL,JACKSON,MATCH,01071
AL,JEFFERSON,MATCH,01073
AL,LAMAR,MATCH,01075
AL,LAWRENCE,MATCH,01079
AL,LEE,MATCH,01081
AL,LOWNDES,MATCH,01085
AL,MACON,MATCH,01087
AL,MADISON,MATCH,01089
AL,MARENGO,MATCH,01091
AL,MARION,MATCH,01093
AL,MARSHALL,MATCH,01095
AL,MOBILE,MATCH,01097
AL,MONROE,MATCH,01099
AL,MONTGOMERY,MATCH,01101
AL,MORGAN,MATCH,01103
AL,PERRY,MATCH,01105
AL,PICKENS,MATCH,01107
AL,PIKE,MATCH,01109
AL,RANDOLPH,MATCH,01111
AL,RUSSELL,MATCH,01113
AL,SHELBY,MATCH,01117
AL,ST CLAIR,UNMATCHED,
AL,SUMTER,MATCH,01119
AL,TALLADEGA,MATCH,01121
AL,TALLAPOOSA,MATCH,01123
AL,TUSCALOOSA,MATCH,01125
AL,WALKER,MATCH,01127
AL,WASHINGTON,MATCH,01129
AL,WILCOX,MATCH,01131
AL,WINSTON,MATCH,01133
AR,ARKANSAS,MATCH,05001
AR,ASHLEY,MATCH,05003
AR,BAXTER,MATCH,05005
AR,BENTON,MATCH,05007
AR,BOONE,MATCH,05009
AR,BRADLEY,MATCH,05011
AR,CALHOUN,MATCH,05013
AR,CARROLL,MATCH,05015
AR,CHICOT,MATCH,05017
AR,CLARK,MATCH,05019
AR,CLAY,MATCH,05021
AR,CLEBURNE,MATCH,05023
AR,CLEVELAND,MATCH,05025
AR,COLUMBIA,MATCH,05027
AR,CONWAY,MATCH,05029
AR,CRAIGHEAD,MATCH,05031
AR,CRAWFORD,MATCH,05033
AR,CRITTENDEN,MATCH,05035
AR,CROSS,MATCH,05037
AR,DALLAS,MATCH,05039
AR,DESHA,MATCH,05041
AR,DREW,MATCH,05043
AR,FAULKNER,MATCH,05045
AR,FRANKLIN,MATCH,05047
AR,FULTON,MATCH,05049
AR,GARLAND,MATCH,05051
AR,GRANT,MATCH,05053
AR,GREENE,MATCH,05055
AR,HEMPSTEAD,MATCH,05057
AR,HOT SPRING,MATCH,05059
AR,HOWARD,MATCH,05061
AR,INDEPENDENCE,MATCH,05063
AR,IZARD,MATCH,05065
AR,JACKSON,MATCH,05067
AR,JEFFERSON,MATCH,05069
AR,JOHNSON,MATCH,05071
AR,LAFAYETTE,MATCH,05073
AR,LAWRENCE,MATCH,05075
AR,LEE,MATCH,05077
AR,LINCOLN,MATCH,05079
AR,LITTLE RIVER,MATCH,05081
AR,LOGAN,MATCH,05083
AR,LONOKE,MATCH,05085
AR,MADISON,MATCH,05087
AR,MARION,MATCH,05089
AR,MILLER,MATCH,05091
AR,MISSISSIPPI,MATCH,05093
AR,MONROE,MATCH,05095
AR,MONTGOMERY,MATCH,05097
AR,NEVADA,MATCH,05099
AR,NEWTON,MATCH,05101
AR,OUACHITA,MATCH,05103
AR,PERRY,MATCH,05105
AR,PHILLIPS,MATCH,05107
AR,PIKE,MATCH,05109
AR,POINSETT,MATCH,05111
AR,POLK,MATCH,05113
AR,POPE,MATCH,05115
AR,PRAIRIE,MATCH,05117
AR,PULASKI,MATCH,05119
AR,RANDOLPH,MATCH,05121
AR,SALINE,MATCH,05125
AR,SCOTT,MATCH,05127
AR,SEARCY,MATCH,05129
AR,SEBASTIAN,MATCH,05131
AR,SEVIER,MATCH,05133
AR,SHARP,MATCH,05135
AR,ST FRANCIS,UNMATCHED,
AR,STONE,MATCH,05137
AR,UNION,MATCH,05139
AR,VAN BUREN,MATCH,05141
AR,WASHINGTON,MATCH,05143
AR,WHITE,MATCH,05145
AR,WOODRUFF,MATCH,05147
AR,YELL,MATCH,05149
AZ,APACHE,MATCH,04001
AZ,COCHISE,MATCH,04003
AZ,COCONINO,MATCH,04005
AZ,GILA,MATCH,04007
AZ,GRAHAM,MATCH,04009
AZ,GREENLEE,MATCH,04011
AZ,LA PAZ,MATCH,04012
AZ,MARICOPA,MATCH,04013
AZ,MOHAVE,MATCH,04015
AZ,NAVAJO,MATCH,04017
AZ,PIMA,MATCH,04019
AZ,PINAL,MATCH,04021
AZ,SANTA CRUZ,MATCH,04023
AZ,YAVAPAI,MATCH,04025
AZ,YUMA,MATCH,04027
CA,ALAMEDA,MATCH,06001
CA,ALPINE,MATCH,06003
CA,AMADOR,MATCH,06005
CA,BUTTE,MATCH,06007
CA,CALAVERAS,MATCH,06009
CA,COLUSA,MATCH,06011
CA,CONTRA COSTA,MATCH,06013
CA,DEL NORTE,MATCH,06015
CA,EL DORADO,MATCH,06017
CA,FRESNO,MATCH,06019
CA,GLENN,MATCH,06021
CA,HUMBOLDT,MATCH,06023
CA,IMPERIAL,MATCH,06025
CA,INYO,MATCH,06027
CA,KERN,MATCH,06029
CA,KINGS,MATCH,06031
CA,LAKE,MATCH,06033
CA,LASSEN,MATCH,06035
CA,LOS ANGELES,MATCH,06037
CA,MADERA,MATCH,06039
CA,MARIN,MATCH,06041
CA,MARIPOSA,MATCH,06043
CA,MENDOCINO,MATCH,06045
CA,MERCED,MATCH,06047
CA,MODOC,MATCH,06049
CA,MONO,MATCH,06051
CA,MONTEREY,MATCH,06053
CA,NAPA,MATCH,06055
CA,NEVADA,MATCH,06057
CA,ORANGE,MATCH,06059
CA,PLACER,MATCH,06061
CA,PLUMAS,MATCH,06063
CA,RIVERSIDE,MATCH,06065
CA,SACRAMENTO,MATCH,06067
CA,SAN BENITO,MATCH,06069
CA,SAN BERNARDINO,MATCH,06071
CA,SAN DIEGO,MATCH,06073
CA,SAN FRANCISCO,MATCH,06075
CA,SAN JOAQUIN,MATCH,06077
CA,SAN LUIS OBISPO,MATCH,06079
CA,SAN MATEO,MATCH,06081
CA,SANTA BARBARA,MATCH,06083
CA,SANTA CLARA,MATCH,06085
CA,SANTA CRUZ,MATCH,06087
CA,SHASTA,MATCH,06089
CA,SIERRA,MATCH,06091
CA,SISKIYOU,MATCH,06093
CA,SOLANO,MATCH,06095
CA,SONOMA,MATCH,06097
CA,STANISLAUS,MATCH,06099
CA,SUTTER,MATCH,06101
CA,TEHAMA,MATCH,06103
CA,TRINITY,MATCH,06105
CA,TULARE,MATCH,06107
CA,TUOLUMNE,MATCH,06109
CA,VENTURA,MATCH,06111
CA,YOLO,MATCH,06113
CA,YUBA,MATCH,06115
CO,ADAMS,MATCH,08001
CO,ALAMOSA,MATCH,08003
CO,ARAPAHOE,MATCH,08005
CO,ARCHULETA,MATCH,08007
CO,BACA,MATCH,08009
CO,BENT,MATCH,08011
CO,BOULDER,MATCH,08013
CO,BROOMFIELD,MATCH,08014
CO,CHAFFEE,MATCH,08015
CO,CHEYENNE,MATCH,08017
CO,CLEAR CREEK,MATCH,08019
CO,CONEJOS,MATCH,08021
CO,COSTILLA,MATCH,08023
CO,CROWLEY,MATCH,08025
CO,CUSTER,MATCH,08027
CO,DELTA,MATCH,08029
CO,DENVER,MATCH,08031
CO,DOLORES,MATCH,08033
CO,DOUGLAS,MATCH,08035
CO,EAGLE,MATCH,08037
CO,EL PASO,MATCH,08041
CO,ELBERT,MATCH,08039
CO,FREMONT,MATCH,08043
CO,GARFIELD,MATCH,08045
CO,GILPIN,MATCH,08047
CO,GRAND,MATCH,08049
CO,GUNNISON,MATCH,08051
CO,HINSDALE,MATCH,08053
CO,HUERFANO,MATCH,08055
CO,JACKSON,MATCH,08057
CO,JEFFERSON,MATCH,08059
CO,KIOWA,MATCH,08061
CO,LA PLATA,MATCH,08067
CO,LAKE,MATCH,08065
CO,LARIMER,MATCH,08069
CO,LAS ANIMAS,MATCH,08071
CO,LINCOLN,MATCH,08073
CO,LOGAN,MATCH,08075
CO,MESA,MATCH,08077
CO,MINERAL,MATCH,08079
CO,MOFFAT,MATCH,08081
CO,MONTEZUMA,MATCH,08083
CO,MONTROSE,MATCH,08085
CO,MORGAN,MATCH,08087
CO,OTERO,MATCH,08089
CO,OURAY,MATCH,08091
CO,PARK,MATCH,08093
CO,PITKIN,MATCH,08097
CO,PROWERS,MATCH,08099
CO,PUEBLO,MATCH,08101
CO,RIO BLANCO,MATCH,08103
CO,RIO GRANDE,MATCH,08105
CO,ROUTT,MATCH,08107
CO,SAGUACHE,MATCH,08109
CO,SAN JUAN,MATCH,08111
CO,SAN MIGUEL,MATCH,08113
CO,SUMMIT,MATCH,08117
CO,TELLER,MATCH,08119
CO,WASHINGTON,MATCH,08121
CO,WELD,MATCH,08123
CO,YUMA,MATCH,08125
CT,FAIRFIELD,UNMATCHED,
CT,HARTFORD,UNMATCHED,
CT,LITCHFIELD,UNMATCHED,
CT,MIDDLESEX,UNMATCHED,
CT,NEW HAVEN,UNMATCHED,
CT,NEW LONDON,UNMATCHED,
CT,TOLLAND,UNMATCHED,
CT,WINDHAM,UNMATCHED,
DC,DISTRICT OF COLUMBIA,MATCH,11001
DE,KENT,MATCH,10001
DE,NEW CASTLE,MATCH,10003
DE,SUSSEX,MATCH,10005
FL,ALACHUA,MATCH,12001
FL,BAKER,MATCH,12003
FL,BAY,MATCH,12005
FL,BRADFORD,MATCH,12007
FL,BREVARD,MATCH,12009
FL,BROWARD,MATCH,12011
FL,CALHOUN,MATCH,12013
FL,CHARLOTTE,MATCH,12015
FL,CITRUS,MATCH,12017
FL,CLAY,MATCH,12019
FL,COLLIER,MATCH,12021
FL,COLUMBIA,MATCH,12023
FL,DESOTO,MATCH,12027
FL,DIXIE,MATCH,12029
FL,DUVAL,MATCH,12031
FL,ESCAMBIA,MATCH,12033
FL,FLAGLER,MATCH,12035
FL,FRANKLIN,MATCH,12037
FL,GADSDEN,MATCH,12039
FL,GILCHRIST,MATCH,12041
FL,GLADES,MATCH,12043
FL,GULF,MATCH,12045
FL,HAMILTON,MATCH,12047
FL,HARDEE,MATCH,12049
FL,HENDRY,MATCH,12051
FL,HERNANDO,MATCH,12053
FL,HIGHLANDS,MATCH,12055
FL,HILLSBOROUGH,MATCH,12057
FL,HOLMES,MATCH,12059
FL,INDIAN RIVER,MATCH,12061
FL,JACKSON,MATCH,12063
FL,JEFFERSON,MATCH,12065
FL,LAFAYETTE,MATCH,12067
FL,LAKE,MATCH,12069
FL,LEE,MATCH,12071
FL,LEON,MATCH,12073
FL,LEVY,MATCH,12075
FL,LIBERTY,MATCH,12077
FL,MADISON,MATCH,12079
FL,MANATEE,MATCH,12081
FL,MARION,MATCH,12083
FL,MARTIN,MATCH,12085
FL,MIAMI DADE,MATCH,12086
FL,MONROE,MATCH,12087
FL,NASSAU,MATCH,12089
FL,OKALOOSA,MATCH,12091
FL,OKEECHOBEE,MATCH,12093
FL,ORANGE,MATCH,12095
FL,OSCEOLA,MATCH,12097
FL,PALM BEACH,MATCH,12099
FL,PASCO,MATCH,12101
FL,PINELLAS,MATCH,12103
FL,POLK,MATCH,12105
FL,PUTNAM,MATCH,12107
FL,SANTA ROSA,MATCH,12113
FL,SARASOTA,MATCH,12115
FL,SEMINOLE,MATCH,12117
FL,ST JOHNS,UNMATCHED,
FL,ST LUCIE,UNMATCHED,
FL,SUMTER,MATCH,12119
FL,SUWANNEE,MATCH,12121
FL,TAYLOR,MATCH,12123
FL,UNION,MATCH,12125
FL,VOLUSIA,MATCH,12127
FL,WAKULLA,MATCH,12129
FL,WALTON,MATCH,12131
FL,WASHINGTON,MATCH,12133
GA,APPLING,MATCH,13001
GA,ATKINSON,MATCH,13003
GA,BACON,MATCH,13005
GA,BAKER,MATCH,13007
GA,BALDWIN,MATCH,13009
GA,BANKS,MATCH,13011
GA,BARROW,MATCH,13013
GA,BARTOW,MATCH,13015
GA,BEN HILL,MATCH,13017
GA,BERRIEN,MATCH,13019
GA,BIBB,MATCH,13021
GA,BLECKLEY,MATCH,13023
GA,BRANTLEY,MATCH,13025
GA,BROOKS,MATCH,13027
GA,BRYAN,MATCH,13029
GA,BULLOCH,MATCH,13031
GA,BURKE,MATCH,13033
GA,BUTTS,MATCH,13035
GA,CALHOUN,MATCH,13037
GA,CAMDEN,MATCH,13039
GA,CANDLER,MATCH,13043
GA,CARROLL,MATCH,13045
GA,CATOOSA,MATCH,13047
GA,CHARLTON,MATCH,13049
GA,CHATTAHOOCHEE,MATCH,13053
GA,CHATTOOGA,MATCH,13055
GA,CHEROKEE,MATCH,13057
GA,CLARKE,MATCH,13059
GA,CLAY,MATCH,13061
GA,CLAYTON,MATCH,13063
GA,CLINCH,MATCH,13065
GA,COBB,MATCH,13067
GA,COFFEE,MATCH,13069
GA,COLQUITT,MATCH,13071
GA,COLUMBIA,MATCH,13073
GA,COOK,MATCH,13075
GA,COWETA,MATCH,13077
GA,CRAWFORD,MATCH,13079
GA,CRISP,MATCH,13081
GA,DADE,MATCH,13083
GA,DAWSON,MATCH,13085
GA,DECATUR,MATCH,13087
GA,DEKALB,MATCH,13089
GA,DODGE,MATCH,13091
GA,DOOLY,MATCH,13093
GA,DOUGHERTY,MATCH,13095
GA,DOUGLAS,MATCH,13097
GA,EARLY,MATCH,13099
GA,ECHOLS,MATCH,13101
GA,EFFINGHAM,MATCH,13103
GA,ELBERT,MATCH,13105
GA,EMANUEL,MATCH,13107
GA,EVANS,MATCH,13109
GA,FANNIN,MATCH,13111
GA,FAYETTE,MATCH,13113
GA,FLOYD,MATCH,13115
GA,FORSYTH,MATCH,13117
GA,FRANKLIN,MATCH,13119
GA,FULTON,MATCH,13121
GA,GILMER,MATCH,13123
GA,GLASCOCK,MATCH,13125
GA,GLYNN,MATCH,13127
GA,GORDON,MATCH,13129
GA,GRADY,MATCH,13131
GA,GREENE,MATCH,13133
GA,GWINNETT,MATCH,13135
GA,HABERSHAM,MATCH,13137
GA,HALL,MATCH,13139
GA,HANCOCK,MATCH,13141
GA,HARALSON,MATCH,13143
GA,HARRIS,MATCH,13145
GA,HART,MATCH,13147
GA,HEARD,MATCH,13149
GA,HENRY,MATCH,13151
GA,HOUSTON,MATCH,13153
GA,IRWIN,MATCH,13155
GA,JACKSON,MATCH,13157
GA,JASPER,MATCH,13159
GA,JEFF DAVIS,MATCH,13161
GA,JEFFERSON,MATCH,13163
GA,JENKINS,MATCH,13165
GA,JOHNSON,MATCH,13167
GA,JONES,MATCH,13169
GA,LAMAR,MATCH,13171
GA,LANIER,MATCH,13173
GA,LAURENS,MATCH,13175
GA,LEE,MATCH,13177
GA,LIBERTY,MATCH,13179
GA,LINCOLN,MATCH,13181
GA,LONG,MATCH,13183
GA,LOWNDES,MATCH,13185
GA,LUMPKIN,MATCH,13187
GA,MACON,MATCH,13193
GA,MADISON,MATCH,13195
GA,MARION,MATCH,13197
GA,MCDUFFIE,MATCH,13189
GA,MCINTOSH,MATCH,13191
GA,MERIWETHER,MATCH,13199
GA,MILLER,MATCH,13201
GA,MITCHELL,MATCH,13205
GA,MONROE,MATCH,13207
GA,MONTGOMERY,MATCH,13209
GA,MORGAN,MATCH,13211
GA,MURRAY,MATCH,13213
GA,MUSCOGEE,MATCH,13215
GA,NEWTON,MATCH,13217
GA,OCONEE,MATCH,13219
GA,OGLETHORPE,MATCH,13221
GA,PAULDING,MATCH,13223
GA,PEACH,MATCH,13225
GA,PICKENS,MATCH,13227
GA,PIERCE,MATCH,13229
GA,PIKE,MATCH,13231
GA,POLK,MATCH,13233
GA,PULASKI,MATCH,13235
GA,PUTNAM,MATCH,13237
GA,QUITMAN,MATCH,13239
GA,RABUN,MATCH,13241
GA,RANDOLPH,MATCH,13243
GA,RICHMOND,MATCH,13245
GA,ROCKDALE,MATCH,13247
GA,SCHLEY,MATCH,13249
GA,SCREVEN,MATCH,13251
GA,SEMINOLE,MATCH,13253
GA,SPALDING,MATCH,13255
GA,STEPHENS,MATCH,13257
GA,STEWART,MATCH,13259
GA,SUMTER,MATCH,13261
GA,TALBOT,MATCH,13263
GA,TALIAFERRO,MATCH,13265
GA,TATTNALL,MATCH,13267
GA,TAYLOR,MATCH,13269
GA,TELFAIR,MATCH,13271
GA,TERRELL,MATCH,13273
GA,THOMAS,MATCH,13275
GA,TIFT,MATCH,13277
GA,TOOMBS,MATCH,13279
GA,TOWNS,MATCH,13281
GA,TREUTLEN,MATCH,13283
GA,TROUP,MATCH,13285
GA,TURNER,MATCH,13287
GA,TWIGGS,MATCH,13289
GA,UNION,MATCH,13291
GA,UPSON,MATCH,13293
GA,WALKER,MATCH,13295
GA,WALTON,MATCH,13297
GA,WARE,MATCH,13299
GA,WARREN,MATCH,13301
GA,WASHINGTON,MATCH,13303
GA,WAYNE,MATCH,13305
GA,WEBSTER,MATCH,13307
GA,WHEELER,MATCH,13309
GA,WHITE,MATCH,13311
GA,WHITFIELD,MATCH,13313
GA,WILCOX,MATCH,13315
GA,WILKES,MATCH,13317
GA,WILKINSON,MATCH,13319
GA,WORTH,MATCH,13321
HI,HAWAII,MATCH,15001
HI,HONOLULU,MATCH,15003
HI,KALAWAO,MATCH,15005
HI,KAUAI,MATCH,15007
HI,MAUI,MATCH,15009
IA,ADAIR,MATCH,19001
IA,ADAMS,MATCH,19003
IA,ALLAMAKEE,MATCH,19005
IA,APPANOOSE,MATCH,19007
IA,AUDUBON,MATCH,19009
IA,BENTON,MATCH,19011
IA,BLACK HAWK,MATCH,19013
IA,BOONE,MATCH,19015
IA,BREMER,MATCH,19017
IA,BUCHANAN,MATCH,19019
IA,BUENA VISTA,MATCH,19021
IA,BUTLER,MATCH,19023
IA,CALHOUN,MATCH,19025
IA,CARROLL,MATCH,19027
IA,CASS,MATCH,19029
IA,CEDAR,MATCH,19031
IA,CERRO GORDO,MATCH,19033
IA,CHEROKEE,MATCH,19035
IA,CHICKASAW,MATCH,19037
IA,CLARKE,MATCH,19039
IA,CLAY,MATCH,19041
IA,CLAYTON,MATCH,19043
IA,CLINTON,MATCH,19045
IA,CRAWFORD,MATCH,19047
IA,DALLAS,MATCH,19049
IA,DAVIS,MATCH,19051
IA,DECATUR,MATCH,19053
IA,DELAWARE,MATCH,19055
IA,DES MOINES,MATCH,19057
IA,DICKINSON,MATCH,19059
IA,DUBUQUE,MATCH,19061
IA,EMMET,MATCH,19063
IA,FAYETTE,MATCH,19065
IA,FLOYD,MATCH,19067
IA,FRANKLIN,MATCH,19069
IA,FREMONT,MATCH,19071
IA,GREENE,MATCH,19073
IA,GRUNDY,MATCH,19075
IA,GUTHRIE,MATCH,19077
IA,HAMILTON,MATCH,19079
IA,HANCOCK,MATCH,19081
IA,HARDIN,MATCH,19083
IA,HARRISON,MATCH,19085
IA,HENRY,MATCH,19087
IA,HOWARD,MATCH,19089
IA,HUMBOLDT,MATCH,19091
IA,IDA,MATCH,19093
IA,IOWA,MATCH,19095
IA,JACKSON,MATCH,19097
IA,JASPER,MATCH,19099
IA,JEFFERSON,MATCH,19101
IA,JOHNSON,MATCH,19103
IA,JONES,MATCH,19105
IA,KEOKUK,MATCH,19107
IA,KOSSUTH,MATCH,19109
IA,LEE,MATCH,19111
IA,LINN,MATCH,19113
IA,LOUISA,MATCH,19115
IA,LUCAS,MATCH,19117
IA,LYON,MATCH,19119
IA,MADISON,MATCH,19121
IA,MAHASKA,MATCH,19123
IA,MARION,MATCH,19125
IA,MARSHALL,MATCH,19127
IA,MILLS,MATCH,19129
IA,MITCHELL,MATCH,19131
IA,MONONA,MATCH,19133
IA,MONROE,MATCH,19135
IA,MONTGOMERY,MATCH,19137
IA,MUSCATINE,MATCH,19139
IA,O BRIEN,MATCH,19141
IA,OSCEOLA,MATCH,19143
IA,PAGE,MATCH,19145
IA,PALO ALTO,MATCH,19147
IA,PLYMOUTH,MATCH,19149
IA,POCAHONTAS,MATCH,19151
IA,POLK,MATCH,19153
IA,POTTAWATTAMIE,MATCH,19155
IA,POWESHIEK,MATCH,19157
IA,RINGGOLD,MATCH,19159
IA,SAC,MATCH,19161
IA,SCOTT,MATCH,19163
IA,SHELBY,MATCH,19165
IA,SIOUX,MATCH,19167
IA,STORY,MATCH,19169
IA,TAMA,MATCH,19171
IA,TAYLOR,MATCH,19173
IA,UNION,MATCH,19175
IA,VAN BUREN,MATCH,19177
IA,WAPELLO,MATCH,19179
IA,WARREN,MATCH,19181
IA,WASHINGTON,MATCH,19183
IA,WAYNE,MATCH,19185
IA,WEBSTER,MATCH,19187
IA,WINNEBAGO,MATCH,19189
IA,WINNESHIEK,MATCH,19191
IA,WOODBURY,MATCH,19193
IA,WORTH,MATCH,19195
IA,WRIGHT,MATCH,19197
ID,ADA,MATCH,16001
ID,ADAMS,MATCH,16003
ID,BANNOCK,MATCH,16005
ID,BEAR LAKE,MATCH,16007
ID,BENEWAH,MATCH,16009
ID,BINGHAM,MATCH,16011
ID,BLAINE,MATCH,16013
ID,BOISE,MATCH,16015
ID,BONNER,MATCH,16017
ID,BONNEVILLE,MATCH,16019
ID,BOUNDARY,MATCH,16021
ID,BUTTE,MATCH,16023
ID,CAMAS,MATCH,16025
ID,CANYON,MATCH,16027
ID,CARIBOU,MATCH,16029
ID,CASSIA,MATCH,16031
ID,CLARK,MATCH,16033
ID,CLEARWATER,MATCH,16035
ID,CUSTER,MATCH,16037
ID,ELMORE,MATCH,16039
ID,FRANKLIN,MATCH,16041
ID,FREMONT,MATCH,16043
ID,GEM,MATCH,16045
ID,GOODING,MATCH,16047
ID,IDAHO,MATCH,16049
ID,JEFFERSON,MATCH,16051
ID,JEROME,MATCH,16053
ID,KOOTENAI,MATCH,16055
ID,LATAH,MATCH,16057
ID,LEMHI,MATCH,16059
ID,LEWIS,MATCH,16061
ID,LINCOLN,MATCH,16063
ID,MADISON,MATCH,16065
ID,MINIDOKA,MATCH,16067
ID,NEZ PERCE,MATCH,16069
ID,ONEIDA,MATCH,16071
ID,OWYHEE,MATCH,16073
ID,PAYETTE,MATCH,16075
ID,POWER,MATCH,16077
ID,SHOSHONE,MATCH,16079
ID,TETON,MATCH,16081
ID,TWIN FALLS,MATCH,16083
ID,VALLEY,MATCH,16085
ID,WASHINGTON,MATCH,16087
IL,ADAMS,MATCH,17001
IL,ALEXANDER,MATCH,17003
IL,BOND,MATCH,17005
IL,BOONE,MATCH,17007
IL,BROWN,MATCH,17009
IL,BUREAU,MATCH,17011
IL,CALHOUN,MATCH,17013
IL,CARROLL,MATCH,17015
IL,CASS,MATCH,17017
IL,CHAMPAIGN,MATCH,17019
IL,CHRISTIAN,MATCH,17021
IL,CLARK,MATCH,17023
IL,CLAY,MATCH,17025
IL,CLINTON,MATCH,17027
IL,COLES,MATCH,17029
IL,COOK,MATCH,17031
IL,CRAWFORD,MATCH,17033
IL,CUMBERLAND,MATCH,17035
IL,DEKALB,MATCH,17037
IL,DEWITT,UNMATCHED,
IL,DOUGLAS,MATCH,17041
IL,DUPAGE,MATCH,17043
IL,EDGAR,MATCH,17045
IL,EDWARDS,MATCH,17047
IL,EFFINGHAM,MATCH,17049
IL,FAYETTE,MATCH,17051
IL,FORD,MATCH,17053
IL,FRANKLIN,MATCH,17055
IL,FULTON,MATCH,17057
IL,GALLATIN,MATCH,17059
IL,GREENE,MATCH,17061
IL,GRUNDY,MATCH,17063
IL,HAMILTON,MATCH,17065
IL,HANCOCK,MATCH,17067
IL,HARDIN,MATCH,17069
IL,HENDERSON,MATCH,17071
IL,HENRY,MATCH,17073
IL,IROQUOIS,MATCH,17075
IL,JACKSON,MATCH,17077
IL,JASPER,MATCH,17079
IL,JEFFERSON,MATCH,17081
IL,JERSEY,MATCH,17083
IL,JO DAVIESS,MATCH,17085
IL,JOHNSON,MATCH,17087
IL,KANE,MATCH,17089
IL,KANKAKEE,MATCH,17091
IL,KENDALL,MATCH,17093
IL,KNOX,MATCH,17095
IL,LAKE,MATCH,17097
IL,LASALLE,MATCH,17099
IL,LAWRENCE,MATCH,17101
IL,LEE,MATCH,17103
IL,LIVINGSTON,MATCH,17105
IL,LOGAN,MATCH,17107
IL,MACON,MATCH,17115
IL,MACOUPIN,MATCH,17117
IL,MADISON,MATCH,17119
IL,MARION,MATCH,17121
IL,MARSHALL,MATCH,17123
IL,MASON,MATCH,17125
IL,MASSAC,MATCH,17127
IL,MCDONOUGH,MATCH,17109
IL,MCHENRY,MATCH,17111
IL,MCLEAN,MATCH,17113
IL,MENARD,MATCH,17129
IL,MERCER,MATCH,17131
IL,MONROE,MATCH,17133
IL,MONTGOMERY,MATCH,17135
IL,MORGAN,MATCH,17137
IL,MOULTRIE,MATCH,17139
IL,OGLE,MATCH,17141
IL,PEORIA,MATCH,17143
IL,PERRY,MATCH,17145
IL,PIATT,MATCH,17147
IL,PIKE,MATCH,17149
IL,POPE,MATCH,17151
IL,PULASKI,MATCH,17153
IL,PUTNAM,MATCH,17155
IL,RANDOLPH,MATCH,17157
IL,RICHLAND,MATCH,17159
IL,ROCK ISLAND,MATCH,17161
IL,SALINE,MATCH,17165
IL,SANGAMON,MATCH,17167
IL,SCHUYLER,MATCH,17169
IL,SCOTT,MATCH,17171
IL,SHELBY,MATCH,17173
IL,ST CLAIR,UNMATCHED,
IL,STARK,MATCH,17175
IL,STEPHENSON,MATCH,17177
IL,TAZEWELL,MATCH,17179
IL,UNION,MATCH,17181
IL,VERMILION,MATCH,17183
IL,WABASH,MATCH,17185
IL,WARREN,MATCH,17187
IL,WASHINGTON,MATCH,17189
IL,WAYNE,MATCH,17191
IL,WHITE,MATCH,17193
IL,WHITESIDE,MATCH,17195
IL,WILL,MATCH,17197
IL,WILLIAMSON,MATCH,17199
IL,WINNEBAGO,MATCH,17201
IL,WOODFORD,MATCH,17203
IN,ADAMS,MATCH,18001
IN,ALLEN,MATCH,18003
IN,BARTHOLOMEW,MATCH,18005
IN,BENTON,MATCH,18007
IN,BLACKFORD,MATCH,18009
IN,BOONE,MATCH,18011
IN,BROWN,MATCH,18013
IN,CARROLL,MATCH,18015
IN,CASS,MATCH,18017
IN,CLARK,MATCH,18019
IN,CLAY,MATCH,18021
IN,CLINTON,MATCH,18023
IN,CRAWFORD,MATCH,18025
IN,DAVIESS,MATCH,18027
IN,DEARBORN,MATCH,18029
IN,DECATUR,MATCH,18031
IN,DEKALB,MATCH,18033
IN,DELAWARE,MATCH,18035
IN,DUBOIS,MATCH,18037
IN,ELKHART,MATCH,18039
IN,FAYETTE,MATCH,18041
IN,FLOYD,MATCH,18043
IN,FOUNTAIN,MATCH,18045
IN,FRANKLIN,MATCH,18047
IN,FULTON,MATCH,18049
IN,GIBSON,MATCH,18051
IN,GRANT,MATCH,18053
IN,GREENE,MATCH,18055
IN,HAMILTON,MATCH,18057
IN,HANCOCK,MATCH,18059
IN,HARRISON,MATCH,18061
IN,HENDRICKS,MATCH,18063
IN,HENRY,MATCH,18065
IN,HOWARD,MATCH,18067
IN,HUNTINGTON,MATCH,18069
IN,JACKSON,MATCH,18071
IN,JASPER,MATCH,18073
IN,JAY,MATCH,18075
IN,JEFFERSON,MATCH,18077
IN,JENNINGS,MATCH,18079
IN,JOHNSON,MATCH,18081
IN,KNOX,MATCH,18083
IN,KOSCIUSKO,MATCH,18085
IN,LAGRANGE,MATCH,18087
IN,LAKE,MATCH,18089
IN,LAPORTE,MATCH,18091
IN,LAWRENCE,MATCH,18093
IN,MADISON,MATCH,18095
IN,MARION,MATCH,18097
IN,MARSHALL,MATCH,18099
IN,MARTIN,MATCH,18101
IN,MIAMI,MATCH,18103
IN,MONROE,MATCH,18105
IN,MONTGOMERY,MATCH,18107
IN,MORGAN,MATCH,18109
IN,NEWTON,MATCH,18111
IN,NOBLE,MATCH,18113
IN,OHIO,MATCH,18115
IN,ORANGE,MATCH,18117
IN,OWEN,MATCH,18119
IN,PARKE,MATCH,18121
IN,PERRY,MATCH,18123
IN,PIKE,MATCH,18125
IN,PORTER,MATCH,18127
IN,POSEY,MATCH,18129
IN,PULASKI,MATCH,18131
IN,PUTNAM,MATCH,18133
IN,RANDOLPH,MATCH,18135
IN,RIPLEY,MATCH,18137
IN,RUSH,MATCH,18139
IN,SCOTT,MATCH,18143
IN,SHELBY,MATCH,18145
IN,SPENCER,MATCH,18147
IN,ST JOSEPH,UNMATCHED,
IN,STARKE,MATCH,18149
IN,STEUBEN,MATCH,18151
IN,SULLIVAN,MATCH,18153
IN,SWITZERLAND,MATCH,18155
IN,TIPPECANOE,MATCH,18157
IN,TIPTON,MATCH,18159
IN,UNION,MATCH,18161
IN,VANDERBURGH,MATCH,18163
IN,VERMILLION,MATCH,18165
IN,VIGO,MATCH,18167
IN,WABASH,MATCH,18169
IN,WARREN,MATCH,18171
IN,WARRICK,MATCH,18173
IN,WASHINGTON,MATCH,18175
IN,WAYNE,MATCH,18177
IN,WELLS,MATCH,18179
IN,WHITE,MATCH,18181
IN,WHITLEY,MATCH,18183
KS,ALLEN,MATCH,20001
KS,ANDERSON,MATCH,20003
KS,ATCHISON,MATCH,20005
KS,BARBER,MATCH,20007
KS,BARTON,MATCH,20009
KS,BOURBON,MATCH,20011
KS,BROWN,MATCH,20013
KS,BUTLER,MATCH,20015
KS,CHASE,MATCH,20017
KS,CHAUTAUQUA,MATCH,20019
KS,CHEROKEE,MATCH,20021
KS,CHEYENNE,MATCH,20023
KS,CLARK,MATCH,20025
KS,CLAY,MATCH,20027
KS,CLOUD,MATCH,20029
KS,COFFEY,MATCH,20031
KS,COMANCHE,MATCH,20033
KS,COWLEY,MATCH,20035
KS,CRAWFORD,MATCH,20037
KS,DECATUR,MATCH,20039
KS,DICKINSON,MATCH,20041
KS,DONIPHAN,MATCH,20043
KS,DOUGLAS,MATCH,20045
KS,EDWARDS,MATCH,20047
KS,ELK,MATCH,20049
KS,ELLIS,MATCH,20051
KS,ELLSWORTH,MATCH,20053
KS,FINNEY,MATCH,20055
KS,FORD,MATCH,20057
KS,FRANKLIN,MATCH,20059
KS,GEARY,MATCH,20061
KS,GOVE,MATCH,20063
KS,GRAHAM,MATCH,20065
KS,GRANT,MATCH,20067
KS,GRAY,MATCH,20069
KS,GREELEY,MATCH,20071
KS,GREENWOOD,MATCH,20073
KS,HAMILTON,MATCH,20075
KS,HARPER,MATCH,20077
KS,HARVEY,MATCH,20079
KS,HASKELL,MATCH,20081
KS,HODGEMAN,MATCH,20083
KS,JACKSON,MATCH,20085
KS,JEFFERSON,MATCH,20087
KS,JEWELL,MATCH,20089
KS,JOHNSON,MATCH,20091
KS,KEARNY,MATCH,20093
KS,KINGMAN,MATCH,20095
KS,KIOWA,MATCH,20097
KS,LABETTE,MATCH,20099
KS,LANE,MATCH,20101
KS,LEAVENWORTH,MATCH,20103
KS,LINCOLN,MATCH,20105
KS,LINN,MATCH,20107
KS,LOGAN,MATCH,20109
KS,LYON,MATCH,20111
KS,MARION,MATCH,20115
KS,MARSHALL,MATCH,20117
KS,MCPHERSON,MATCH,20113
KS,MEADE,MATCH,20119
KS,MIAMI,MATCH,20121
KS,MITCHELL,MATCH,20123
KS,MONTGOMERY,MATCH,20125
KS,MORRIS,MATCH,20127
KS,MORTON,MATCH,20129
KS,NEMAHA,MATCH,20131
KS,NEOSHO,MATCH,20133
KS,NESS,MATCH,20135
KS,NORTON,MATCH,20137
KS,OSAGE,MATCH,20139
KS,OSBORNE,MATCH,20141
KS,OTTAWA,MATCH,20143
KS,PAWNEE,MATCH,20145
KS,PHILLIPS,MATCH,20147
KS,POTTAWATOMIE,MATCH,20149
KS,PRATT,MATCH,20151
KS,RAWLINS,MATCH,20153
KS,RENO,MATCH,20155
KS,REPUBLIC,MATCH,20157
KS,RICE,MATCH,20159
KS,RILEY,MATCH,20161
KS,ROOKS,MATCH,20163
KS,RUSH,MATCH,20165
KS,RUSSELL,MATCH,20167
KS,SALINE,MATCH,20169
KS,SCOTT,MATCH,20171
KS,SEDGWICK,MATCH,20173
KS,SEWARD,MATCH,20175
KS,SHAWNEE,MATCH,20177
KS,SHERIDAN,MATCH,20179
KS,SHERMAN,MATCH,20181
KS,SMITH,MATCH,20183
KS,STAFFORD,MATCH,20185
KS,STANTON,MATCH,20187
KS,STEVENS,MATCH,20189
KS,SUMNER,MATCH,20191
KS,THOMAS,MATCH,20193
KS,TREGO,MATCH,20195
KS,WABAUNSEE,MATCH,20197
KS,WALLACE,MATCH,20199
KS,WASHINGTON,MATCH,20201
KS,WICHITA,MATCH,20203
KS,WILSON,MATCH,20205
KS,WOODSON,MATCH,20207
KS,WYANDOTTE,MATCH,20209
KY,ADAIR,MATCH,21001
KY,ALLEN,MATCH,21003
KY,ANDERSON,MATCH,21005
KY,BALLARD,MATCH,21007
KY,BARREN,MATCH,21009
KY,BATH,MATCH,21011
KY,BELL,MATCH,21013
KY,BOONE,MATCH,21015
KY,BOURBON,MATCH,21017
KY,BOYD,MATCH,21019
KY,BOYLE,MATCH,21021
KY,BRACKEN,MATCH,21023
KY,BREATHITT,MATCH,21025
KY,BRECKINRIDGE,MATCH,21027
KY,BULLITT,MATCH,21029
KY,BUTLER,MATCH,21031
KY,CALDWELL,MATCH,21033
KY,CALLOWAY,MATCH,21035
KY,CAMPBELL,MATCH,21037
KY,CARLISLE,MATCH,21039
KY,CARROLL,MATCH,21041
KY,CARTER,MATCH,21043
KY,CASEY,MATCH,21045
KY,CHRISTIAN,MATCH,21047
KY,CLARK,MATCH,21049
KY,CLAY,MATCH,21051
KY,CLINTON,MATCH,21053
KY,CRITTENDEN,MATCH,21055
KY,CUMBERLAND,MATCH,21057
KY,DAVIESS,MATCH,21059
KY,EDMONSON,MATCH,21061
KY,ELLIOTT,MATCH,21063
KY,ESTILL,MATCH,21065
KY,FAYETTE,MATCH,21067
KY,FLEMING,MATCH,21069
KY,FLOYD,MATCH,21071
KY,FRANKLIN,MATCH,21073
KY,FULTON,MATCH,21075
KY,GALLATIN,MATCH,21077
KY,GARRARD,MATCH,21079
KY,GRANT,MATCH,21081
KY,GRAVES,MATCH,21083
KY,GRAYSON,MATCH,21085
KY,GREEN,MATCH,21087
KY,GREENUP,MATCH,21089
KY,HANCOCK,MATCH,21091
KY,HARDIN,MATCH,21093
KY,HARLAN,MATCH,21095
KY,HARRISON,MATCH,21097
KY,HART,MATCH,21099
KY,HENDERSON,MATCH,21101
KY,HENRY,MATCH,21103
KY,HICKMAN,MATCH,21105
KY,HOPKINS,MATCH,21107
KY,JACKSON,MATCH,21109
KY,JEFFERSON,MATCH,21111
KY,JESSAMINE,MATCH,21113
KY,JOHNSON,MATCH,21115
KY,KENTON,MATCH,21117
KY,KNOTT,MATCH,21119
KY,KNOX,MATCH,21121
KY,LARUE,MATCH,21123
KY,LAUREL,MATCH,21125
KY,LAWRENCE,MATCH,21127
KY,LEE,MATCH,21129
KY,LESLIE,MATCH,21131
KY,LETCHER,MATCH,21133
KY,LEWIS,MATCH,21135
KY,LINCOLN,MATCH,21137
KY,LIVINGSTON,MATCH,21139
KY,LOGAN,MATCH,21141
KY,LYON,MATCH,21143
KY,MADISON,MATCH,21151
KY,MAGOFFIN,MATCH,21153
KY,MARION,MATCH,21155
KY,MARSHALL,MATCH,21157
KY,MARTIN,MATCH,21159
KY,MASON,MATCH,21161
KY,MCCRACKEN,MATCH,21145
KY,MCCREARY,MATCH,21147
KY,MCLEAN,MATCH,21149
KY,MEADE,MATCH,21163
KY,MENIFEE,MATCH,21165
KY,MERCER,MATCH,21167
KY,METCALFE,MATCH,21169
KY,MONROE,MATCH,21171
KY,MONTGOMERY,MATCH,21173
KY,MORGAN,MATCH,21175
KY,MUHLENBERG,MATCH,21177
KY,NELSON,MATCH,21179
KY,NICHOLAS,MATCH,21181
KY,OHIO,MATCH,21183
KY,OLDHAM,MATCH,21185
KY,OWEN,MATCH,21187
KY,OWSLEY,MATCH,21189
KY,PENDLETON,MATCH,21191
KY,PERRY,MATCH,21193
KY,PIKE,MATCH,21195
KY,POWELL,MATCH,21197
KY,PULASKI,MATCH,21199
KY,ROBERTSON,MATCH,21201
KY,ROCKCASTLE,MATCH,21203
KY,ROWAN,MATCH,21205
KY,RUSSELL,MATCH,21207
KY,SCOTT,MATCH,21209
KY,SHELBY,MATCH,21211
KY,SIMPSON,MATCH,21213
KY,SPENCER,MATCH,21215
KY,TAYLOR,MATCH,21217
KY,TODD,MATCH,21219
KY,TRIGG,MATCH,21221
KY,TRIMBLE,MATCH,21223
KY,UNION,MATCH,21225
KY,WARREN,MATCH,21227
KY,WASHINGTON,MATCH,21229
KY,WAYNE,MATCH,21231
KY,WEBSTER,MATCH,21233
KY,WHITLEY,MATCH,21235
KY,WOLFE,MATCH,21237
KY,WOODFORD,MATCH,21239
LA,ACADIA,MATCH,22001
LA,ALLEN,MATCH,22003
LA,ASCENSION,MATCH,22005
LA,ASSUMPTION,MATCH,22007
LA,AVOYELLES,MATCH,22009
LA,BEAUREGARD,MATCH,22011
LA,BIENVILLE,MATCH,22013
LA,BOSSIER,MATCH,22015
LA,CADDO,MATCH,22017
LA,CALCASIEU,MATCH,22019
LA,CALDWELL,MATCH,22021
LA,CAMERON,MATCH,22023
LA,CATAHOULA,MATCH,22025
LA,CLAIBORNE,MATCH,22027
LA,CONCORDIA,MATCH,22029
LA,DESOTO,UNMATCHED,
LA,EAST BATON ROUGE,MATCH,22033
LA,EAST CARROLL,MATCH,22035
LA,EAST FELICIANA,MATCH,22037
LA,EVANGELINE,MATCH,22039
LA,FRANKLIN,MATCH,22041
LA,GRANT,MATCH,22043
LA,IBERIA,MATCH,22045
LA,IBERVILLE,MATCH,22047
LA,JACKSON,MATCH,22049
LA,JEFFERSON,MATCH,22051
LA,JEFFERSON DAVIS,MATCH,22053
LA,LA SALLE,UNMATCHED,
LA,LAFAYETTE,MATCH,22055
LA,LAFOURCHE,MATCH,22057
LA,LINCOLN,MATCH,22061
LA,LIVINGSTON,MATCH,22063
LA,MADISON,MATCH,22065
LA,MOREHOUSE,MATCH,22067
LA,NATCHITOCHES,MATCH,22069
LA,ORLEANS,MATCH,22071
LA,OUACHITA,MATCH,22073
LA,PLAQUEMINES,MATCH,22075
LA,POINTE COUPEE,MATCH,22077
LA,RAPIDES,MATCH,22079
LA,RED RIVER,MATCH,22081
LA,RICHLAND,MATCH,22083
LA,SABINE,MATCH,22085
LA,ST BERNARD,UNMATCHED,
LA,ST CHARLES,UNMATCHED,
LA,ST HELENA,UNMATCHED,
LA,ST JAMES,UNMATCHED,
LA,ST JOHN THE BAPTIST,UNMATCHED,
LA,ST LANDRY,UNMATCHED,
LA,ST MARTIN,UNMATCHED,
LA,ST MARY,UNMATCHED,
LA,ST TAMMANY,UNMATCHED,
LA,TANGIPAHOA,MATCH,22105
LA,TENSAS,MATCH,22107
LA,TERREBONNE,MATCH,22109
LA,UNION,MATCH,22111
LA,VERMILION,MATCH,22113
LA,VERNON,MATCH,22115
LA,WASHINGTON,MATCH,22117
LA,WEBSTER,MATCH,22119
LA,WEST BATON ROUGE,MATCH,22121
LA,WEST CARROLL,MATCH,22123
LA,WEST FELICIANA,MATCH,22125
LA,WINN,MATCH,22127
MA,BARNSTABLE,MATCH,25001
MA,BERKSHIRE,MATCH,25003
MA,BRISTOL,MATCH,25005
MA,DUKES,MATCH,25007
MA,ESSEX,MATCH,25009
MA,FRANKLIN,MATCH,25011
MA,HAMPDEN,MATCH,25013
MA,HAMPSHIRE,MATCH,25015
MA,MIDDLESEX,MATCH,25017
MA,NANTUCKET,MATCH,25019
MA,NORFOLK,MATCH,25021
MA,PLYMOUTH,MATCH,25023
MA,SUFFOLK,MATCH,25025
MA,WORCESTER,MATCH,25027
MD,ALLEGANY,MATCH,24001
MD,ANNE ARUNDEL,MATCH,24003
MD,BALTIMORE,AMBIGUOUS,24005|24510
MD,CALVERT,MATCH,24009
MD,CAROLINE,MATCH,24011
MD,CARROLL,MATCH,24013
MD,CECIL,MATCH,24015
MD,CHARLES,MATCH,24017
MD,DORCHESTER,MATCH,24019
MD,FREDERICK,MATCH,24021
MD,GARRETT,MATCH,24023
MD,HARFORD,MATCH,24025
MD,HOWARD,MATCH,24027
MD,KENT,MATCH,24029
MD,MONTGOMERY,MATCH,24031
MD,PRINCE GEORGES,UNMATCHED,
MD,QUEEN ANNES,UNMATCHED,
MD,SOMERSET,MATCH,24039
MD,ST MARYS,UNMATCHED,
MD,TALBOT,MATCH,24041
MD,WASHINGTON,MATCH,24043
MD,WICOMICO,MATCH,24045
MD,WORCESTER,MATCH,24047
ME,ANDROSCOGGIN,MATCH,23001
ME,AROOSTOOK,MATCH,23003
ME,CUMBERLAND,MATCH,23005
ME,FRANKLIN,MATCH,23007
ME,HANCOCK,MATCH,23009
ME,KENNEBEC,MATCH,23011
ME,KNOX,MATCH,23013
ME,LINCOLN,MATCH,23015
ME,OXFORD,MATCH,23017
ME,PENOBSCOT,MATCH,23019
ME,PISCATAQUIS,MATCH,23021
ME,SAGADAHOC,MATCH,23023
ME,SOMERSET,MATCH,23025
ME,WALDO,MATCH,23027
ME,WASHINGTON,MATCH,23029
ME,YORK,MATCH,23031
MI,ALCONA,MATCH,26001
MI,ALGER,MATCH,26003
MI,ALLEGAN,MATCH,26005
MI,ALPENA,MATCH,26007
MI,ANTRIM,MATCH,26009
MI,ARENAC,MATCH,26011
MI,BARAGA,MATCH,26013
MI,BARRY,MATCH,26015
MI,BAY,MATCH,26017
MI,BENZIE,MATCH,26019
MI,BERRIEN,MATCH,26021
MI,BRANCH,MATCH,26023
MI,CALHOUN,MATCH,26025
MI,CASS,MATCH,26027
MI,CHARLEVOIX,MATCH,26029
MI,CHEBOYGAN,MATCH,26031
MI,CHIPPEWA,MATCH,26033
MI,CLARE,MATCH,26035
MI,CLINTON,MATCH,26037
MI,CRAWFORD,MATCH,26039
MI,DELTA,MATCH,26041
MI,DICKINSON,MATCH,26043
MI,EATON,MATCH,26045
MI,EMMET,MATCH,26047
MI,GENESEE,MATCH,26049
MI,GLADWIN,MATCH,26051
MI,GOGEBIC,MATCH,26053
MI,GRAND TRAVERSE,MATCH,26055
MI,GRATIOT,MATCH,26057
MI,HILLSDALE,MATCH,26059
MI,HOUGHTON,MATCH,26061
MI,HURON,MATCH,26063
MI,INGHAM,MATCH,26065
MI,IONIA,MATCH,26067
MI,IOSCO,MATCH,26069
MI,IRON,MATCH,26071
MI,ISABELLA,MATCH,26073
MI,JACKSON,MATCH,26075
MI,KALAMAZOO,MATCH,26077
MI,KALKASKA,MATCH,26079
MI,KENT,MATCH,26081
MI,KEWEENAW,MATCH,26083
MI,LAKE,MATCH,26085
MI,LAPEER,MATCH,26087
MI,LEELANAU,MATCH,26089
MI,LENAWEE,MATCH,26091
MI,LIVINGSTON,MATCH,26093
MI,LUCE,MATCH,26095
MI,MACKINAC,MATCH,26097
MI,MACOMB,MATCH,26099
MI,MANISTEE,MATCH,26101
MI,MARQUETTE,MATCH,26103
MI,MASON,MATCH,26105
MI,MECOSTA,MATCH,26107
MI,MENOMINEE,MATCH,26109
MI,MIDLAND,MATCH,26111
MI,MISSAUKEE,MATCH,26113
MI,MONROE,MATCH,26115
MI,MONTCALM,MATCH,26117
MI,MONTMORENCY,MATCH,26119
MI,MUSKEGON,MATCH,26121
MI,NEWAYGO,MATCH,26123
MI,OAKLAND,MATCH,26125
MI,OCEANA,MATCH,26127
MI,OGEMAW,MATCH,26129
MI,ONTONAGON,MATCH,26131
MI,OSCEOLA,MATCH,26133
MI,OSCODA,MATCH,26135
MI,OTSEGO,MATCH,26137
MI,OTTAWA,MATCH,26139
MI,PRESQUE ISLE,MATCH,26141
MI,ROSCOMMON,MATCH,26143
MI,SAGINAW,MATCH,26145
MI,SANILAC,MATCH,26151
MI,SCHOOLCRAFT,MATCH,26153
MI,SHIAWASSEE,MATCH,26155
MI,ST CLAIR,UNMATCHED,
MI,ST JOSEPH,UNMATCHED,
MI,TUSCOLA,MATCH,26157
MI,VAN BUREN,MATCH,26159
MI,WASHTENAW,MATCH,26161
MI,WAYNE,MATCH,26163
MI,WEXFORD,MATCH,26165
MN,AITKIN,MATCH,27001
MN,ANOKA,MATCH,27003
MN,BECKER,MATCH,27005
MN,BELTRAMI,MATCH,27007
MN,BENTON,MATCH,27009
MN,BIG STONE,MATCH,27011
MN,BLUE EARTH,MATCH,27013
MN,BROWN,MATCH,27015
MN,CARLTON,MATCH,27017
MN,CARVER,MATCH,27019
MN,CASS,MATCH,27021
MN,CHIPPEWA,MATCH,27023
MN,CHISAGO,MATCH,27025
MN,CLAY,MATCH,27027
MN,CLEARWATER,MATCH,27029
MN,COOK,MATCH,27031
MN,COTTONWOOD,MATCH,27033
MN,CROW WING,MATCH,27035
MN,DAKOTA,MATCH,27037
MN,DODGE,MATCH,27039
MN,DOUGLAS,MATCH,27041
MN,FARIBAULT,MATCH,27043
MN,FILLMORE,MATCH,27045
MN,FREEBORN,MATCH,27047
MN,GOODHUE,MATCH,27049
MN,GRANT,MATCH,27051
MN,HENNEPIN,MATCH,27053
MN,HOUSTON,MATCH,27055
MN,HUBBARD,MATCH,27057
MN,ISANTI,MATCH,27059
MN,ITASCA,MATCH,27061
MN,JACKSON,MATCH,27063
MN,KANABEC,MATCH,27065
MN,KANDIYOHI,MATCH,27067
MN,KITTSON,MATCH,27069
MN,KOOCHICHING,MATCH,27071
MN,LAC QUI PARLE,MATCH,27073
MN,LAKE,MATCH,27075
MN,LE SUEUR,MATCH,27079
MN,LINCOLN,MATCH,27081
MN,LYON,MATCH,27083
MN,MAHNOMEN,MATCH,27087
MN,MARSHALL,MATCH,27089
MN,MARTIN,MATCH,27091
MN,MCLEOD,MATCH,27085
MN,MEEKER,MATCH,27093
MN,MILLE LACS,MATCH,27095
MN,MORRISON,MATCH,27097
MN,MOWER,MATCH,27099
MN,MURRAY,MATCH,27101
MN,NICOLLET,MATCH,27103
MN,NOBLES,MATCH,27105
MN,NORMAN,MATCH,27107
MN,OLMSTED,MATCH,27109
MN,OTTER TAIL,MATCH,27111
MN,PENNINGTON,MATCH,27113
MN,PINE,MATCH,27115
MN,PIPESTONE,MATCH,27117
MN,POLK,MATCH,27119
MN,POPE,MATCH,27121
MN,RAMSEY,MATCH,27123
MN,RED LAKE,MATCH,27125
MN,REDWOOD,MATCH,27127
MN,RENVILLE,MATCH,27129
MN,RICE,MATCH,27131
MN,ROCK,MATCH,27133
MN,ROSEAU,MATCH,27135
MN,SCOTT,MATCH,27139
MN,SHERBURNE,MATCH,27141
MN,SIBLEY,MATCH,27143
MN,ST LOUIS,UNMATCHED,
MN,STEARNS,MATCH,27145
MN,STEELE,MATCH,27147
MN,STEVENS,MATCH,27149
MN,SWIFT,MATCH,27151
MN,TODD,MATCH,27153
MN,TRAVERSE,MATCH,27155
MN,WABASHA,MATCH,27157
MN,WADENA,MATCH,27159
MN,WASECA,MATCH,27161
MN,WASHINGTON,MATCH,27163
MN,WATONWAN,MATCH,27165
MN,WILKIN,MATCH,27167
MN,WINONA,MATCH,27169
MN,WRIGHT,MATCH,27171
MN,YELLOW MEDICINE,MATCH,27173
MO,ADAIR,MATCH,29001
MO,ANDREW,MATCH,29003
MO,ATCHISON,MATCH,29005
MO,AUDRAIN,MATCH,29007
MO,BARRY,MATCH,29009
MO,BARTON,MATCH,29011
MO,BATES,MATCH,29013
MO,BENTON,MATCH,29015
MO,BOLLINGER,MATCH,29017
MO,BOONE,MATCH,29019
MO,BUCHANAN,MATCH,29021
MO,BUTLER,MATCH,29023
MO,CALDWELL,MATCH,29025
MO,CALLAWAY,MATCH,29027
MO,CAMDEN,MATCH,29029
MO,CAPE GIRARDEAU,MATCH,29031
MO,CARROLL,MATCH,29033
MO,CASS,MATCH,29037
MO,CEDAR,MATCH,29039
MO,CHARITON,MATCH,29041
MO,CHRISTIAN,MATCH,29043
MO,CLARK,MATCH,29045
MO,CLAY,MATCH,29047
MO,CLINTON,MATCH,29049
MO,COLE,MATCH,29051
MO,COOPER,MATCH,29053
MO,CRAWFORD,MATCH,29055
MO,DADE,MATCH,29057
MO,DALLAS,MATCH,29059
MO,DAVIESS,MATCH,29061
MO,DEKALB,MATCH,29063
MO,DENT,MATCH,29065
MO,DOUGLAS,MATCH,29067
MO,DUNKLIN,MATCH,29069
MO,FRANKLIN,MATCH,29071
MO,GASCONADE,MATCH,29073
MO,GENTRY,MATCH,29075
MO,GREENE,MATCH,29077
MO,GRUNDY,MATCH,29079
MO,HARRISON,MATCH,29081
MO,HENRY,MATCH,29083
MO,HICKORY,MATCH,29085
MO,HOLT,MATCH,29087
MO,HOWARD,MATCH,29089
MO,IRON,MATCH,29093
MO,JACKSON,MATCH,29095
MO,JASPER,MATCH,29097
MO,JEFFERSON,MATCH,29099
MO,JOHNSON,MATCH,29101
MO,KNOX,MATCH,29103
MO,LACLEDE,MATCH,29105
MO,LAFAYETTE,MATCH,29107
MO,LAWRENCE,MATCH,29109
MO,LEWIS,MATCH,29111
MO,LINCOLN,MATCH,29113
MO,LINN,MATCH,29115
MO,LIVINGSTON,MATCH,29117
MO,MACON,MATCH,29121
MO,MADISON,MATCH,29123
MO,MARIES,MATCH,29125
MO,MARION,MATCH,29127
MO,MCDONALD,MATCH,29119
MO,MERCER,MATCH,29129
MO,MILLER,MATCH,29131
MO,MISSISSIPPI,MATCH,29133
MO,MONITEAU,MATCH,29135
MO,MONROE,MATCH,29137
MO,MONTGOMERY,MATCH,29139
MO,MORGAN,MATCH,29141
MO,NEW MADRID,MATCH,29143
MO,NEWTON,MATCH,29145
MO,NODAWAY,MATCH,29147
MO,OREGON,MATCH,29149
MO,OSAGE,MATCH,29151
MO,PEMISCOT,MATCH,29155
MO,PERRY,MATCH,29157
MO,PETTIS,MATCH,29159
MO,PHELPS,MATCH,29161
MO,PIKE,MATCH,29163
MO,PLATTE,MATCH,29165
MO,POLK,MATCH,29167
MO,PULASKI,MATCH,29169
MO,RALLS,MATCH,29173
MO,RANDOLPH,MATCH,29175
MO,RAY,MATCH,29177
MO,REYNOLDS,MATCH,29179
MO,RIPLEY,MATCH,29181
MO,SALINE,MATCH,29195
MO,SCHUYLER,MATCH,29197
MO,SCOTLAND,MATCH,29199
MO,SCOTT,MATCH,29201
MO,SHANNON,MATCH,29203
MO,SHELBY,MATCH,29205
MO,ST CHARLES,UNMATCHED,
MO,ST CLAIR,UNMATCHED,
MO,ST FRANCOIS,UNMATCHED,
MO,ST LOUIS,UNMATCHED,
MO,STE GENEVIEVE,MATCH,29186
MO,STODDARD,MATCH,29207
MO,STONE,MATCH,29209
MO,SULLIVAN,MATCH,29211
MO,TANEY,MATCH,29213
MO,TEXAS,MATCH,29215
MO,VERNON,MATCH,29217
MO,WARREN,MATCH,29219
MO,WASHINGTON,MATCH,29221
MO,WAYNE,MATCH,29223
MO,WEBSTER,MATCH,29225
MO,WORTH,MATCH,29227
MO,WRIGHT,MATCH,29229
MS,ADAMS,MATCH,28001
MS,ALCORN,MATCH,28003
MS,AMITE,MATCH,28005
MS,ATTALA,MATCH,28007
MS,BOLIVAR,MATCH,28011
MS,CALHOUN,MATCH,28013
MS,CARROLL,MATCH,28015
MS,CHOCTAW,MATCH,28019
MS,CLAIBORNE,MATCH,28021
MS,CLARKE,MATCH,28023
MS,CLAY,MATCH,28025
MS,COAHOMA,MATCH,28027
MS,COPIAH,MATCH,28029
MS,COVINGTON,MATCH,28031
MS,DESOTO,MATCH,28033
MS,FORREST,MATCH,28035
MS,FRANKLIN,MATCH,28037
MS,GEORGE,MATCH,28039
MS,GREENE,MATCH,28041
MS,GRENADA,MATCH,28043
MS,HANCOCK,MATCH,28045
MS,HARRISON,MATCH,28047
MS,HINDS,MATCH,28049
MS,HOLMES,MATCH,28051
MS,HUMPHREYS,MATCH,28053
MS,ISSAQUENA,MATCH,28055
MS,JACKSON,MATCH,28059
MS,JASPER,MATCH,28061
MS,JEFFERSON,MATCH,28063
MS,JEFFERSON DAVIS,MATCH,28065
MS,JONES,MATCH,28067
MS,KEMPER,MATCH,28069
MS,LAFAYETTE,MATCH,28071
MS,LAMAR,MATCH,28073
MS,LAUDERDALE,MATCH,28075
MS,LAWRENCE,MATCH,28077
MS,LEAKE,MATCH,28079
MS,LEFLORE,MATCH,28083
MS,LINCOLN,MATCH,28085
MS,LOWNDES,MATCH,28087
MS,MADISON,MATCH,28089
MS,MARION,MATCH,28091
MS,MARSHALL,MATCH,28093
MS,MONROE,MATCH,28095
MS,MONTGOMERY,MATCH,28097
MS,NESHOBA,MATCH,28099
MS,NEWTON,MATCH,28101
MS,NOXUBEE,MATCH,28103
MS,OKTIBBEHA,MATCH,28105
MS,PANOLA,MATCH,28107
MS,PEARL RIVER,MATCH,28109
MS,PERRY,MATCH,28111
MS,PIKE,MATCH,28113
MS,PONTOTOC,MATCH,28115
MS,QUITMAN,MATCH,28119
MS,RANKIN,MATCH,28121
MS,SCOTT,MATCH,28123
MS,SHARKEY,MATCH,28125
MS,SIMPSON,MATCH,28127
MS,SMITH,MATCH,28129
MS,STONE,MATCH,28131
MS,SUNFLOWER,MATCH,28133
MS,TALLAHATCHIE,MATCH,28135
MS,TATE,MATCH,28137
MS,TUNICA,MATCH,28143
MS,UNION,MATCH,28145
MS,WALTHALL,MATCH,28147
MS,WARREN,MATCH,28149
MS,WASHINGTON,MATCH,28151
MS,WAYNE,MATCH,28153
MS,WEBSTER,MATCH,28155
MS,WILKINSON,MATCH,28157
MS,WINSTON,MATCH,28159
MS,YALOBUSHA,MATCH,28161
MS,YAZOO,MATCH,28163
MT,BEAVERHEAD,MATCH,30001
MT,BIG HORN,MATCH,30003
MT,BLAINE,MATCH,30005
MT,BROADWATER,MATCH,30007
MT,CARBON,MATCH,30009
MT,CARTER,MATCH,30011
MT,CASCADE,MATCH,30013
MT,CHOUTEAU,MATCH,30015
MT,CUSTER,MATCH,30017
MT,DANIELS,MATCH,30019
MT,DAWSON,MATCH,30021
MT,DEER LODGE,MATCH,30023
MT,FALLON,MATCH,30025
MT,FERGUS,MATCH,30027
MT,FLATHEAD,MATCH,30029
MT,GALLATIN,MATCH,30031
MT,GOLDEN VALLEY,MATCH,30037
MT,GRANITE,MATCH,30039
MT,HILL,MATCH,30041
MT,JEFFERSON,MATCH,30043
MT,JUDITH BASIN,MATCH,30045
MT,LAKE,MATCH,30047
MT,LEWIS AND CLARK,MATCH,30049
MT,LIBERTY,MATCH,30051
MT,LINCOLN,MATCH,30053
MT,MADISON,MATCH,30057
MT,MCCONE,MATCH,30055
MT,MEAGHER,MATCH,30059
MT,MINERAL,MATCH,30061
MT,MISSOULA,MATCH,30063
MT,MUSSELSHELL,MATCH,30065
MT,PARK,MATCH,30067
MT,PETROLEUM,MATCH,30069
MT,PHILLIPS,MATCH,30071
MT,PONDERA,MATCH,30073
MT,POWDER RIVER,MATCH,30075
MT,POWELL,MATCH,30077
MT,PRAIRIE,MATCH,30079
MT,RAVALLI,MATCH,30081
MT,RICHLAND,MATCH,30083
MT,ROOSEVELT,MATCH,30085
MT,ROSEBUD,MATCH,30087
MT,SANDERS,MATCH,30089
MT,SHERIDAN,MATCH,30091
MT,SILVER BOW,MATCH,30093
MT,STILLWATER,MATCH,30095
MT,SWEET GRASS,MATCH,30097
MT,TETON,MATCH,30099
MT,TREASURE,MATCH,30103
MT,VALLEY,MATCH,30105
MT,WHEATLAND,MATCH,30107
MT,WIBAUX,MATCH,30109
MT,YELLOWSTONE,MATCH,30111
NC,ALAMANCE,MATCH,37001
NC,ALEXANDER,MATCH,37003
NC,ALLEGHANY,MATCH,37005
NC,ANSON,MATCH,37007
NC,ASHE,MATCH,37009
NC,AVERY,MATCH,37011
NC,BEAUFORT,MATCH,37013
NC,BERTIE,MATCH,37015
NC,BLADEN,MATCH,37017
NC,BRUNSWICK,MATCH,37019
NC,BUNCOMBE,MATCH,37021
NC,BURKE,MATCH,37023
NC,CABARRUS,MATCH,37025
NC,CALDWELL,MATCH,37027
NC,CAMDEN,MATCH,37029
NC,CARTERET,MATCH,37031
NC,CASWELL,MATCH,37033
NC,CATAWBA,MATCH,37035
NC,CHATHAM,MATCH,37037
NC,CHEROKEE,MATCH,37039
NC,CHOWAN,MATCH,37041
NC,CLAY,MATCH,37043
NC,CLEVELAND,MATCH,37045
NC,COLUMBUS,MATCH,37047
NC,CRAVEN,MATCH,37049
NC,CUMBERLAND,MATCH,37051
NC,CURRITUCK,MATCH,37053
NC,DARE,MATCH,37055
NC,DAVIDSON,MATCH,37057
NC,DAVIE,MATCH,37059
NC,DUPLIN,MATCH,37061
NC,DURHAM,MATCH,37063
NC,EDGECOMBE,MATCH,37065
NC,FORSYTH,MATCH,37067
NC,FRANKLIN,MATCH,37069
NC,GASTON,MATCH,37071
NC,GATES,MATCH,37073
NC,GRAHAM,MATCH,37075
NC,GRANVILLE,MATCH,37077
NC,GREENE,MATCH,37079
NC,GUILFORD,MATCH,37081
NC,HALIFAX,MATCH,37083
NC,HARNETT,MATCH,37085
NC,HAYWOOD,MATCH,37087
NC,HENDERSON,MATCH,37089
NC,HERTFORD,MATCH,37091
NC,HOKE,MATCH,37093
NC,HYDE,MATCH,37095
NC,IREDELL,MATCH,37097
NC,JACKSON,MATCH,37099
NC,JOHNSTON,MATCH,37101
NC,JONES,MATCH,37103
NC,LEE,MATCH,37105
NC,LENOIR,MATCH,37107
NC,LINCOLN,MATCH,37109
NC,MACON,MATCH,37113
NC,MADISON,MATCH,37115
NC,MARTIN,MATCH,37117
NC,MCDOWELL,MATCH,37111
NC,MECKLENBURG,MATCH,37119
NC,MITCHELL,MATCH,37121
NC,MONTGOMERY,MATCH,37123
NC,MOORE,MATCH,37125
NC,NASH,MATCH,37127
NC,NEW HANOVER,MATCH,37129
NC,NORTHAMPTON,MATCH,37131
NC,ONSLOW,MATCH,37133
NC,ORANGE,MATCH,37135
NC,PAMLICO,MATCH,37137
NC,PASQUOTANK,MATCH,37139
NC,PENDER,MATCH,37141
NC,PERQUIMANS,MATCH,37143
NC,PERSON,MATCH,37145
NC,PITT,MATCH,37147
NC,POLK,MATCH,37149
NC,RANDOLPH,MATCH,37151
NC,RICHMOND,MATCH,37153
NC,ROBESON,MATCH,37155
NC,ROCKINGHAM,MATCH,37157
NC,ROWAN,MATCH,37159
NC,RUTHERFORD,MATCH,37161
NC,SAMPSON,MATCH,37163
NC,SCOTLAND,MATCH,37165
NC,STANLY,MATCH,37167
NC,STOKES,MATCH,37169
NC,SURRY,MATCH,37171
NC,SWAIN,MATCH,37173
NC,TRANSYLVANIA,MATCH,37175
NC,TYRRELL,MATCH,37177
NC,UNION,MATCH,37179
NC,VANCE,MATCH,37181
NC,WAKE,MATCH,37183
NC,WARREN,MATCH,37185
NC,WASHINGTON,MATCH,37187
NC,WATAUGA,MATCH,37189
NC,WAYNE,MATCH,37191
NC,WILKES,MATCH,37193
NC,WILSON,MATCH,37195
NC,YADKIN,MATCH,37197
NC,YANCEY,MATCH,37199
ND,ADAMS,MATCH,38001
ND,BARNES,MATCH,38003
ND,BENSON,MATCH,38005
ND,BILLINGS,MATCH,38007
ND,BOTTINEAU,MATCH,38009
ND,BOWMAN,MATCH,38011
ND,BURKE,MATCH,38013
ND,BURLEIGH,MATCH,38015
ND,CASS,MATCH,38017
ND,CAVALIER,MATCH,38019
ND,DICKEY,MATCH,38021
ND,DIVIDE,MATCH,38023
ND,DUNN,MATCH,38025
ND,EDDY,MATCH,38027
ND,EMMONS,MATCH,38029
ND,FOSTER,MATCH,38031
ND,GOLDEN VALLEY,MATCH,38033
ND,GRAND FORKS,MATCH,38035
ND,GRANT,MATCH,38037
ND,GRIGGS,MATCH,38039
ND,HETTINGER,MATCH,38041
ND,KIDDER,MATCH,38043
ND,LAMOURE,MATCH,38045
ND,LOGAN,MATCH,38047
ND,MCHENRY,MATCH,38049
ND,MCINTOSH,MATCH,38051
ND,MCKENZIE,MATCH,38053
ND,MCLEAN,MATCH,38055
ND,MERCER,MATCH,38057
ND,MORTON,MATCH,38059
ND,MOUNTRAIL,MATCH,38061
ND,NELSON,MATCH,38063
ND,OLIVER,MATCH,38065
ND,PEMBINA,MATCH,38067
ND,PIERCE,MATCH,38069
ND,RAMSEY,MATCH,38071
ND,RANSOM,MATCH,38073
ND,RENVILLE,MATCH,38075
ND,RICHLAND,MATCH,38077
ND,ROLETTE,MATCH,38079
ND,SARGENT,MATCH,38081
ND,SHERIDAN,MATCH,38083
ND,SIOUX,MATCH,38085
ND,SLOPE,MATCH,38087
ND,STARK,MATCH,38089
ND,STEELE,MATCH,38091
ND,STUTSMAN,MATCH,38093
ND,TOWNER,MATCH,38095
ND,TRAILL,MATCH,38097
ND,WALSH,MATCH,38099
ND,WARD,MATCH,38101
ND,WELLS,MATCH,38103
ND,WILLIAMS,MATCH,38105
NE,ADAMS,MATCH,31001
NE,ANTELOPE,MATCH,31003
NE,BLAINE,MATCH,31009
NE,BOONE,MATCH,31011
NE,BOX BUTTE,MATCH,31013
NE,BOYD,MATCH,31015
NE,BROWN,MATCH,31017
NE,BUFFALO,MATCH,31019
NE,BURT,MATCH,31021
NE,CASS,MATCH,31025
NE,CEDAR,MATCH,31027
NE,CHASE,MATCH,31029
NE,CHERRY,MATCH,31031
NE,CLAY,MATCH,31035
NE,COLFAX,MATCH,31037
NE,CUSTER,MATCH,31041
NE,DAKOTA,MATCH,31043
NE,DAWES,MATCH,31045
NE,DAWSON,MATCH,31047
NE,DEUEL,MATCH,31049
NE,DODGE,MATCH,31053
NE,DOUGLAS,MATCH,31055
NE,DUNDY,MATCH,31057
NE,FILLMORE,MATCH,31059
NE,FRONTIER,MATCH,31063
NE,GAGE,MATCH,31067
NE,GARDEN,MATCH,31069
NE,GARFIELD,MATCH,31071
NE,GOSPER,MATCH,31073
NE,GRANT,MATCH,31075
NE,GREELEY,MATCH,31077
NE,HALL,MATCH,31079
NE,HAMILTON,MATCH,31081
NE,HAYES,MATCH,31085
NE,HITCHCOCK,MATCH,31087
NE,HOLT,MATCH,31089
NE,HOOKER,MATCH,31091
NE,HOWARD,MATCH,31093
NE,JEFFERSON,MATCH,31095
NE,JOHNSON,MATCH,31097
NE,KEITH,MATCH,31101
NE,KNOX,MATCH,31107
NE,LANCASTER,MATCH,31109
NE,LINCOLN,MATCH,31111
NE,LOGAN,MATCH,31113
NE,LOUP,MATCH,31115
NE,MADISON,MATCH,31119
NE,MCPHERSON,MATCH,31117
NE,MERRICK,MATCH,31121
NE,MORRILL,MATCH,31123
NE,NANCE,MATCH,31125
NE,NEMAHA,MATCH,31127
NE,OTOE,MATCH,31131
NE,PAWNEE,MATCH,31133
NE,PERKINS,MATCH,31135
NE,PIERCE,MATCH,31139
NE,PLATTE,MATCH,31141
NE,RED WILLOW,MATCH,31145
NE,RICHARDSON,MATCH,31147
NE,ROCK,MATCH,31149
NE,SALINE,MATCH,31151
NE,SARPY,MATCH,31153
NE,SAUNDERS,MATCH,31155
NE,SCOTTS BLUFF,MATCH,31157
NE,SEWARD,MATCH,31159
NE,SHERIDAN,MATCH,31161
NE,SHERMAN,MATCH,31163
NE,SIOUX,MATCH,31165
NE,STANTON,MATCH,31167
NE,THAYER,MATCH,31169
NE,THOMAS,MATCH,31171
NE,THURSTON,MATCH,31173
NE,VALLEY,MATCH,31175
NE,WASHINGTON,MATCH,31177
NE,WHEELER,MATCH,31183
NE,YORK,MATCH,31185
NH,BELKNAP,MATCH,33001
NH,CARROLL,MATCH,33003
NH,CHESHIRE,MATCH,33005
NH,COOS,MATCH,33007
NH,GRAFTON,MATCH,33009
NH,HILLSBOROUGH,MATCH,33011
NH,MERRIMACK,MATCH,33013
NH,ROCKINGHAM,MATCH,33015
NH,STRAFFORD,MATCH,33017
NH,SULLIVAN,MATCH,33019
NJ,ATLANTIC,MATCH,34001
NJ,BERGEN,MATCH,34003
NJ,BURLINGTON,MATCH,34005
NJ,CAMDEN,MATCH,34007
NJ,CAPE MAY,MATCH,34009
NJ,CUMBERLAND,MATCH,34011
NJ,ESSEX,MATCH,34013
NJ,GLOUCESTER,MATCH,34015
NJ,HUDSON,MATCH,34017
NJ,HUNTERDON,MATCH,34019
NJ,MERCER,MATCH,34021
NJ,MIDDLESEX,MATCH,34023
NJ,MONMOUTH,MATCH,34025
NJ,MORRIS,MATCH,34027
NJ,OCEAN,MATCH,34029
NJ,PASSAIC,MATCH,34031
NJ,SALEM,MATCH,34033
NJ,SOMERSET,MATCH,34035
NJ,SUSSEX,MATCH,34037
NJ,UNION,MATCH,34039
NJ,WARREN,MATCH,34041
NM,BERNALILLO,MATCH,35001
NM,CATRON,MATCH,35003
NM,CHAVES,MATCH,35005
NM,CIBOLA,MATCH,35006
NM,COLFAX,MATCH,35007
NM,CURRY,MATCH,35009
NM,DE BACA,MATCH,35011
NM,DONA ANA,UNMATCHED,
NM,EDDY,MATCH,35015
NM,GRANT,MATCH,35017
NM,GUADALUPE,MATCH,35019
NM,HARDING,MATCH,35021
NM,HIDALGO,MATCH,35023
NM,LEA,MATCH,35025
NM,LINCOLN,MATCH,35027
NM,LOS ALAMOS,MATCH,35028
NM,LUNA,MATCH,35029
NM,MCKINLEY,MATCH,35031
NM,OTERO,MATCH,35035
NM,QUAY,MATCH,35037
NM,RIO ARRIBA,MATCH,35039
NM,ROOSEVELT,MATCH,35041
NM,SAN JUAN,MATCH,35045
NM,SAN MIGUEL,MATCH,35047
NM,SANDOVAL,MATCH,35043
NM,SANTA FE,MATCH,35049
NM,SIERRA,MATCH,35051
NM,SOCORRO,MATCH,35053
NM,TAOS,MATCH,35055
NM,TORRANCE,MATCH,35057
NM,UNION,MATCH,35059
NM,VALENCIA,MATCH,35061
NV,CARSON,MATCH,32510
NV,CHURCHILL,MATCH,32001
NV,CLARK,MATCH,32003
NV,DOUGLAS,MATCH,32005
NV,ELKO,MATCH,32007
NV,ESMERALDA,MATCH,32009
NV,EUREKA,MATCH,32011
NV,HUMBOLDT,MATCH,32013
NV,LANDER,MATCH,32015
NV,LYON,MATCH,32019
NV,MINERAL,MATCH,32021
NV,NYE,MATCH,32023
NV,PERSHING,MATCH,32027
NV,STOREY,MATCH,32029
NV,WASHOE,MATCH,32031
NY,ALBANY,MATCH,36001
NY,ALLEGANY,MATCH,36003
NY,BRONX,MATCH,36005
NY,BROOME,MATCH,36007
NY,CATTARAUGUS,MATCH,36009
NY,CAYUGA,MATCH,36011
NY,CHAUTAUQUA,MATCH,36013
NY,CHEMUNG,MATCH,36015
NY,CHENANGO,MATCH,36017
NY,CLINTON,MATCH,36019
NY,COLUMBIA,MATCH,36021
NY,CORTLAND,MATCH,36023
NY,DELAWARE,MATCH,36025
NY,DUTCHESS,MATCH,36027
NY,ERIE,MATCH,36029
NY,ESSEX,MATCH,36031
NY,FRANKLIN,MATCH,36033
NY,FULTON,MATCH,36035
NY,GENESEE,MATCH,36037
NY,GREENE,MATCH,36039
NY,HAMILTON,MATCH,36041
NY,HERKIMER,MATCH,36043
NY,JEFFERSON,MATCH,36045
NY,KINGS,MATCH,36047
NY,LEWIS,MATCH,36049
NY,LIVINGSTON,MATCH,36051
NY,MADISON,MATCH,36053
NY,MONROE,MATCH,36055
NY,MONTGOMERY,MATCH,36057
NY,NASSAU,MATCH,36059
NY,NEW YORK,MATCH,36061
NY,NIAGARA,MATCH,36063
NY,ONEIDA,MATCH,36065
NY,ONONDAGA,MATCH,36067
NY,ONTARIO,MATCH,36069
NY,ORANGE,MATCH,36071
NY,ORLEANS,MATCH,36073
NY,OSWEGO,MATCH,36075
NY,OTSEGO,MATCH,36077
NY,PUTNAM,MATCH,36079
NY,QUEENS,MATCH,36081
NY,RENSSELAER,MATCH,36083
NY,RICHMOND,MATCH,36085
NY,ROCKLAND,MATCH,36087
NY,SARATOGA,MATCH,36091
NY,SCHENECTADY,MATCH,36093
NY,SCHOHARIE,MATCH,36095
NY,SCHUYLER,MATCH,36097
NY,SENECA,MATCH,36099
NY,ST LAWRENCE,UNMATCHED,
NY,STEUBEN,MATCH,36101
NY,SUFFOLK,MATCH,36103
NY,SULLIVAN,MATCH,36105
NY,TIOGA,MATCH,36107
NY,TOMPKINS,MATCH,36109
NY,ULSTER,MATCH,36111
NY,WARREN,MATCH,36113
NY,WASHINGTON,MATCH,36115
NY,WAYNE,MATCH,36117
NY,WESTCHESTER,MATCH,36119
NY,WYOMING,MATCH,36121
NY,YATES,MATCH,36123
OH,ADAMS,MATCH,39001
OH,ALLEN,MATCH,39003
OH,ASHLAND,MATCH,39005
OH,ASHTABULA,MATCH,39007
OH,ATHENS,MATCH,39009
OH,AUGLAIZE,MATCH,39011
OH,BELMONT,MATCH,39013
OH,BROWN,MATCH,39015
OH,BUTLER,MATCH,39017
OH,CARROLL,MATCH,39019
OH,CHAMPAIGN,MATCH,39021
OH,CLARK,MATCH,39023
OH,CLERMONT,MATCH,39025
OH,CLINTON,MATCH,39027
OH,COLUMBIANA,MATCH,39029
OH,COSHOCTON,MATCH,39031
OH,CRAWFORD,MATCH,39033
OH,CUYAHOGA,MATCH,39035
OH,DARKE,MATCH,39037
OH,DEFIANCE,MATCH,39039
OH,DELAWARE,MATCH,39041
OH,ERIE,MATCH,39043
OH,FAIRFIELD,MATCH,39045
OH,FAYETTE,MATCH,39047
OH,FRANKLIN,MATCH,39049
OH,FULTON,MATCH,39051
OH,GALLIA,MATCH,39053
OH,GEAUGA,MATCH,39055
OH,GREENE,MATCH,39057
OH,GUERNSEY,MATCH,39059
OH,HAMILTON,MATCH,39061
OH,HANCOCK,MATCH,39063
OH,HARDIN,MATCH,39065
OH,HARRISON,MATCH,39067
OH,HENRY,MATCH,39069
OH,HIGHLAND,MATCH,39071
OH,HOCKING,MATCH,39073
OH,HOLMES,MATCH,39075
OH,HURON,MATCH,39077
OH,JACKSON,MATCH,39079
OH,JEFFERSON,MATCH,39081
OH,KNOX,MATCH,39083
OH,LAKE,MATCH,39085
OH,LAWRENCE,MATCH,39087
OH,LICKING,MATCH,39089
OH,LOGAN,MATCH,39091
OH,LORAIN,MATCH,39093
OH,LUCAS,MATCH,39095
OH,MADISON,MATCH,39097
OH,MAHONING,MATCH,39099
OH,MARION,MATCH,39101
OH,MEDINA,MATCH,39103
OH,MEIGS,MATCH,39105
OH,MERCER,MATCH,39107
OH,MIAMI,MATCH,39109
OH,MONROE,MATCH,39111
OH,MONTGOMERY,MATCH,39113
OH,MORGAN,MATCH,39115
OH,MORROW,MATCH,39117
OH,MUSKINGUM,MATCH,39119
OH,NOBLE,MATCH,39121
OH,OTTAWA,MATCH,39123
OH,PAULDING,MATCH,39125
OH,PERRY,MATCH,39127
OH,PICKAWAY,MATCH,39129
OH,PIKE,MATCH,39131
OH,PORTAGE,MATCH,39133
OH,PREBLE,MATCH,39135
OH,PUTNAM,MATCH,39137
OH,RICHLAND,MATCH,39139
OH,ROSS,MATCH,39141
OH,SANDUSKY,MATCH,39143
OH,SCIOTO,MATCH,39145
OH,SENECA,MATCH,39147
OH,SHELBY,MATCH,39149
OH,STARK,MATCH,39151
OH,SUMMIT,MATCH,39153
OH,TRUMBULL,MATCH,39155
OH,TUSCARAWAS,MATCH,39157
OH,UNION,MATCH,39159
OH,VAN WERT,MATCH,39161
OH,VINTON,MATCH,39163
OH,WARREN,MATCH,39165
OH,WASHINGTON,MATCH,39167
OH,WAYNE,MATCH,39169
OH,WILLIAMS,MATCH,39171
OH,WOOD,MATCH,39173
OH,WYANDOT,MATCH,39175
OK,ADAIR,MATCH,40001
OK,ALFALFA,MATCH,40003
OK,ATOKA,MATCH,40005
OK,BEAVER,MATCH,40007
OK,BECKHAM,MATCH,40009
OK,BLAINE,MATCH,40011
OK,BRYAN,MATCH,40013
OK,CADDO,MATCH,40015
OK,CANADIAN,MATCH,40017
OK,CARTER,MATCH,40019
OK,CHEROKEE,MATCH,40021
OK,CHOCTAW,MATCH,40023
OK,CIMARRON,MATCH,40025
OK,CLEVELAND,MATCH,40027
OK,COAL,MATCH,40029
OK,COMANCHE,MATCH,40031
OK,COTTON,MATCH,40033
OK,CRAIG,MATCH,40035
OK,CREEK,MATCH,40037
OK,CUSTER,MATCH,40039
OK,DELAWARE,MATCH,40041
OK,DEWEY,MATCH,40043
OK,ELLIS,MATCH,40045
OK,GARFIELD,MATCH,40047
OK,GARVIN,MATCH,40049
OK,GRADY,MATCH,40051
OK,GRANT,MATCH,40053
OK,GREER,MATCH,40055
OK,HARMON,MATCH,40057
OK,HARPER,MATCH,40059
OK,HASKELL,MATCH,40061
OK,HUGHES,MATCH,40063
OK,JACKSON,MATCH,40065
OK,JEFFERSON,MATCH,40067
OK,JOHNSTON,MATCH,40069
OK,KAY,MATCH,40071
OK,KINGFISHER,MATCH,40073
OK,KIOWA,MATCH,40075
OK,LATIMER,MATCH,40077
OK,LE FLORE,MATCH,40079
OK,LINCOLN,MATCH,40081
OK,LOGAN,MATCH,40083
OK,LOVE,MATCH,40085
OK,MAJOR,MATCH,40093
OK,MARSHALL,MATCH,40095
OK,MAYES,MATCH,40097
OK,MCCLAIN,MATCH,40087
OK,MCCURTAIN,MATCH,40089
OK,MCINTOSH,MATCH,40091
OK,MURRAY,MATCH,40099
OK,MUSKOGEE,MATCH,40101
OK,NOBLE,MATCH,40103
OK,NOWATA,MATCH,40105
OK,OKFUSKEE,MATCH,40107
OK,OKLAHOMA,MATCH,40109
OK,OKMULGEE,MATCH,40111
OK,OSAGE,MATCH,40113
OK,OTTAWA,MATCH,40115
OK,PAWNEE,MATCH,40117
OK,PAYNE,MATCH,40119
OK,PITTSBURG,MATCH,40121
OK,PONTOTOC,MATCH,40123
OK,POTTAWATOMIE,MATCH,40125
OK,PUSHMATAHA,MATCH,40127
OK,ROGER MILLS,MATCH,40129
OK,ROGERS,MATCH,40131
OK,SEMINOLE,MATCH,40133
OK,SEQUOYAH,MATCH,40135
OK,STEPHENS,MATCH,40137
OK,TEXAS,MATCH,40139
OK,TILLMAN,MATCH,40141
OK,TULSA,MATCH,40143
OK,WAGONER,MATCH,40145
OK,WASHINGTON,MATCH,40147
OK,WASHITA,MATCH,40149
OK,WOODS,MATCH,40151
OK,WOODWARD,MATCH,40153
OR,BAKER,MATCH,41001
OR,BENTON,MATCH,41003
OR,CLACKAMAS,MATCH,41005
OR,CLATSOP,MATCH,41007
OR,COLUMBIA,MATCH,41009
OR,COOS,MATCH,41011
OR,CROOK,MATCH,41013
OR,CURRY,MATCH,41015
OR,DESCHUTES,MATCH,41017
OR,DOUGLAS,MATCH,41019
OR,GILLIAM,MATCH,41021
OR,GRANT,MATCH,41023
OR,HARNEY,MATCH,41025
OR,HOOD RIVER,MATCH,41027
OR,JACKSON,MATCH,41029
OR,JEFFERSON,MATCH,41031
OR,JOSEPHINE,MATCH,41033
OR,KLAMATH,MATCH,41035
OR,LAKE,MATCH,41037
OR,LANE,MATCH,41039
OR,LINCOLN,MATCH,41041
OR,LINN,MATCH,41043
OR,MALHEUR,MATCH,41045
OR,MARION,MATCH,41047
OR,MORROW,MATCH,41049
OR,MULTNOMAH,MATCH,41051
OR,POLK,MATCH,41053
OR,SHERMAN,MATCH,41055
OR,TILLAMOOK,MATCH,41057
OR,UMATILLA,MATCH,41059
OR,UNION,MATCH,41061
OR,WALLOWA,MATCH,41063
OR,WASCO,MATCH,41065
OR,WASHINGTON,MATCH,41067
OR,YAMHILL,MATCH,41071
PA,ADAMS,MATCH,42001
PA,ALLEGHENY,MATCH,42003
PA,ARMSTRONG,MATCH,42005
PA,BEAVER,MATCH,42007
PA,BEDFORD,MATCH,42009
PA,BERKS,MATCH,42011
PA,BLAIR,MATCH,42013
PA,BRADFORD,MATCH,42015
PA,BUCKS,MATCH,42017
PA,BUTLER,MATCH,42019
PA,CAMBRIA,MATCH,42021
PA,CAMERON,MATCH,42023
PA,CARBON,MATCH,42025
PA,CENTRE,MATCH,42027
PA,CHESTER,MATCH,42029
PA,CLARION,MATCH,42031
PA,CLEARFIELD,MATCH,42033
PA,CLINTON,MATCH,42035
PA,COLUMBIA,MATCH,42037
PA,CRAWFORD,MATCH,42039
PA,CUMBERLAND,MATCH,42041
PA,DAUPHIN,MATCH,42043
PA,DELAWARE,MATCH,42045
PA,ELK,MATCH,42047
PA,ERIE,MATCH,42049
PA,FAYETTE,MATCH,42051
PA,FOREST,MATCH,42053
PA,FRANKLIN,MATCH,42055
PA,FULTON,MATCH,42057
PA,GREENE,MATCH,42059
PA,HUNTINGDON,MATCH,42061
PA,INDIANA,MATCH,42063
PA,JEFFERSON,MATCH,42065
PA,JUNIATA,MATCH,42067
PA,LACKAWANNA,MATCH,42069
PA,LANCASTER,MATCH,42071
PA,LAWRENCE,MATCH,42073
PA,LEBANON,MATCH,42075
PA,LEHIGH,MATCH,42077
PA,LUZERNE,MATCH,42079
PA,LYCOMING,MATCH,42081
PA,MCKEAN,MATCH,42083
PA,MERCER,MATCH,42085
PA,MIFFLIN,MATCH,42087
PA,MONROE,MATCH,42089
PA,MONTGOMERY,MATCH,42091
PA,MONTOUR,MATCH,42093
PA,NORTHAMPTON,MATCH,42095
PA,NORTHUMBERLAND,MATCH,42097
PA,PERRY,MATCH,42099
PA,PHILADELPHIA,MATCH,42101
PA,PIKE,MATCH,42103
PA,POTTER,MATCH,42105
PA,SCHUYLKILL,MATCH,42107
PA,SNYDER,MATCH,42109
PA,SOMERSET,MATCH,42111
PA,SULLIVAN,MATCH,42113
PA,SUSQUEHANNA,MATCH,42115
PA,TIOGA,MATCH,42117
PA,UNION,MATCH,42119
PA,VENANGO,MATCH,42121
PA,WARREN,MATCH,42123
PA,WASHINGTON,MATCH,42125
PA,WAYNE,MATCH,42127
PA,WESTMORELAND,MATCH,42129
PA,WYOMING,MATCH,42131
PA,YORK,MATCH,42133
RI,BRISTOL,MATCH,44001
RI,KENT,MATCH,44003
RI,NEWPORT,MATCH,44005
RI,PROVIDENCE,MATCH,44007
RI,WASHINGTON,MATCH,44009
SC,ABBEVILLE,MATCH,45001
SC,AIKEN,MATCH,45003
SC,ALLENDALE,MATCH,45005
SC,ANDERSON,MATCH,45007
SC,BAMBERG,MATCH,45009
SC,BARNWELL,MATCH,45011
SC,BEAUFORT,MATCH,45013
SC,BERKELEY,MATCH,45015
SC,CALHOUN,MATCH,45017
SC,CHARLESTON,MATCH,45019
SC,CHEROKEE,MATCH,45021
SC,CHESTER,MATCH,45023
SC,CHESTERFIELD,MATCH,45025
SC,CLARENDON,MATCH,45027
SC,COLLETON,MATCH,45029
SC,DARLINGTON,MATCH,45031
SC,DILLON,MATCH,45033
SC,DORCHESTER,MATCH,45035
SC,EDGEFIELD,MATCH,45037
SC,FAIRFIELD,MATCH,45039
SC,FLORENCE,MATCH,45041
SC,GEORGETOWN,MATCH,45043
SC,GREENVILLE,MATCH,45045
SC,GREENWOOD,MATCH,45047
SC,HAMPTON,MATCH,45049
SC,HORRY,MATCH,45051
SC,JASPER,MATCH,45053
SC,KERSHAW,MATCH,45055
SC,LANCASTER,MATCH,45057
SC,LAURENS,MATCH,45059
SC,LEE,MATCH,45061
SC,LEXINGTON,MATCH,45063
SC,MARION,MATCH,45067
SC,MARLBORO,MATCH,45069
SC,MCCORMICK,MATCH,45065
SC,NEWBERRY,MATCH,45071
SC,OCONEE,MATCH,45073
SC,ORANGEBURG,MATCH,45075
SC,PICKENS,MATCH,45077
SC,RICHLAND,MATCH,45079
SC,SALUDA,MATCH,45081
SC,SPARTANBURG,MATCH,45083
SC,SUMTER,MATCH,45085
SC,UNION,MATCH,45087
SC,WILLIAMSBURG,MATCH,45089
SC,YORK,MATCH,45091
SD,AURORA,MATCH,46003
SD,BEADLE,MATCH,46005
SD,BON HOMME,MATCH,46009
SD,BROOKINGS,MATCH,46011
SD,BROWN,MATCH,46013
SD,BRULE,MATCH,46015
SD,BUTTE,MATCH,46019
SD,CAMPBELL,MATCH,46021
SD,CHARLES MIX,MATCH,46023
SD,CLARK,MATCH,46025
SD,CLAY,MATCH,46027
SD,CODINGTON,MATCH,46029
SD,CORSON,MATCH,46031
SD,CUSTER,MATCH,46033
SD,DAVISON,MATCH,46035
SD,DAY,MATCH,46037
SD,DEUEL,MATCH,46039
SD,DOUGLAS,MATCH,46043
SD,EDMUNDS,MATCH,46045
SD,FALL RIVER,MATCH,46047
SD,FAULK,MATCH,46049
SD,GRANT,MATCH,46051
SD,GREGORY,MATCH,46053
SD,HAAKON,MATCH,46055
SD,HAMLIN,MATCH,46057
SD,HAND,MATCH,46059
SD,HANSON,MATCH,46061
SD,HARDING,MATCH,46063
SD,HUGHES,MATCH,46065
SD,HUTCHINSON,MATCH,46067
SD,HYDE,MATCH,46069
SD,JACKSON,MATCH,46071
SD,JERAULD,MATCH,46073
SD,KINGSBURY,MATCH,46077
SD,LAKE,MATCH,46079
SD,LAWRENCE,MATCH,46081
SD,LINCOLN,MATCH,46083
SD,LYMAN,MATCH,46085
SD,MARSHALL,MATCH,46091
SD,MCCOOK,MATCH,46087
SD,MCPHERSON,MATCH,46089
SD,MEADE,MATCH,46093
SD,MELLETTE,MATCH,46095
SD,MINER,MATCH,46097
SD,MINNEHAHA,MATCH,46099
SD,MOODY,MATCH,46101
SD,OGLALA LAKOTA,MATCH,46102
SD,PENNINGTON,MATCH,46103
SD,PERKINS,MATCH,46105
SD,POTTER,MATCH,46107
SD,ROBERTS,MATCH,46109
SD,SANBORN,MATCH,46111
SD,SPINK,MATCH,46115
SD,TRIPP,MATCH,46123
SD,TURNER,MATCH,46125
SD,UNION,MATCH,46127
SD,WALWORTH,MATCH,46129
SD,YANKTON,MATCH,46135
SD,ZIEBACH,MATCH,46137
TN,ANDERSON,MATCH,47001
TN,BEDFORD,MATCH,47003
TN,BLEDSOE,MATCH,47007
TN,BLOUNT,MATCH,47009
TN,BRADLEY,MATCH,47011
TN,CAMPBELL,MATCH,47013
TN,CANNON,MATCH,47015
TN,CARROLL,MATCH,47017
TN,CARTER,MATCH,47019
TN,CHEATHAM,MATCH,47021
TN,CHESTER,MATCH,47023
TN,CLAIBORNE,MATCH,47025
TN,CLAY,MATCH,47027
TN,COCKE,MATCH,47029
TN,COFFEE,MATCH,47031
TN,CROCKETT,MATCH,47033
TN,CUMBERLAND,MATCH,47035
TN,DAVIDSON,MATCH,47037
TN,DEKALB,MATCH,47041
TN,DICKSON,MATCH,47043
TN,DYER,MATCH,47045
TN,FAYETTE,MATCH,47047
TN,FENTRESS,MATCH,47049
TN,FRANKLIN,MATCH,47051
TN,GIBSON,MATCH,47053
TN,GILES,MATCH,47055
TN,GRAINGER,MATCH,47057
TN,GREENE,MATCH,47059
TN,GRUNDY,MATCH,47061
TN,HAMBLEN,MATCH,47063
TN,HAMILTON,MATCH,47065
TN,HANCOCK,MATCH,47067
TN,HARDEMAN,MATCH,47069
TN,HARDIN,MATCH,47071
TN,HAWKINS,MATCH,47073
TN,HAYWOOD,MATCH,47075
TN,HENRY,MATCH,47079
TN,HICKMAN,MATCH,47081
TN,HOUSTON,MATCH,47083
TN,HUMPHREYS,MATCH,47085
TN,JACKSON,MATCH,47087
TN,JEFFERSON,MATCH,47089
TN,JOHNSON,MATCH,47091
TN,KNOX,MATCH,47093
TN,LAKE,MATCH,47095
TN,LAUDERDALE,MATCH,47097
TN,LAWRENCE,MATCH,47099
TN,LEWIS,MATCH,47101
TN,LINCOLN,MATCH,47103
TN,LOUDON,MATCH,47105
TN,MACON,MATCH,47111
TN,MADISON,MATCH,47113
TN,MARION,MATCH,47115
TN,MARSHALL,MATCH,47117
TN,MAURY,MATCH,47119
TN,MCMINN,MATCH,47107
TN,MCNAIRY,MATCH,47109
TN,MEIGS,MATCH,47121
TN,MONROE,MATCH,47123
TN,MONTGOMERY,MATCH,47125
TN,MOORE,MATCH,47127
TN,MORGAN,MATCH,47129
TN,OBION,MATCH,47131
TN,OVERTON,MATCH,47133
TN,PERRY,MATCH,47135
TN,PICKETT,MATCH,47137
TN,POLK,MATCH,47139
TN,PUTNAM,MATCH,47141
TN,RHEA,MATCH,47143
TN,ROANE,MATCH,47145
TN,ROBERTSON,MATCH,47147
TN,RUTHERFORD,MATCH,47149
TN,SCOTT,MATCH,47151
TN,SEQUATCHIE,MATCH,47153
TN,SEVIER,MATCH,47155
TN,SHELBY,MATCH,47157
TN,SMITH,MATCH,47159
TN,STEWART,MATCH,47161
TN,SULLIVAN,MATCH,47163
TN,SUMNER,MATCH,47165
TN,TIPTON,MATCH,47167
TN,TROUSDALE,MATCH,47169
TN,UNICOI,MATCH,47171
TN,UNION,MATCH,47173
TN,VAN BUREN,MATCH,47175
TN,WARREN,MATCH,47177
TN,WASHINGTON,MATCH,47179
TN,WEAKLEY,MATCH,47183
TN,WHITE,MATCH,47185
TN,WILLIAMSON,MATCH,47187
TN,WILSON,MATCH,47189
TX,ANDERSON,MATCH,48001
TX,ANDREWS,MATCH,48003
TX,ANGELINA,MATCH,48005
TX,ARANSAS,MATCH,48007
TX,ARCHER,MATCH,48009
TX,ARMSTRONG,MATCH,48011
TX,ATASCOSA,MATCH,48013
TX,AUSTIN,MATCH,48015
TX,BAILEY,MATCH,48017
TX,BANDERA,MATCH,48019
TX,BASTROP,MATCH,48021
TX,BAYLOR,MATCH,48023
TX,BEE,MATCH,48025
TX,BELL,MATCH,48027
TX,BEXAR,MATCH,48029
TX,BLANCO,MATCH,48031
TX,BORDEN,MATCH,48033
TX,BOSQUE,MATCH,48035
TX,BOWIE,MATCH,48037
TX,BRAZORIA,MATCH,48039
TX,BRAZOS,MATCH,48041
TX,BREWSTER,MATCH,48043
TX,BRISCOE,MATCH,48045
TX,BROOKS,MATCH,48047
TX,BROWN,MATCH,48049
TX,BURLESON,MATCH,48051
TX,BURNET,MATCH,48053
TX,CALDWELL,MATCH,48055
TX,CALHOUN,MATCH,48057
TX,CALLAHAN,MATCH,48059
TX,CAMERON,MATCH,48061
TX,CAMP,MATCH,48063
TX,CARSON,MATCH,48065
TX,CASS,MATCH,48067
TX,CASTRO,MATCH,48069
TX,CHAMBERS,MATCH,48071
TX,CHEROKEE,MATCH,48073
TX,CHILDRESS,MATCH,48075
TX,CLAY,MATCH,48077
TX,COCHRAN,MATCH,48079
TX,COKE,MATCH,48081
TX,COLEMAN,MATCH,48083
TX,COLLIN,MATCH,48085
TX,COLLINGSWORTH,MATCH,48087
TX,COLORADO,MATCH,48089
TX,COMAL,MATCH,48091
TX,COMANCHE,MATCH,48093
TX,CONCHO,MATCH,48095
TX,COOKE,MATCH,48097
TX,CORYELL,MATCH,48099
TX,COTTLE,MATCH,48101
TX,CRANE,MATCH,48103
TX,CROCKETT,MATCH,48105
TX,CROSBY,MATCH,48107
TX,CULBERSON,MATCH,48109
TX,DALLAM,MATCH,48111
TX,DALLAS,MATCH,48113
TX,DAWSON,MATCH,48115
TX,DEAF SMITH,MATCH,48117
TX,DELTA,MATCH,48119
TX,DENTON,MATCH,48121
TX,DEWITT,MATCH,48123
TX,DICKENS,MATCH,48125
TX,DIMMIT,MATCH,48127
TX,DONLEY,MATCH,48129
TX,DUVAL,MATCH,48131
TX,EASTLAND,MATCH,48133
TX,ECTOR,MATCH,48135
TX,EDWARDS,MATCH,48137
TX,EL PASO,MATCH,48141
TX,ELLIS,MATCH,48139
TX,ERATH,MATCH,48143
TX,FALLS,MATCH,48145
TX,FANNIN,MATCH,48147
TX,FAYETTE,MATCH,48149
TX,FISHER,MATCH,48151
TX,FLOYD,MATCH,48153
TX,FOARD,MATCH,48155
TX,FORT BEND,MATCH,48157
TX,FRANKLIN,MATCH,48159
TX,FREESTONE,MATCH,48161
TX,FRIO,MATCH,48163
TX,GAINES,MATCH,48165
TX,GALVESTON,MATCH,48167
TX,GARZA,MATCH,48169
TX,GILLESPIE,MATCH,48171
TX,GLASSCOCK,MATCH,48173
TX,GOLIAD,MATCH,48175
TX,GONZALES,MATCH,48177
TX,GRAY,MATCH,48179
TX,GRAYSON,MATCH,48181
TX,GREGG,MATCH,48183
TX,GRIMES,MATCH,48185
TX,GUADALUPE,MATCH,48187
TX,HALE,MATCH,48189
TX,HALL,MATCH,48191
TX,HAMILTON,MATCH,48193
TX,HANSFORD,MATCH,48195
TX,HARDEMAN,MATCH,48197
TX,HARDIN,MATCH,48199
TX,HARRIS,MATCH,48201
TX,HARRISON,MATCH,48203
TX,HARTLEY,MATCH,48205
TX,HASKELL,MATCH,48207
TX,HAYS,MATCH,48209
TX,HEMPHILL,MATCH,48211
TX,HENDERSON,MATCH,48213
TX,HIDALGO,MATCH,48215
TX,HILL,MATCH,48217
TX,HOCKLEY,MATCH,48219
TX,HOOD,MATCH,48221
TX,HOPKINS,MATCH,48223
TX,HOUSTON,MATCH,48225
TX,HOWARD,MATCH,48227
TX,HUDSPETH,MATCH,48229
TX,HUNT,MATCH,48231
TX,HUTCHINSON,MATCH,48233
TX,IRION,MATCH,48235
TX,JACK,MATCH,48237
TX,JACKSON,MATCH,48239
TX,JASPER,MATCH,48241
TX,JEFF DAVIS,MATCH,48243
TX,JEFFERSON,MATCH,48245
TX,JIM HOGG,MATCH,48247
TX,JIM WELLS,MATCH,48249
TX,JOHNSON,MATCH,48251
TX,JONES,MATCH,48253
TX,KARNES,MATCH,48255
TX,KAUFMAN,MATCH,48257
TX,KENDALL,MATCH,48259
TX,KENEDY,MATCH,48261
TX,KENT,MATCH,48263
TX,KERR,MATCH,48265
TX,KIMBLE,MATCH,48267
TX,KING,MATCH,48269
TX,KINNEY,MATCH,48271
TX,KLEBERG,MATCH,48273
TX,KNOX,MATCH,48275
TX,LA SALLE,MATCH,48283
TX,LAMAR,MATCH,48277
TX,LAMB,MATCH,48279
TX,LAMPASAS,MATCH,48281
TX,LAVACA,MATCH,48285
TX,LEE,MATCH,48287
TX,LEON,MATCH,48289
TX,LIBERTY,MATCH,48291
TX,LIMESTONE,MATCH,48293
TX,LIPSCOMB,MATCH,48295
TX,LIVE OAK,MATCH,48297
TX,LLANO,MATCH,48299
TX,LOVING,MATCH,48301
TX,LUBBOCK,MATCH,48303
TX,LYNN,MATCH,48305
TX,MADISON,MATCH,48313
TX,MARION,MATCH,48315
TX,MARTIN,MATCH,48317
TX,MASON,MATCH,48319
TX,MATAGORDA,MATCH,48321
TX,MAVERICK,MATCH,48323
TX,MCCULLOCH,MATCH,48307
TX,MCLENNAN,MATCH,48309
TX,MCMULLEN,MATCH,48311
TX,MEDINA,MATCH,48325
TX,MENARD,MATCH,48327
TX,MIDLAND,MATCH,48329
TX,MILAM,MATCH,48331
TX,MILLS,MATCH,48333
TX,MITCHELL,MATCH,48335
TX,MONTAGUE,MATCH,48337
TX,MONTGOMERY,MATCH,48339
TX,MOORE,MATCH,48341
TX,MORRIS,MATCH,48343
TX,MOTLEY,MATCH,48345
TX,NACOGDOCHES,MATCH,48347
TX,NAVARRO,MATCH,48349
TX,NEWTON,MATCH,48351
TX,NOLAN,MATCH,48353
TX,NUECES,MATCH,48355
TX,OCHILTREE,MATCH,48357
TX,OLDHAM,MATCH,48359
TX,ORANGE,MATCH,48361
TX,PALO PINTO,MATCH,48363
TX,PANOLA,MATCH,48365
TX,PARKER,MATCH,48367
TX,PARMER,MATCH,48369
TX,PECOS,MATCH,48371
TX,POLK,MATCH,48373
TX,POTTER,MATCH,48375
TX,PRESIDIO,MATCH,48377
TX,RAINS,MATCH,48379
TX,RANDALL,MATCH,48381
TX,REAGAN,MATCH,48383
TX,REAL,MATCH,48385
TX,RED RIVER,MATCH,48387
TX,REEVES,MATCH,48389
TX,REFUGIO,MATCH,48391
TX,ROBERTS,MATCH,48393
TX,ROBERTSON,MATCH,48395
TX,ROCKWALL,MATCH,48397
TX,RUNNELS,MATCH,48399
TX,RUSK,MATCH,48401
TX,SABINE,MATCH,48403
TX,SAN AUGUSTINE,MATCH,48405
TX,SAN JACINTO,MATCH,48407
TX,SAN PATRICIO,MATCH,48409
TX,SAN SABA,MATCH,48411
TX,SCHLEICHER,MATCH,48413
TX,SCURRY,MATCH,48415
TX,SHACKELFORD,MATCH,48417
TX,SHELBY,MATCH,48419
TX,SHERMAN,MATCH,48421
TX,SMITH,MATCH,48423
TX,SOMERVELL,MATCH,48425
TX,STARR,MATCH,48427
TX,STEPHENS,MATCH,48429
TX,STERLING,MATCH,48431
TX,STONEWALL,MATCH,48433
TX,SUTTON,MATCH,48435
TX,SWISHER,MATCH,48437
TX,TARRANT,MATCH,48439
TX,TAYLOR,MATCH,48441
TX,TERRELL,MATCH,48443
TX,TERRY,MATCH,48445
TX,THROCKMORTON,MATCH,48447
TX,TITUS,MATCH,48449
TX,TOM GREEN,MATCH,48451
TX,TRAVIS,MATCH,48453
TX,TRINITY,MATCH,48455
TX,TYLER,MATCH,48457
TX,UPSHUR,MATCH,48459
TX,UPTON,MATCH,48461
TX,UVALDE,MATCH,48463
TX,VAL VERDE,MATCH,48465
TX,VAN ZANDT,MATCH,48467
TX,VICTORIA,MATCH,48469
TX,WALKER,MATCH,48471
TX,WALLER,MATCH,48473
TX,WARD,MATCH,48475
TX,WASHINGTON,MATCH,48477
TX,WEBB,MATCH,48479
TX,WHARTON,MATCH,48481
TX,WHEELER,MATCH,48483
TX,WICHITA,MATCH,48485
TX,WILBARGER,MATCH,48487
TX,WILLACY,MATCH,48489
TX,WILLIAMSON,MATCH,48491
TX,WILSON,MATCH,48493
TX,WINKLER,MATCH,48495
TX,WISE,MATCH,48497
TX,WOOD,MATCH,48499
TX,YOAKUM,MATCH,48501
TX,YOUNG,MATCH,48503
TX,ZAPATA,MATCH,48505
TX,ZAVALA,MATCH,48507
UT,BEAVER,MATCH,49001
UT,BOX ELDER,MATCH,49003
UT,CACHE,MATCH,49005
UT,CARBON,MATCH,49007
UT,DAGGETT,MATCH,49009
UT,DAVIS,MATCH,49011
UT,DUCHESNE,MATCH,49013
UT,EMERY,MATCH,49015
UT,GARFIELD,MATCH,49017
UT,GRAND,MATCH,49019
UT,IRON,MATCH,49021
UT,JUAB,MATCH,49023
UT,KANE,MATCH,49025
UT,MILLARD,MATCH,49027
UT,MORGAN,MATCH,49029
UT,PIUTE,MATCH,49031
UT,RICH,MATCH,49033
UT,SALT LAKE,MATCH,49035
UT,SAN JUAN,MATCH,49037
UT,SANPETE,MATCH,49039
UT,SEVIER,MATCH,49041
UT,SUMMIT,MATCH,49043
UT,TOOELE,MATCH,49045
UT,UINTAH,MATCH,49047
UT,UTAH,MATCH,49049
UT,WASATCH,MATCH,49051
UT,WASHINGTON,MATCH,49053
UT,WAYNE,MATCH,49055
UT,WEBER,MATCH,49057
VA,ACCOMACK,MATCH,51001
VA,ALBEMARLE,MATCH,51003
VA,ALEXANDRIA,MATCH,51510
VA,ALLEGHANY,MATCH,51005
VA,AMELIA,MATCH,51007
VA,AMHERST,MATCH,51009
VA,APPOMATTOX,MATCH,51011
VA,ARLINGTON,MATCH,51013
VA,AUGUSTA,MATCH,51015
VA,BATH,MATCH,51017
VA,BEDFORD,MATCH,51019
VA,BLAND,MATCH,51021
VA,BOTETOURT,MATCH,51023
VA,BRISTOL,MATCH,51520
VA,BRUNSWICK,MATCH,51025
VA,BUCHANAN,MATCH,51027
VA,BUCKINGHAM,MATCH,51029
VA,BUENA VISTA,MATCH,51530
VA,CAMPBELL,MATCH,51031
VA,CAROLINE,MATCH,51033
VA,CARROLL,MATCH,51035
VA,CHARLES,MATCH,51036
VA,CHARLOTTE,MATCH,51037
VA,CHARLOTTESVILLE,MATCH,51540
VA,CHESAPEAKE,MATCH,51550
VA,CHESTERFIELD,MATCH,51041
VA,CLARKE,MATCH,51043
VA,COLONIAL HEIGHTS,MATCH,51570
VA,COVINGTON,MATCH,51580
VA,CRAIG,MATCH,51045
VA,CULPEPER,MATCH,51047
VA,CUMBERLAND,MATCH,51049
VA,DICKENSON,MATCH,51051
VA,DINWIDDIE,MATCH,51053
VA,EMPORIA,MATCH,51595
VA,ESSEX,MATCH,51057
VA,FAIRFAX,AMBIGUOUS,51059|51600
VA,FALLS CHURCH,MATCH,51610
VA,FAUQUIER,MATCH,51061
VA,FLOYD,MATCH,51063
VA,FLUVANNA,MATCH,51065
VA,FRANKLIN,AMBIGUOUS,51067|51620
VA,FREDERICK,MATCH,51069
VA,FREDERICKSBURG,MATCH,51630
VA,GALAX,MATCH,51640
VA,GILES,MATCH,51071
VA,GLOUCESTER,MATCH,51073
VA,GOOCHLAND,MATCH,51075
VA,GRAYSON,MATCH,51077
VA,GREENE,MATCH,51079
VA,GREENSVILLE,MATCH,51081
VA,HALIFAX,MATCH,51083
VA,HAMPTON,MATCH,51650
VA,HANOVER,MATCH,51085
VA,HARRISONBURG,MATCH,51660
VA,HENRICO,MATCH,51087
VA,HENRY,MATCH,51089
VA,HIGHLAND,MATCH,51091
VA,HOPEWELL,MATCH,51670
VA,ISLE OF WIGHT,MATCH,51093
VA,JAMES,MATCH,51095
VA,KING AND QUEEN,MATCH,51097
VA,KING GEORGE,MATCH,51099
VA,KING WILLIAM,MATCH,51101
VA,LANCASTER,MATCH,51103
VA,LEE,MATCH,51105
VA,LEXINGTON,MATCH,51678
VA,LOUDOUN,MATCH,51107
VA,LOUISA,MATCH,51109
VA,LUNENBURG,MATCH,51111
VA,LYNCHBURG,MATCH,51680
VA,MADISON,MATCH,51113
VA,MANASSAS,MATCH,51683
VA,MANASSAS PARK,MATCH,51685
VA,MATHEWS,MATCH,51115
VA,MECKLENBURG,MATCH,51117
VA,MIDDLESEX,MATCH,51119
VA,MONTGOMERY,MATCH,51121
VA,NELSON,MATCH,51125
VA,NEW KENT,MATCH,51127
VA,NEWPORT NEWS,MATCH,51700
VA,NORFOLK,MATCH,51710
VA,NORTHAMPTON,MATCH,51131
VA,NORTHUMBERLAND,MATCH,51133
VA,NORTON,MATCH,51720
VA,NOTTOWAY,MATCH,51135
VA,ORANGE,MATCH,51137
VA,PAGE,MATCH,51139
VA,PATRICK,MATCH,51141
VA,PETERSBURG,MATCH,51730
VA,PITTSYLVANIA,MATCH,51143
VA,POQUOSON,MATCH,51735
VA,PORTSMOUTH,MATCH,51740
VA,POWHATAN,MATCH,51145
VA,PRINCE EDWARD,MATCH,51147
VA,PRINCE GEORGE,MATCH,51149
VA,PRINCE WILLIAM,MATCH,51153
VA,PULASKI,MATCH,51155
VA,RAPPAHANNOCK,MATCH,51157
VA,RICHMOND,AMBIGUOUS,51159|51760
VA,ROANOKE,AMBIGUOUS,51161|51770
VA,ROCKBRIDGE,MATCH,51163
VA,ROCKINGHAM,MATCH,51165
VA,RUSSELL,MATCH,51167
VA,SALEM,MATCH,51775
VA,SCOTT,MATCH,51169
VA,SHENANDOAH,MATCH,51171
VA,SMYTH,MATCH,51173
VA,SOUTHAMPTON,MATCH,51175
VA,SPOTSYLVANIA,MATCH,51177
VA,STAFFORD,MATCH,51179
VA,STAUNTON,MATCH,51790
VA,SUFFOLK,MATCH,51800
VA,SURRY,MATCH,51181
VA,SUSSEX,MATCH,51183
VA,TAZEWELL,MATCH,51185
VA,VIRGINIA BEACH,MATCH,51810
VA,WARREN,MATCH,51187
VA,WASHINGTON,MATCH,51191
VA,WAYNESBORO,MATCH,51820
VA,WESTMORELAND,MATCH,51193
VA,WILLIAMSBURG,MATCH,51830
VA,WINCHESTER,MATCH,51840
VA,WISE,MATCH,51195
VA,WYTHE,MATCH,51197
VA,YORK,MATCH,51199
VT,ADDISON,MATCH,50001
VT,BENNINGTON,MATCH,50003
VT,CALEDONIA,MATCH,50005
VT,CHITTENDEN,MATCH,50007
VT,ESSEX,MATCH,50009
VT,FRANKLIN,MATCH,50011
VT,GRAND ISLE,MATCH,50013
VT,LAMOILLE,MATCH,50015
VT,ORANGE,MATCH,50017
VT,ORLEANS,MATCH,50019
VT,RUTLAND,MATCH,50021
VT,WASHINGTON,MATCH,50023
VT,WINDHAM,MATCH,50025
VT,WINDSOR,MATCH,50027
WA,ADAMS,MATCH,53001
WA,ASOTIN,MATCH,53003
WA,BENTON,MATCH,53005
WA,CHELAN,MATCH,53007
WA,CLALLAM,MATCH,53009
WA,CLARK,MATCH,53011
WA,COLUMBIA,MATCH,53013
WA,COWLITZ,MATCH,53015
WA,DOUGLAS,MATCH,53017
WA,FERRY,MATCH,53019
WA,FRANKLIN,MATCH,53021
WA,GARFIELD,MATCH,53023
WA,GRANT,MATCH,53025
WA,GRAYS HARBOR,MATCH,53027
WA,ISLAND,MATCH,53029
WA,JEFFERSON,MATCH,53031
WA,KING,MATCH,53033
WA,KITSAP,MATCH,53035
WA,KITTITAS,MATCH,53037
WA,KLICKITAT,MATCH,53039
WA,LEWIS,MATCH,53041
WA,LINCOLN,MATCH,53043
WA,MASON,MATCH,53045
WA,OKANOGAN,MATCH,53047
WA,PACIFIC,MATCH,53049
WA,PEND OREILLE,MATCH,53051
WA,PIERCE,MATCH,53053
WA,SAN JUAN,MATCH,53055
WA,SKAGIT,MATCH,53057
WA,SKAMANIA,MATCH,53059
WA,SNOHOMISH,MATCH,53061
WA,SPOKANE,MATCH,53063
WA,STEVENS,MATCH,53065
WA,THURSTON,MATCH,53067
WA,WALLA WALLA,MATCH,53071
WA,WHATCOM,MATCH,53073
WA,WHITMAN,MATCH,53075
WA,YAKIMA,MATCH,53077
WI,ADAMS,MATCH,55001
WI,ASHLAND,MATCH,55003
WI,BARRON,MATCH,55005
WI,BAYFIELD,MATCH,55007
WI,BROWN,MATCH,55009
WI,BUFFALO,MATCH,55011
WI,BURNETT,MATCH,55013
WI,CALUMET,MATCH,55015
WI,CHIPPEWA,MATCH,55017
WI,CLARK,MATCH,55019
WI,COLUMBIA,MATCH,55021
WI,CRAWFORD,MATCH,55023
WI,DANE,MATCH,55025
WI,DODGE,MATCH,55027
WI,DOOR,MATCH,55029
WI,DOUGLAS,MATCH,55031
WI,DUNN,MATCH,55033
WI,EAU CLAIRE,MATCH,55035
WI,FLORENCE,MATCH,55037
WI,FOND DU LAC,MATCH,55039
WI,FOREST,MATCH,55041
WI,GRANT,MATCH,55043
WI,GREEN,MATCH,55045
WI,GREEN LAKE,MATCH,55047
WI,IOWA,MATCH,55049
WI,IRON,MATCH,55051
WI,JACKSON,MATCH,55053
WI,JEFFERSON,MATCH,55055
WI,JUNEAU,MATCH,55057
WI,KENOSHA,MATCH,55059
WI,KEWAUNEE,MATCH,55061
WI,LA CROSSE,MATCH,55063
WI,LAFAYETTE,MATCH,55065
WI,LANGLADE,MATCH,55067
WI,LINCOLN,MATCH,55069
WI,MANITOWOC,MATCH,55071
WI,MARATHON,MATCH,55073
WI,MARINETTE,MATCH,55075
WI,MARQUETTE,MATCH,55077
WI,MENOMINEE,MATCH,55078
WI,MILWAUKEE,MATCH,55079
WI,MONROE,MATCH,55081
WI,OCONTO,MATCH,55083
WI,ONEIDA,MATCH,55085
WI,OUTAGAMIE,MATCH,55087
WI,OZAUKEE,MATCH,55089
WI,PEPIN,MATCH,55091
WI,PIERCE,MATCH,55093
WI,POLK,MATCH,55095
WI,PORTAGE,MATCH,55097
WI,PRICE,MATCH,55099
WI,RACINE,MATCH,55101
WI,RICHLAND,MATCH,55103
WI,ROCK,MATCH,55105
WI,RUSK,MATCH,55107
WI,SAUK,MATCH,55111
WI,SAWYER,MATCH,55113
WI,SHAWANO,MATCH,55115
WI,SHEBOYGAN,MATCH,55117
WI,ST CROIX,UNMATCHED,
WI,TAYLOR,MATCH,55119
WI,TREMPEALEAU,MATCH,55121
WI,VERNON,MATCH,55123
WI,VILAS,MATCH,55125
WI,WALWORTH,MATCH,55127
WI,WASHBURN,MATCH,55129
WI,WASHINGTON,MATCH,55131
WI,WAUKESHA,MATCH,55133
WI,WAUPACA,MATCH,55135
WI,WAUSHARA,MATCH,55137
WI,WINNEBAGO,MATCH,55139
WI,WOOD,MATCH,55141
WV,BARBOUR,MATCH,54001
WV,BERKELEY,MATCH,54003
WV,BOONE,MATCH,54005
WV,BRAXTON,MATCH,54007
WV,BROOKE,MATCH,54009
WV,CABELL,MATCH,54011
WV,CALHOUN,MATCH,54013
WV,CLAY,MATCH,54015
WV,DODDRIDGE,MATCH,54017
WV,FAYETTE,MATCH,54019
WV,GILMER,MATCH,54021
WV,GRANT,MATCH,54023
WV,GREENBRIER,MATCH,54025
WV,HAMPSHIRE,MATCH,54027
WV,HANCOCK,MATCH,54029
WV,HARDY,MATCH,54031
WV,HARRISON,MATCH,54033
WV,JACKSON,MATCH,54035
WV,JEFFERSON,MATCH,54037
WV,KANAWHA,MATCH,54039
WV,LEWIS,MATCH,54041
WV,LINCOLN,MATCH,54043
WV,LOGAN,MATCH,54045
WV,MARION,MATCH,54049
WV,MARSHALL,MATCH,54051
WV,MASON,MATCH,54053
WV,MCDOWELL,MATCH,54047
WV,MERCER,MATCH,54055
WV,MINERAL,MATCH,54057
WV,MINGO,MATCH,54059
WV,MONONGALIA,MATCH,54061
WV,MONROE,MATCH,54063
WV,MORGAN,MATCH,54065
WV,NICHOLAS,MATCH,54067
WV,OHIO,MATCH,54069
WV,PENDLETON,MATCH,54071
WV,PLEASANTS,MATCH,54073
WV,POCAHONTAS,MATCH,54075
WV,PRESTON,MATCH,54077
WV,PUTNAM,MATCH,54079
WV,RALEIGH,MATCH,54081
WV,RANDOLPH,MATCH,54083
WV,RITCHIE,MATCH,54085
WV,ROANE,MATCH,54087
WV,SUMMERS,MATCH,54089
WV,TAYLOR,MATCH,54091
WV,TUCKER,MATCH,54093
WV,TYLER,MATCH,54095
WV,UPSHUR,MATCH,54097
WV,WAYNE,MATCH,54099
WV,WEBSTER,MATCH,54101
WV,WETZEL,MATCH,54103
WV,WIRT,MATCH,54105
WV,WOOD,MATCH,54107
WV,WYOMING,MATCH,54109
WY,ALBANY,MATCH,56001
WY,BIG HORN,MATCH,56003
WY,CAMPBELL,MATCH,56005
WY,CARBON,MATCH,56007
WY,CONVERSE,MATCH,56009
WY,CROOK,MATCH,56011
WY,FREMONT,MATCH,56013
WY,HOT SPRINGS,MATCH,56017
WY,JOHNSON,MATCH,56019
WY,LARAMIE,MATCH,56021
WY,LINCOLN,MATCH,56023
WY,NATRONA,MATCH,56025
WY,PARK,MATCH,56029
WY,PLATTE,MATCH,56031
WY,SHERIDAN,MATCH,56033
WY,SUBLETTE,MATCH,56035
WY,SWEETWATER,MATCH,56037
WY,TETON,MATCH,56039
WY,UINTA,MATCH,56041
WY,WASHAKIE,MATCH,56043
WY,WESTON,MATCH,56045
